year,state,industry,industry_startups,industry_share,industry_cagr_3y,startups,nsva,startup_growth,startup_cagr_3y,nsva_growth,startup_nsva_ratio,industry_hhi,economic_size_percentile,industry_activity_percentile,underpenetration_gap,underpenetration_score
2025,Andhra Pradesh,AI,45.0,0.06474820143884892,85.93942827232803,695.0,1441786.0,14.686468646864693,22.185576696861542,10.399372728226396,0.0004820410241186972,0.05732016652199681,39.9390243902439,82.39329268292683,-42.454268292682926,25.780189959294436
2025,Andhra Pradesh,AR VR (Augmented + Virtual Reality),2.0,0.0028776978417266188,25.99210498948732,695.0,1441786.0,14.686468646864693,22.185576696861542,10.399372728226396,0.0004820410241186972,0.05732016652199681,39.9390243902439,14.176829268292682,25.76219512195122,66.25961103573044
2025,Andhra Pradesh,Advertising,3.0,0.004316546762589928,14.471424255333186,695.0,1441786.0,14.686468646864693,22.185576696861542,10.399372728226396,0.0004820410241186972,0.05732016652199681,39.9390243902439,21.722560975609756,18.216463414634145,61.78199909543194
2025,Andhra Pradesh,Aeronautics Aerospace & Defence,15.0,0.02158273381294964,35.72088082974532,695.0,1441786.0,14.686468646864693,22.185576696861542,10.399372728226396,0.0004820410241186972,0.05732016652199681,39.9390243902439,58.91768292682927,-18.97865853658537,39.7105382180009
2025,Andhra Pradesh,Agriculture,52.0,0.07482014388489208,16.36699011798588,695.0,1441786.0,14.686468646864693,22.185576696861542,10.399372728226396,0.0004820410241186972,0.05732016652199681,39.9390243902439,85.36585365853658,-45.42682926829268,24.01628222523745
2025,Andhra Pradesh,Airport Operations,2.0,0.0028776978417266188,,695.0,1441786.0,14.686468646864693,22.185576696861542,10.399372728226396,0.0004820410241186972,0.05732016652199681,39.9390243902439,14.176829268292682,25.76219512195122,66.25961103573044
2025,Andhra Pradesh,Animation,1.0,0.0014388489208633094,-20.62994740159002,695.0,1441786.0,14.686468646864693,22.185576696861542,10.399372728226396,0.0004820410241186972,0.05732016652199681,39.9390243902439,4.954268292682927,34.984756097560975,71.73224785165084
2025,Andhra Pradesh,Architecture Interior Design,2.0,0.0028776978417266188,25.99210498948732,695.0,1441786.0,14.686468646864693,22.185576696861542,10.399372728226396,0.0004820410241186972,0.05732016652199681,39.9390243902439,14.176829268292682,25.76219512195122,66.25961103573044
2025,Andhra Pradesh,Automotive,8.0,0.011510791366906475,-25.048764643136913,695.0,1441786.0,14.686468646864693,22.185576696861542,10.399372728226396,0.0004820410241186972,0.05732016652199681,39.9390243902439,42.98780487804878,-3.0487804878048763,49.16327453640887
2025,Andhra Pradesh,Biotechnology,5.0,0.007194244604316547,7.721734501594191,695.0,1441786.0,14.686468646864693,22.185576696861542,10.399372728226396,0.0004820410241186972,0.05732016652199681,39.9390243902439,31.402439024390244,8.536585365853657,56.03799185888738
2025,Andhra Pradesh,Chemicals,3.0,0.004316546762589928,44.22495703074083,695.0,1441786.0,14.686468646864693,22.185576696861542,10.399372728226396,0.0004820410241186972,0.05732016652199681,39.9390243902439,21.722560975609756,18.216463414634145,61.78199909543194
2025,Andhra Pradesh,Computer Vision,1.0,0.0014388489208633094,0.0,695.0,1441786.0,14.686468646864693,22.185576696861542,10.399372728226396,0.0004820410241186972,0.05732016652199681,39.9390243902439,4.954268292682927,34.984756097560975,71.73224785165084
2025,Andhra Pradesh,Construction,58.0,0.08345323741007195,18.336844122387276,695.0,1441786.0,14.686468646864693,22.185576696861542,10.399372728226396,0.0004820410241186972,0.05732016652199681,39.9390243902439,86.89024390243902,-46.951219512195124,23.111714156490272
2025,Andhra Pradesh,Design,2.0,0.0028776978417266188,-20.62994740159002,695.0,1441786.0,14.686468646864693,22.185576696861542,10.399372728226396,0.0004820410241186972,0.05732016652199681,39.9390243902439,14.176829268292682,25.76219512195122,66.25961103573044
2025,Andhra Pradesh,Education,49.0,0.07050359712230216,17.7673606017982,695.0,1441786.0,14.686468646864693,22.185576696861542,10.399372728226396,0.0004820410241186972,0.05732016652199681,39.9390243902439,83.9939024390244,-44.054878048780495,24.8303934871099
2025,Andhra Pradesh,Enterprise Software,13.0,0.01870503597122302,63.032441550291594,695.0,1441786.0,14.686468646864693,22.185576696861542,10.399372728226396,0.0004820410241186972,0.05732016652199681,39.9390243902439,54.420731707317074,-14.481707317073173,42.379014020805066
2025,Andhra Pradesh,Events,4.0,0.0057553956834532375,10.064241629820891,695.0,1441786.0,14.686468646864693,22.185576696861542,10.399372728226396,0.0004820410241186972,0.05732016652199681,39.9390243902439,27.36280487804878,12.57621951219512,58.43509724106739
2025,Andhra Pradesh,Fashion,6.0,0.008633093525179856,44.22495703074083,695.0,1441786.0,14.686468646864693,22.185576696861542,10.399372728226396,0.0004820410241186972,0.05732016652199681,39.9390243902439,34.603658536585364,5.335365853658537,54.13839891451831
2025,Andhra Pradesh,Finance Technology,10.0,0.014388489208633094,0.0,695.0,1441786.0,14.686468646864693,22.185576696861542,10.399372728226396,0.0004820410241186972,0.05732016652199681,39.9390243902439,48.6280487804878,-8.689024390243901,45.816372682044324
2025,Andhra Pradesh,Food & Beverages,44.0,0.06330935251798561,22.39034103416604,695.0,1441786.0,14.686468646864693,22.185576696861542,10.399372728226396,0.0004820410241186972,0.05732016652199681,39.9390243902439,82.01219512195121,-42.07317073170731,26.006331976481235
2025,Andhra Pradesh,Green Technology,8.0,0.011510791366906475,-3.850028646172776,695.0,1441786.0,14.686468646864693,22.185576696861542,10.399372728226396,0.0004820410241186972,0.05732016652199681,39.9390243902439,42.98780487804878,-3.0487804878048763,49.16327453640887
2025,Andhra Pradesh,Healthcare & Lifesciences,66.0,0.09496402877697842,48.880555295382734,695.0,1441786.0,14.686468646864693,22.185576696861542,10.399372728226396,0.0004820410241186972,0.05732016652199681,39.9390243902439,89.78658536585365,-49.84756097560975,21.393034825870647
2025,Andhra Pradesh,House-Hold Services,4.0,0.0057553956834532375,25.99210498948732,695.0,1441786.0,14.686468646864693,22.185576696861542,10.399372728226396,0.0004820410241186972,0.05732016652199681,39.9390243902439,27.36280487804878,12.57621951219512,58.43509724106739
2025,Andhra Pradesh,Human Resources,16.0,0.02302158273381295,38.672254870126935,695.0,1441786.0,14.686468646864693,22.185576696861542,10.399372728226396,0.0004820410241186972,0.05732016652199681,39.9390243902439,60.97560975609756,-21.03658536585366,38.48937132519222
2025,Andhra Pradesh,IT Services,96.0,0.1381294964028777,20.402687581758293,695.0,1441786.0,14.686468646864693,22.185576696861542,10.399372728226396,0.0004820410241186972,0.05732016652199681,39.9390243902439,93.97865853658537,-54.03963414634147,18.905472636815915
2025,Andhra Pradesh,Indic Language Startups,2.0,0.0028776978417266188,25.99210498948732,695.0,1441786.0,14.686468646864693,22.185576696861542,10.399372728226396,0.0004820410241186972,0.05732016652199681,39.9390243902439,14.176829268292682,25.76219512195122,66.25961103573044
2025,Andhra Pradesh,Internet of Things,3.0,0.004316546762589928,-24.60525588708462,695.0,1441786.0,14.686468646864693,22.185576696861542,10.399372728226396,0.0004820410241186972,0.05732016652199681,39.9390243902439,21.722560975609756,18.216463414634145,61.78199909543194
2025,Andhra Pradesh,Logistics,9.0,0.012949640287769784,21.644039911467992,695.0,1441786.0,14.686468646864693,22.185576696861542,10.399372728226396,0.0004820410241186972,0.05732016652199681,39.9390243902439,46.1890243902439,-6.25,47.2636815920398
2025,Andhra Pradesh,Marketing,6.0,0.008633093525179856,14.471424255333186,695.0,1441786.0,14.686468646864693,22.185576696861542,10.399372728226396,0.0004820410241186972,0.05732016652199681,39.9390243902439,34.603658536585364,5.335365853658537,54.13839891451831
2025,Andhra Pradesh,Media & Entertainment,7.0,0.010071942446043165,32.63524026321307,695.0,1441786.0,14.686468646864693,22.185576696861542,10.399372728226396,0.0004820410241186972,0.05732016652199681,39.9390243902439,38.56707317073171,1.3719512195121908,51.78652193577567
2025,Andhra Pradesh,Non- Renewable Energy,3.0,0.004316546762589928,-35.15006827519721,695.0,1441786.0,14.686468646864693,22.185576696861542,10.399372728226396,0.0004820410241186972,0.05732016652199681,39.9390243902439,21.722560975609756,18.216463414634145,61.78199909543194
2025,Andhra Pradesh,Other Specialty Retailers,9.0,0.012949640287769784,108.00838230519041,695.0,1441786.0,14.686468646864693,22.185576696861542,10.399372728226396,0.0004820410241186972,0.05732016652199681,39.9390243902439,46.1890243902439,-6.25,47.2636815920398
2025,Andhra Pradesh,Professional & Commercial Services,20.0,0.02877697841726619,5.566719197800074,695.0,1441786.0,14.686468646864693,22.185576696861542,10.399372728226396,0.0004820410241186972,0.05732016652199681,39.9390243902439,67.60670731707317,-27.667682926829272,34.55450022614202
2025,Andhra Pradesh,Real Estate,7.0,0.010071942446043165,20.507113208761506,695.0,1441786.0,14.686468646864693,22.185576696861542,10.399372728226396,0.0004820410241186972,0.05732016652199681,39.9390243902439,38.56707317073171,1.3719512195121908,51.78652193577567
2025,Andhra Pradesh,Renewable Energy,19.0,0.027338129496402876,23.85623296301709,695.0,1441786.0,14.686468646864693,22.185576696861542,10.399372728226396,0.0004820410241186972,0.05732016652199681,39.9390243902439,66.15853658536585,-26.21951219512195,35.41383989145183
2025,Andhra Pradesh,Retail,14.0,0.02014388489208633,51.82944859378311,695.0,1441786.0,14.686468646864693,22.185576696861542,10.399372728226396,0.0004820410241186972,0.05732016652199681,39.9390243902439,56.40243902439024,-16.46341463414634,41.20307553143375
2025,Andhra Pradesh,Robotics,8.0,0.011510791366906475,58.74010519681994,695.0,1441786.0,14.686468646864693,22.185576696861542,10.399372728226396,0.0004820410241186972,0.05732016652199681,39.9390243902439,42.98780487804878,-3.0487804878048763,49.16327453640887
2025,Andhra Pradesh,Safety,3.0,0.004316546762589928,44.22495703074083,695.0,1441786.0,14.686468646864693,22.185576696861542,10.399372728226396,0.0004820410241186972,0.05732016652199681,39.9390243902439,21.722560975609756,18.216463414634145,61.78199909543194
2025,Andhra Pradesh,Security Solutions,6.0,0.008633093525179856,25.99210498948732,695.0,1441786.0,14.686468646864693,22.185576696861542,10.399372728226396,0.0004820410241186972,0.05732016652199681,39.9390243902439,34.603658536585364,5.335365853658537,54.13839891451831
2025,Andhra Pradesh,Social Impact,3.0,0.004316546762589928,14.471424255333186,695.0,1441786.0,14.686468646864693,22.185576696861542,10.399372728226396,0.0004820410241186972,0.05732016652199681,39.9390243902439,21.722560975609756,18.216463414634145,61.78199909543194
2025,Andhra Pradesh,Social Network,1.0,0.0014388489208633094,-20.62994740159002,695.0,1441786.0,14.686468646864693,22.185576696861542,10.399372728226396,0.0004820410241186972,0.05732016652199681,39.9390243902439,4.954268292682927,34.984756097560975,71.73224785165084
2025,Andhra Pradesh,Sports,1.0,0.0014388489208633094,-20.62994740159002,695.0,1441786.0,14.686468646864693,22.185576696861542,10.399372728226396,0.0004820410241186972,0.05732016652199681,39.9390243902439,4.954268292682927,34.984756097560975,71.73224785165084
2025,Andhra Pradesh,Technology Hardware,22.0,0.031654676258992806,40.10196653276936,695.0,1441786.0,14.686468646864693,22.185576696861542,10.399372728226396,0.0004820410241186972,0.05732016652199681,39.9390243902439,69.8170731707317,-29.878048780487802,33.242876526458616
2025,Andhra Pradesh,Telecommunication & Networking,4.0,0.0057553956834532375,0.0,695.0,1441786.0,14.686468646864693,22.185576696861542,10.399372728226396,0.0004820410241186972,0.05732016652199681,39.9390243902439,27.36280487804878,12.57621951219512,58.43509724106739
2025,Andhra Pradesh,Textiles & Apparel,4.0,0.0057553956834532375,25.99210498948732,695.0,1441786.0,14.686468646864693,22.185576696861542,10.399372728226396,0.0004820410241186972,0.05732016652199681,39.9390243902439,27.36280487804878,12.57621951219512,58.43509724106739
2025,Andhra Pradesh,Toys and Games,3.0,0.004316546762589928,14.471424255333186,695.0,1441786.0,14.686468646864693,22.185576696861542,10.399372728226396,0.0004820410241186972,0.05732016652199681,39.9390243902439,21.722560975609756,18.216463414634145,61.78199909543194
2025,Andhra Pradesh,Transportation & Storage,8.0,0.011510791366906475,4.551591714942038,695.0,1441786.0,14.686468646864693,22.185576696861542,10.399372728226396,0.0004820410241186972,0.05732016652199681,39.9390243902439,42.98780487804878,-3.0487804878048763,49.16327453640887
2025,Andhra Pradesh,Travel & Tourism,9.0,0.012949640287769784,14.471424255333186,695.0,1441786.0,14.686468646864693,22.185576696861542,10.399372728226396,0.0004820410241186972,0.05732016652199681,39.9390243902439,46.1890243902439,-6.25,47.2636815920398
2025,Andhra Pradesh,Waste Management,9.0,0.012949640287769784,44.22495703074083,695.0,1441786.0,14.686468646864693,22.185576696861542,10.399372728226396,0.0004820410241186972,0.05732016652199681,39.9390243902439,46.1890243902439,-6.25,47.2636815920398
2025,Arunachal Pradesh,Agriculture,10.0,0.4,70.99759466766969,25.0,40196.0,92.3076923076923,40.572110883624866,11.854407836153168,0.0006219524330779182,0.1454475308641975,0.8384146341463415,48.6280487804878,-47.78963414634146,22.61420171867933
2025,Arunachal Pradesh,Art & Photography,1.0,0.04,,25.0,40196.0,92.3076923076923,40.572110883624866,11.854407836153168,0.0006219524330779182,0.1454475308641975,0.8384146341463415,4.954268292682927,-4.115853658536585,48.53007688828585
2025,Arunachal Pradesh,Construction,6.0,0.24,44.22495703074083,25.0,40196.0,92.3076923076923,40.572110883624866,11.854407836153168,0.0006219524330779182,0.1454475308641975,0.8384146341463415,34.603658536585364,-33.765243902439025,30.936227951153324
2025,Arunachal Pradesh,Food & Beverages,1.0,0.04,,25.0,40196.0,92.3076923076923,40.572110883624866,11.854407836153168,0.0006219524330779182,0.1454475308641975,0.8384146341463415,4.954268292682927,-4.115853658536585,48.53007688828585
2025,Arunachal Pradesh,Healthcare & Lifesciences,2.0,0.08,,25.0,40196.0,92.3076923076923,40.572110883624866,11.854407836153168,0.0006219524330779182,0.1454475308641975,0.8384146341463415,14.176829268292682,-13.338414634146341,43.057440072365445
2025,Arunachal Pradesh,Logistics,1.0,0.04,,25.0,40196.0,92.3076923076923,40.572110883624866,11.854407836153168,0.0006219524330779182,0.1454475308641975,0.8384146341463415,4.954268292682927,-4.115853658536585,48.53007688828585
2025,Arunachal Pradesh,Pets & Animals,1.0,0.04,,25.0,40196.0,92.3076923076923,40.572110883624866,11.854407836153168,0.0006219524330779182,0.1454475308641975,0.8384146341463415,4.954268292682927,-4.115853658536585,48.53007688828585
2025,Arunachal Pradesh,Social Impact,1.0,0.04,,25.0,40196.0,92.3076923076923,40.572110883624866,11.854407836153168,0.0006219524330779182,0.1454475308641975,0.8384146341463415,4.954268292682927,-4.115853658536585,48.53007688828585
2025,Arunachal Pradesh,Travel & Tourism,1.0,0.04,,25.0,40196.0,92.3076923076923,40.572110883624866,11.854407836153168,0.0006219524330779182,0.1454475308641975,0.8384146341463415,4.954268292682927,-4.115853658536585,48.53007688828585
2025,Arunachal Pradesh,Waste Management,1.0,0.04,,25.0,40196.0,92.3076923076923,40.572110883624866,11.854407836153168,0.0006219524330779182,0.1454475308641975,0.8384146341463415,4.954268292682927,-4.115853658536585,48.53007688828585
2025,Bihar,AI,14.0,0.02040816326530612,67.10993116548616,686.0,969815.0,-18.527315914489307,9.256208162890168,11.778902951641212,0.0007073514020715291,0.07007240790842874,25.07621951219512,56.40243902439024,-31.32621951219512,32.3835368611488
2025,Bihar,AR VR (Augmented + Virtual Reality),2.0,0.0029154518950437317,25.99210498948732,686.0,969815.0,-18.527315914489307,9.256208162890168,11.778902951641212,0.0007073514020715291,0.07007240790842874,25.07621951219512,14.176829268292682,10.899390243902438,57.440072365445495
2025,Bihar,Advertising,8.0,0.011661807580174927,58.74010519681994,686.0,969815.0,-18.527315914489307,9.256208162890168,11.778902951641212,0.0007073514020715291,0.07007240790842874,25.07621951219512,42.98780487804878,-17.911585365853657,40.34373586612393
2025,Bihar,Aeronautics Aerospace & Defence,1.0,0.0014577259475218659,-50.0,686.0,969815.0,-18.527315914489307,9.256208162890168,11.778902951641212,0.0007073514020715291,0.07007240790842874,25.07621951219512,4.954268292682927,20.121951219512194,62.9127091813659
2025,Bihar,Agriculture,61.0,0.08892128279883382,19.218168250677813,686.0,969815.0,-18.527315914489307,9.256208162890168,11.778902951641212,0.0007073514020715291,0.07007240790842874,25.07621951219512,87.65243902439023,-62.57621951219511,13.839891451831754
2025,Bihar,Analytics,4.0,0.0058309037900874635,58.74010519681994,686.0,969815.0,-18.527315914489307,9.256208162890168,11.778902951641212,0.0007073514020715291,0.07007240790842874,25.07621951219512,27.36280487804878,-2.286585365853661,49.61555857078245
2025,Bihar,Architecture Interior Design,3.0,0.004373177842565598,44.22495703074083,686.0,969815.0,-18.527315914489307,9.256208162890168,11.778902951641212,0.0007073514020715291,0.07007240790842874,25.07621951219512,21.722560975609756,3.353658536585364,52.96246042514699
2025,Bihar,Automotive,12.0,0.01749271137026239,-2.6328111832561674,686.0,969815.0,-18.527315914489307,9.256208162890168,11.778902951641212,0.0007073514020715291,0.07007240790842874,25.07621951219512,52.97256097560976,-27.89634146341464,34.418815015829935
2025,Bihar,Biotechnology,2.0,0.0029154518950437317,0.0,686.0,969815.0,-18.527315914489307,9.256208162890168,11.778902951641212,0.0007073514020715291,0.07007240790842874,25.07621951219512,14.176829268292682,10.899390243902438,57.440072365445495
2025,Bihar,Chemicals,2.0,0.0029154518950437317,-12.64195352637011,686.0,969815.0,-18.527315914489307,9.256208162890168,11.778902951641212,0.0007073514020715291,0.07007240790842874,25.07621951219512,14.176829268292682,10.899390243902438,57.440072365445495
2025,Bihar,Construction,134.0,0.19533527696793002,10.617337559120866,686.0,969815.0,-18.527315914489307,9.256208162890168,11.778902951641212,0.0007073514020715291,0.07007240790842874,25.07621951219512,96.1890243902439,-71.11280487804878,8.774310266847579
2025,Bihar,Design,2.0,0.0029154518950437317,25.99210498948732,686.0,969815.0,-18.527315914489307,9.256208162890168,11.778902951641212,0.0007073514020715291,0.07007240790842874,25.07621951219512,14.176829268292682,10.899390243902438,57.440072365445495
2025,Bihar,Education,48.0,0.06997084548104957,10.064241629820891,686.0,969815.0,-18.527315914489307,9.256208162890168,11.778902951641212,0.0007073514020715291,0.07007240790842874,25.07621951219512,83.53658536585365,-58.46036585365853,16.28222523744912
2025,Bihar,Enterprise Software,7.0,0.01020408163265306,20.507113208761506,686.0,969815.0,-18.527315914489307,9.256208162890168,11.778902951641212,0.0007073514020715291,0.07007240790842874,25.07621951219512,38.56707317073171,-13.49085365853659,42.96698326549072
2025,Bihar,Events,2.0,0.0029154518950437317,0.0,686.0,969815.0,-18.527315914489307,9.256208162890168,11.778902951641212,0.0007073514020715291,0.07007240790842874,25.07621951219512,14.176829268292682,10.899390243902438,57.440072365445495
2025,Bihar,Fashion,7.0,0.01020408163265306,20.507113208761506,686.0,969815.0,-18.527315914489307,9.256208162890168,11.778902951641212,0.0007073514020715291,0.07007240790842874,25.07621951219512,38.56707317073171,-13.49085365853659,42.96698326549072
2025,Bihar,Finance Technology,19.0,0.027696793002915453,13.48455252486973,686.0,969815.0,-18.527315914489307,9.256208162890168,11.778902951641212,0.0007073514020715291,0.07007240790842874,25.07621951219512,66.15853658536585,-41.08231707317073,26.594301221166894
2025,Bihar,Food & Beverages,48.0,0.06997084548104957,18.28992229188444,686.0,969815.0,-18.527315914489307,9.256208162890168,11.778902951641212,0.0007073514020715291,0.07007240790842874,25.07621951219512,83.53658536585365,-58.46036585365853,16.28222523744912
2025,Bihar,Green Technology,2.0,0.0029154518950437317,-34.13662439916505,686.0,969815.0,-18.527315914489307,9.256208162890168,11.778902951641212,0.0007073514020715291,0.07007240790842874,25.07621951219512,14.176829268292682,10.899390243902438,57.440072365445495
2025,Bihar,Healthcare & Lifesciences,47.0,0.06851311953352769,5.522714724507494,686.0,969815.0,-18.527315914489307,9.256208162890168,11.778902951641212,0.0007073514020715291,0.07007240790842874,25.07621951219512,82.92682926829268,-57.850609756097555,16.64405246494799
2025,Bihar,House-Hold Services,6.0,0.008746355685131196,25.99210498948732,686.0,969815.0,-18.527315914489307,9.256208162890168,11.778902951641212,0.0007073514020715291,0.07007240790842874,25.07621951219512,34.603658536585364,-9.527439024390244,45.31886024423338
2025,Bihar,Human Resources,26.0,0.037900874635568516,20.123329994304417,686.0,969815.0,-18.527315914489307,9.256208162890168,11.778902951641212,0.0007073514020715291,0.07007240790842874,25.07621951219512,73.09451219512195,-48.01829268292683,22.478516508367257
2025,Bihar,IT Services,52.0,0.07580174927113703,15.21476602058922,686.0,969815.0,-18.527315914489307,9.256208162890168,11.778902951641212,0.0007073514020715291,0.07007240790842874,25.07621951219512,85.36585365853658,-60.289634146341456,15.19674355495251
2025,Bihar,Indic Language Startups,1.0,0.0014577259475218659,0.0,686.0,969815.0,-18.527315914489307,9.256208162890168,11.778902951641212,0.0007073514020715291,0.07007240790842874,25.07621951219512,4.954268292682927,20.121951219512194,62.9127091813659
2025,Bihar,Internet of Things,5.0,0.007288629737609329,18.56311014966876,686.0,969815.0,-18.527315914489307,9.256208162890168,11.778902951641212,0.0007073514020715291,0.07007240790842874,25.07621951219512,31.402439024390244,-6.326219512195124,47.218453188602446
2025,Bihar,Logistics,5.0,0.007288629737609329,70.99759466766969,686.0,969815.0,-18.527315914489307,9.256208162890168,11.778902951641212,0.0007073514020715291,0.07007240790842874,25.07621951219512,31.402439024390244,-6.326219512195124,47.218453188602446
2025,Bihar,Marketing,7.0,0.01020408163265306,11.868894208139679,686.0,969815.0,-18.527315914489307,9.256208162890168,11.778902951641212,0.0007073514020715291,0.07007240790842874,25.07621951219512,38.56707317073171,-13.49085365853659,42.96698326549072
2025,Bihar,Media & Entertainment,8.0,0.011661807580174927,16.96070952851465,686.0,969815.0,-18.527315914489307,9.256208162890168,11.778902951641212,0.0007073514020715291,0.07007240790842874,25.07621951219512,42.98780487804878,-17.911585365853657,40.34373586612393
2025,Bihar,Non- Renewable Energy,2.0,0.0029154518950437317,-41.51964523574267,686.0,969815.0,-18.527315914489307,9.256208162890168,11.778902951641212,0.0007073514020715291,0.07007240790842874,25.07621951219512,14.176829268292682,10.899390243902438,57.440072365445495
2025,Bihar,Other Specialty Retailers,4.0,0.0058309037900874635,10.064241629820891,686.0,969815.0,-18.527315914489307,9.256208162890168,11.778902951641212,0.0007073514020715291,0.07007240790842874,25.07621951219512,27.36280487804878,-2.286585365853661,49.61555857078245
2025,Bihar,Pets & Animals,2.0,0.0029154518950437317,25.99210498948732,686.0,969815.0,-18.527315914489307,9.256208162890168,11.778902951641212,0.0007073514020715291,0.07007240790842874,25.07621951219512,14.176829268292682,10.899390243902438,57.440072365445495
2025,Bihar,Professional & Commercial Services,19.0,0.027696793002915453,-17.632055554628234,686.0,969815.0,-18.527315914489307,9.256208162890168,11.778902951641212,0.0007073514020715291,0.07007240790842874,25.07621951219512,66.15853658536585,-41.08231707317073,26.594301221166894
2025,Bihar,Real Estate,13.0,0.018950437317784258,13.040381433805548,686.0,969815.0,-18.527315914489307,9.256208162890168,11.778902951641212,0.0007073514020715291,0.07007240790842874,25.07621951219512,54.420731707317074,-29.344512195121954,33.559475350520124
2025,Bihar,Renewable Energy,22.0,0.03206997084548105,16.260329205681458,686.0,969815.0,-18.527315914489307,9.256208162890168,11.778902951641212,0.0007073514020715291,0.07007240790842874,25.07621951219512,69.8170731707317,-44.74085365853658,24.42333785617368
2025,Bihar,Retail,19.0,0.027696793002915453,28.283371042560155,686.0,969815.0,-18.527315914489307,9.256208162890168,11.778902951641212,0.0007073514020715291,0.07007240790842874,25.07621951219512,66.15853658536585,-41.08231707317073,26.594301221166894
2025,Bihar,Robotics,2.0,0.0029154518950437317,25.99210498948732,686.0,969815.0,-18.527315914489307,9.256208162890168,11.778902951641212,0.0007073514020715291,0.07007240790842874,25.07621951219512,14.176829268292682,10.899390243902438,57.440072365445495
2025,Bihar,Safety,4.0,0.0058309037900874635,58.74010519681994,686.0,969815.0,-18.527315914489307,9.256208162890168,11.778902951641212,0.0007073514020715291,0.07007240790842874,25.07621951219512,27.36280487804878,-2.286585365853661,49.61555857078245
2025,Bihar,Security Solutions,12.0,0.01749271137026239,6.265856918261115,686.0,969815.0,-18.527315914489307,9.256208162890168,11.778902951641212,0.0007073514020715291,0.07007240790842874,25.07621951219512,52.97256097560976,-27.89634146341464,34.418815015829935
2025,Bihar,Social Impact,7.0,0.01020408163265306,32.63524026321307,686.0,969815.0,-18.527315914489307,9.256208162890168,11.778902951641212,0.0007073514020715291,0.07007240790842874,25.07621951219512,38.56707317073171,-13.49085365853659,42.96698326549072
2025,Bihar,Social Network,2.0,0.0029154518950437317,0.0,686.0,969815.0,-18.527315914489307,9.256208162890168,11.778902951641212,0.0007073514020715291,0.07007240790842874,25.07621951219512,14.176829268292682,10.899390243902438,57.440072365445495
2025,Bihar,Sports,3.0,0.004373177842565598,44.22495703074083,686.0,969815.0,-18.527315914489307,9.256208162890168,11.778902951641212,0.0007073514020715291,0.07007240790842874,25.07621951219512,21.722560975609756,3.353658536585364,52.96246042514699
2025,Bihar,Technology Hardware,8.0,0.011661807580174927,0.0,686.0,969815.0,-18.527315914489307,9.256208162890168,11.778902951641212,0.0007073514020715291,0.07007240790842874,25.07621951219512,42.98780487804878,-17.911585365853657,40.34373586612393
2025,Bihar,Telecommunication & Networking,1.0,0.0014577259475218659,-47.72420414252898,686.0,969815.0,-18.527315914489307,9.256208162890168,11.778902951641212,0.0007073514020715291,0.07007240790842874,25.07621951219512,4.954268292682927,20.121951219512194,62.9127091813659
2025,Bihar,Textiles & Apparel,10.0,0.014577259475218658,18.56311014966876,686.0,969815.0,-18.527315914489307,9.256208162890168,11.778902951641212,0.0007073514020715291,0.07007240790842874,25.07621951219512,48.6280487804878,-23.551829268292682,36.99683401175939
2025,Bihar,Toys and Games,1.0,0.0014577259475218659,,686.0,969815.0,-18.527315914489307,9.256208162890168,11.778902951641212,0.0007073514020715291,0.07007240790842874,25.07621951219512,4.954268292682927,20.121951219512194,62.9127091813659
2025,Bihar,Transportation & Storage,6.0,0.008746355685131196,0.0,686.0,969815.0,-18.527315914489307,9.256208162890168,11.778902951641212,0.0007073514020715291,0.07007240790842874,25.07621951219512,34.603658536585364,-9.527439024390244,45.31886024423338
2025,Bihar,Travel & Tourism,7.0,0.01020408163265306,32.63524026321307,686.0,969815.0,-18.527315914489307,9.256208162890168,11.778902951641212,0.0007073514020715291,0.07007240790842874,25.07621951219512,38.56707317073171,-13.49085365853659,42.96698326549072
2025,Bihar,Waste Management,7.0,0.01020408163265306,11.868894208139679,686.0,969815.0,-18.527315914489307,9.256208162890168,11.778902951641212,0.0007073514020715291,0.07007240790842874,25.07621951219512,38.56707317073171,-13.49085365853659,42.96698326549072
2025,Gujarat,AI,64.0,0.024691358024691357,70.11614811319606,2592.0,2295700.0,-24.73867595818815,4.337346049570767,10.110849494387985,0.001129067386853683,0.046962335882156384,71.1890243902439,88.64329268292683,-17.454268292682926,40.61510628674807
2025,Gujarat,AR VR (Augmented + Virtual Reality),7.0,0.002700617283950617,-13.986137246278185,2592.0,2295700.0,-24.73867595818815,4.337346049570767,10.110849494387985,0.001129067386853683,0.046962335882156384,71.1890243902439,38.56707317073171,32.62195121951219,70.33016734509272
2025,Gujarat,Advertising,10.0,0.0038580246913580245,7.721734501594191,2592.0,2295700.0,-24.73867595818815,4.337346049570767,10.110849494387985,0.001129067386853683,0.046962335882156384,71.1890243902439,48.6280487804878,22.5609756097561,64.36001809136138
2025,Gujarat,Aeronautics Aerospace & Defence,17.0,0.006558641975308642,-1.8872447186110586,2592.0,2295700.0,-24.73867595818815,4.337346049570767,10.110849494387985,0.001129067386853683,0.046962335882156384,71.1890243902439,63.1859756097561,8.003048780487802,55.72139303482587
2025,Gujarat,Agriculture,180.0,0.06944444444444445,3.788414202574586,2592.0,2295700.0,-24.73867595818815,4.337346049570767,10.110849494387985,0.001129067386853683,0.046962335882156384,71.1890243902439,97.40853658536585,-26.21951219512195,35.41383989145183
2025,Gujarat,Airport Operations,1.0,0.00038580246913580245,,2592.0,2295700.0,-24.73867595818815,4.337346049570767,10.110849494387985,0.001129067386853683,0.046962335882156384,71.1890243902439,4.954268292682927,66.23475609756098,90.2758932609679
2025,Gujarat,Analytics,9.0,0.003472222222222222,0.0,2592.0,2295700.0,-24.73867595818815,4.337346049570767,10.110849494387985,0.001129067386853683,0.046962335882156384,71.1890243902439,46.1890243902439,25.0,65.80732700135685
2025,Gujarat,Animation,1.0,0.00038580246913580245,-20.62994740159002,2592.0,2295700.0,-24.73867595818815,4.337346049570767,10.110849494387985,0.001129067386853683,0.046962335882156384,71.1890243902439,4.954268292682927,66.23475609756098,90.2758932609679
2025,Gujarat,Architecture Interior Design,16.0,0.006172839506172839,7.166457967424877,2592.0,2295700.0,-24.73867595818815,4.337346049570767,10.110849494387985,0.001129067386853683,0.046962335882156384,71.1890243902439,60.97560975609756,10.21341463414634,57.03301673450927
2025,Gujarat,Art & Photography,6.0,0.0023148148148148147,-9.143970358393016,2592.0,2295700.0,-24.73867595818815,4.337346049570767,10.110849494387985,0.001129067386853683,0.046962335882156384,71.1890243902439,34.603658536585364,36.58536585365854,72.68204432383537
2025,Gujarat,Automotive,62.0,0.023919753086419752,-2.0624464401139964,2592.0,2295700.0,-24.73867595818815,4.337346049570767,10.110849494387985,0.001129067386853683,0.046962335882156384,71.1890243902439,87.8810975609756,-16.692073170731703,41.067390321121664
2025,Gujarat,Biotechnology,9.0,0.003472222222222222,14.471424255333186,2592.0,2295700.0,-24.73867595818815,4.337346049570767,10.110849494387985,0.001129067386853683,0.046962335882156384,71.1890243902439,46.1890243902439,25.0,65.80732700135685
2025,Gujarat,Chemicals,63.0,0.024305555555555556,-3.451061539437028,2592.0,2295700.0,-24.73867595818815,4.337346049570767,10.110849494387985,0.001129067386853683,0.046962335882156384,71.1890243902439,88.1859756097561,-16.996951219512198,40.886476707372225
2025,Gujarat,Computer Vision,4.0,0.0015432098765432098,10.064241629820891,2592.0,2295700.0,-24.73867595818815,4.337346049570767,10.110849494387985,0.001129067386853683,0.046962335882156384,71.1890243902439,27.36280487804878,43.826219512195124,76.97874265038445
2025,Gujarat,Construction,182.0,0.07021604938271606,16.87514935933374,2592.0,2295700.0,-24.73867595818815,4.337346049570767,10.110849494387985,0.001129067386853683,0.046962335882156384,71.1890243902439,97.71341463414635,-26.524390243902445,35.23292627770239
2025,Gujarat,Design,20.0,0.007716049382716049,115.44346900318838,2592.0,2295700.0,-24.73867595818815,4.337346049570767,10.110849494387985,0.001129067386853683,0.046962335882156384,71.1890243902439,67.60670731707317,3.582317073170728,53.09814563545907
2025,Gujarat,Education,64.0,0.024691358024691357,-2.9428998718965427,2592.0,2295700.0,-24.73867595818815,4.337346049570767,10.110849494387985,0.001129067386853683,0.046962335882156384,71.1890243902439,88.64329268292683,-17.454268292682926,40.61510628674807
2025,Gujarat,Enterprise Software,32.0,0.012345679012345678,2.174590985807079,2592.0,2295700.0,-24.73867595818815,4.337346049570767,10.110849494387985,0.001129067386853683,0.046962335882156384,71.1890243902439,76.67682926829268,-5.487804878048777,47.71596562641339
2025,Gujarat,Events,9.0,0.003472222222222222,21.644039911467992,2592.0,2295700.0,-24.73867595818815,4.337346049570767,10.110849494387985,0.001129067386853683,0.046962335882156384,71.1890243902439,46.1890243902439,25.0,65.80732700135685
2025,Gujarat,Fashion,88.0,0.033950617283950615,15.576429093134902,2592.0,2295700.0,-24.73867595818815,4.337346049570767,10.110849494387985,0.001129067386853683,0.046962335882156384,71.1890243902439,92.53048780487805,-21.34146341463415,38.308457711442784
2025,Gujarat,Finance Technology,60.0,0.023148148148148147,-1.6131853193803058,2592.0,2295700.0,-24.73867595818815,4.337346049570767,10.110849494387985,0.001129067386853683,0.046962335882156384,71.1890243902439,87.42378048780488,-16.234756097560975,41.338760741745816
2025,Gujarat,Food & Beverages,140.0,0.05401234567901234,10.77206971090552,2592.0,2295700.0,-24.73867595818815,4.337346049570767,10.110849494387985,0.001129067386853683,0.046962335882156384,71.1890243902439,96.64634146341463,-25.457317073170728,35.86612392582542
2025,Gujarat,Green Technology,52.0,0.020061728395061727,-3.013899970482148,2592.0,2295700.0,-24.73867595818815,4.337346049570767,10.110849494387985,0.001129067386853683,0.046962335882156384,71.1890243902439,85.36585365853658,-14.176829268292678,42.5599276345545
2025,Gujarat,Healthcare & Lifesciences,262.0,0.10108024691358025,1.439988183148233,2592.0,2295700.0,-24.73867595818815,4.337346049570767,10.110849494387985,0.001129067386853683,0.046962335882156384,71.1890243902439,99.16158536585365,-27.972560975609753,34.37358661239258
2025,Gujarat,House-Hold Services,15.0,0.005787037037037037,-9.143970358393016,2592.0,2295700.0,-24.73867595818815,4.337346049570767,10.110849494387985,0.001129067386853683,0.046962335882156384,71.1890243902439,58.91768292682927,12.271341463414629,58.25418362731796
2025,Gujarat,Human Resources,48.0,0.018518518518518517,25.99210498948732,2592.0,2295700.0,-24.73867595818815,4.337346049570767,10.110849494387985,0.001129067386853683,0.046962335882156384,71.1890243902439,83.53658536585365,-12.347560975609753,43.64540931705111
2025,Gujarat,IT Services,191.0,0.07368827160493827,-3.7191613255157407,2592.0,2295700.0,-24.73867595818815,4.337346049570767,10.110849494387985,0.001129067386853683,0.046962335882156384,71.1890243902439,98.01829268292683,-26.829268292682926,35.052012663952965
2025,Gujarat,Indic Language Startups,6.0,0.0023148148148148147,-18.294205935675624,2592.0,2295700.0,-24.73867595818815,4.337346049570767,10.110849494387985,0.001129067386853683,0.046962335882156384,71.1890243902439,34.603658536585364,36.58536585365854,72.68204432383537
2025,Gujarat,Internet of Things,7.0,0.002700617283950617,-13.986137246278185,2592.0,2295700.0,-24.73867595818815,4.337346049570767,10.110849494387985,0.001129067386853683,0.046962335882156384,71.1890243902439,38.56707317073171,32.62195121951219,70.33016734509272
2025,Gujarat,Logistics,26.0,0.010030864197530864,15.21476602058922,2592.0,2295700.0,-24.73867595818815,4.337346049570767,10.110849494387985,0.001129067386853683,0.046962335882156384,71.1890243902439,73.09451219512195,-1.9054878048780495,49.84170058796924
2025,Gujarat,Marketing,30.0,0.011574074074074073,10.891823393038823,2592.0,2295700.0,-24.73867595818815,4.337346049570767,10.110849494387985,0.001129067386853683,0.046962335882156384,71.1890243902439,75.45731707317073,-4.268292682926827,48.43962008141113
2025,Gujarat,Media & Entertainment,22.0,0.008487654320987654,-12.64195352637011,2592.0,2295700.0,-24.73867595818815,4.337346049570767,10.110849494387985,0.001129067386853683,0.046962335882156384,71.1890243902439,69.8170731707317,1.371951219512198,51.78652193577567
2025,Gujarat,Nanotechnology,4.0,0.0015432098765432098,25.99210498948732,2592.0,2295700.0,-24.73867595818815,4.337346049570767,10.110849494387985,0.001129067386853683,0.046962335882156384,71.1890243902439,27.36280487804878,43.826219512195124,76.97874265038445
2025,Gujarat,Non- Renewable Energy,17.0,0.006558641975308642,-5.273176281409042,2592.0,2295700.0,-24.73867595818815,4.337346049570767,10.110849494387985,0.001129067386853683,0.046962335882156384,71.1890243902439,63.1859756097561,8.003048780487802,55.72139303482587
2025,Gujarat,Other Specialty Retailers,66.0,0.02546296296296296,51.44796595961401,2592.0,2295700.0,-24.73867595818815,4.337346049570767,10.110849494387985,0.001129067386853683,0.046962335882156384,71.1890243902439,89.78658536585365,-18.597560975609753,39.9366802351877
2025,Gujarat,Pets & Animals,3.0,0.0011574074074074073,0.0,2592.0,2295700.0,-24.73867595818815,4.337346049570767,10.110849494387985,0.001129067386853683,0.046962335882156384,71.1890243902439,21.722560975609756,49.46646341463415,80.325644504749
2025,Gujarat,Professional & Commercial Services,190.0,0.07330246913580248,11.790499722613834,2592.0,2295700.0,-24.73867595818815,4.337346049570767,10.110849494387985,0.001129067386853683,0.046962335882156384,71.1890243902439,97.86585365853658,-26.67682926829268,35.14246947082768
2025,Gujarat,Real Estate,28.0,0.010802469135802469,32.63524026321307,2592.0,2295700.0,-24.73867595818815,4.337346049570767,10.110849494387985,0.001129067386853683,0.046962335882156384,71.1890243902439,74.3140243902439,-3.125,49.11804613297151
2025,Gujarat,Renewable Energy,134.0,0.05169753086419753,5.846244030911274,2592.0,2295700.0,-24.73867595818815,4.337346049570767,10.110849494387985,0.001129067386853683,0.046962335882156384,71.1890243902439,96.1890243902439,-25.0,36.13749434644957
2025,Gujarat,Retail,36.0,0.013888888888888888,1.9235467531193207,2592.0,2295700.0,-24.73867595818815,4.337346049570767,10.110849494387985,0.001129067386853683,0.046962335882156384,71.1890243902439,78.8109756097561,-7.621951219512198,46.44957033016735
2025,Gujarat,Robotics,9.0,0.003472222222222222,21.644039911467992,2592.0,2295700.0,-24.73867595818815,4.337346049570767,10.110849494387985,0.001129067386853683,0.046962335882156384,71.1890243902439,46.1890243902439,25.0,65.80732700135685
2025,Gujarat,Safety,10.0,0.0038580246913580245,25.99210498948732,2592.0,2295700.0,-24.73867595818815,4.337346049570767,10.110849494387985,0.001129067386853683,0.046962335882156384,71.1890243902439,48.6280487804878,22.5609756097561,64.36001809136138
2025,Gujarat,Security Solutions,18.0,0.006944444444444444,-1.7860974765877446,2592.0,2295700.0,-24.73867595818815,4.337346049570767,10.110849494387985,0.001129067386853683,0.046962335882156384,71.1890243902439,65.01524390243902,6.173780487804876,54.63591135232926
2025,Gujarat,Social Impact,10.0,0.0038580246913580245,7.721734501594191,2592.0,2295700.0,-24.73867595818815,4.337346049570767,10.110849494387985,0.001129067386853683,0.046962335882156384,71.1890243902439,48.6280487804878,22.5609756097561,64.36001809136138
2025,Gujarat,Social Network,1.0,0.00038580246913580245,-51.92501432308638,2592.0,2295700.0,-24.73867595818815,4.337346049570767,10.110849494387985,0.001129067386853683,0.046962335882156384,71.1890243902439,4.954268292682927,66.23475609756098,90.2758932609679
2025,Gujarat,Sports,7.0,0.002700617283950617,0.0,2592.0,2295700.0,-24.73867595818815,4.337346049570767,10.110849494387985,0.001129067386853683,0.046962335882156384,71.1890243902439,38.56707317073171,32.62195121951219,70.33016734509272
2025,Gujarat,Technology Hardware,115.0,0.04436728395061729,-3.506967132979477,2592.0,2295700.0,-24.73867595818815,4.337346049570767,10.110849494387985,0.001129067386853683,0.046962335882156384,71.1890243902439,95.73170731707317,-24.542682926829272,36.408864767073716
2025,Gujarat,Telecommunication & Networking,16.0,0.006172839506172839,2.174590985807079,2592.0,2295700.0,-24.73867595818815,4.337346049570767,10.110849494387985,0.001129067386853683,0.046962335882156384,71.1890243902439,60.97560975609756,10.21341463414634,57.03301673450927
2025,Gujarat,Textiles & Apparel,96.0,0.037037037037037035,13.30326698854094,2592.0,2295700.0,-24.73867595818815,4.337346049570767,10.110849494387985,0.001129067386853683,0.046962335882156384,71.1890243902439,93.97865853658537,-22.78963414634147,37.449118046132966
2025,Gujarat,Toys and Games,18.0,0.006944444444444444,11.457607795906144,2592.0,2295700.0,-24.73867595818815,4.337346049570767,10.110849494387985,0.001129067386853683,0.046962335882156384,71.1890243902439,65.01524390243902,6.173780487804876,54.63591135232926
2025,Gujarat,Transportation & Storage,31.0,0.011959876543209876,0.0,2592.0,2295700.0,-24.73867595818815,4.337346049570767,10.110849494387985,0.001129067386853683,0.046962335882156384,71.1890243902439,76.0670731707317,-4.878048780487802,48.07779285391226
2025,Gujarat,Travel & Tourism,37.0,0.01427469135802469,11.07406172153178,2592.0,2295700.0,-24.73867595818815,4.337346049570767,10.110849494387985,0.001129067386853683,0.046962335882156384,71.1890243902439,79.4969512195122,-8.307926829268297,46.04251469923111
2025,Gujarat,Waste Management,43.0,0.016589506172839507,19.814528297901845,2592.0,2295700.0,-24.73867595818815,4.337346049570767,10.110849494387985,0.001129067386853683,0.046962335882156384,71.1890243902439,81.5548780487805,-10.365853658536594,44.82134780642243
2025,Jammu & Kashmir,AI,2.0,0.007936507936507936,25.99210498948732,252.0,206673.0,-8.363636363636362,14.020744690430842,8.734058672503053,0.0012193174725290677,0.09117968686792237,4.496951219512195,14.176829268292682,-9.679878048780488,45.228403437358665
2025,Jammu & Kashmir,Aeronautics Aerospace & Defence,1.0,0.003968253968253968,-20.62994740159002,252.0,206673.0,-8.363636363636362,14.020744690430842,8.734058672503053,0.0012193174725290677,0.09117968686792237,4.496951219512195,4.954268292682927,-0.45731707317073145,50.70104025327906
2025,Jammu & Kashmir,Agriculture,20.0,0.07936507936507936,1.724476819110099,252.0,206673.0,-8.363636363636362,14.020744690430842,8.734058672503053,0.0012193174725290677,0.09117968686792237,4.496951219512195,67.60670731707317,-63.109756097560975,13.523292627770237
2025,Jammu & Kashmir,Analytics,1.0,0.003968253968253968,,252.0,206673.0,-8.363636363636362,14.020744690430842,8.734058672503053,0.0012193174725290677,0.09117968686792237,4.496951219512195,4.954268292682927,-0.45731707317073145,50.70104025327906
2025,Jammu & Kashmir,Architecture Interior Design,1.0,0.003968253968253968,0.0,252.0,206673.0,-8.363636363636362,14.020744690430842,8.734058672503053,0.0012193174725290677,0.09117968686792237,4.496951219512195,4.954268292682927,-0.45731707317073145,50.70104025327906
2025,Jammu & Kashmir,Art & Photography,1.0,0.003968253968253968,0.0,252.0,206673.0,-8.363636363636362,14.020744690430842,8.734058672503053,0.0012193174725290677,0.09117968686792237,4.496951219512195,4.954268292682927,-0.45731707317073145,50.70104025327906
2025,Jammu & Kashmir,Biotechnology,2.0,0.007936507936507936,,252.0,206673.0,-8.363636363636362,14.020744690430842,8.734058672503053,0.0012193174725290677,0.09117968686792237,4.496951219512195,14.176829268292682,-9.679878048780488,45.228403437358665
2025,Jammu & Kashmir,Construction,71.0,0.28174603174603174,17.292044753436684,252.0,206673.0,-8.363636363636362,14.020744690430842,8.734058672503053,0.0012193174725290677,0.09117968686792237,4.496951219512195,90.39634146341463,-85.89939024390243,0.0
2025,Jammu & Kashmir,Design,1.0,0.003968253968253968,0.0,252.0,206673.0,-8.363636363636362,14.020744690430842,8.734058672503053,0.0012193174725290677,0.09117968686792237,4.496951219512195,4.954268292682927,-0.45731707317073145,50.70104025327906
2025,Jammu & Kashmir,Education,19.0,0.07539682539682539,46.84780191517228,252.0,206673.0,-8.363636363636362,14.020744690430842,8.734058672503053,0.0012193174725290677,0.09117968686792237,4.496951219512195,66.15853658536585,-61.661585365853654,14.382632293080055
2025,Jammu & Kashmir,Enterprise Software,3.0,0.011904761904761904,44.22495703074083,252.0,206673.0,-8.363636363636362,14.020744690430842,8.734058672503053,0.0012193174725290677,0.09117968686792237,4.496951219512195,21.722560975609756,-17.225609756097562,40.75079149706015
2025,Jammu & Kashmir,Events,3.0,0.011904761904761904,44.22495703074083,252.0,206673.0,-8.363636363636362,14.020744690430842,8.734058672503053,0.0012193174725290677,0.09117968686792237,4.496951219512195,21.722560975609756,-17.225609756097562,40.75079149706015
2025,Jammu & Kashmir,Fashion,3.0,0.011904761904761904,44.22495703074083,252.0,206673.0,-8.363636363636362,14.020744690430842,8.734058672503053,0.0012193174725290677,0.09117968686792237,4.496951219512195,21.722560975609756,-17.225609756097562,40.75079149706015
2025,Jammu & Kashmir,Food & Beverages,11.0,0.04365079365079365,30.059144685138705,252.0,206673.0,-8.363636363636362,14.020744690430842,8.734058672503053,0.0012193174725290677,0.09117968686792237,4.496951219512195,51.0670731707317,-46.570121951219505,23.33785617367707
2025,Jammu & Kashmir,Green Technology,2.0,0.007936507936507936,0.0,252.0,206673.0,-8.363636363636362,14.020744690430842,8.734058672503053,0.0012193174725290677,0.09117968686792237,4.496951219512195,14.176829268292682,-9.679878048780488,45.228403437358665
2025,Jammu & Kashmir,Healthcare & Lifesciences,11.0,0.04365079365079365,0.0,252.0,206673.0,-8.363636363636362,14.020744690430842,8.734058672503053,0.0012193174725290677,0.09117968686792237,4.496951219512195,51.0670731707317,-46.570121951219505,23.33785617367707
2025,Jammu & Kashmir,House-Hold Services,4.0,0.015873015873015872,,252.0,206673.0,-8.363636363636362,14.020744690430842,8.734058672503053,0.0012193174725290677,0.09117968686792237,4.496951219512195,27.36280487804878,-22.865853658536587,37.40388964269561
2025,Jammu & Kashmir,Human Resources,8.0,0.031746031746031744,16.96070952851465,252.0,206673.0,-8.363636363636362,14.020744690430842,8.734058672503053,0.0012193174725290677,0.09117968686792237,4.496951219512195,42.98780487804878,-38.49085365853658,28.132066938037088
2025,Jammu & Kashmir,IT Services,22.0,0.0873015873015873,11.199004528465784,252.0,206673.0,-8.363636363636362,14.020744690430842,8.734058672503053,0.0012193174725290677,0.09117968686792237,4.496951219512195,69.8170731707317,-65.3201219512195,12.21166892808684
2025,Jammu & Kashmir,Indic Language Startups,4.0,0.015873015873015872,,252.0,206673.0,-8.363636363636362,14.020744690430842,8.734058672503053,0.0012193174725290677,0.09117968686792237,4.496951219512195,27.36280487804878,-22.865853658536587,37.40388964269561
2025,Jammu & Kashmir,Marketing,1.0,0.003968253968253968,-30.663872564936533,252.0,206673.0,-8.363636363636362,14.020744690430842,8.734058672503053,0.0012193174725290677,0.09117968686792237,4.496951219512195,4.954268292682927,-0.45731707317073145,50.70104025327906
2025,Jammu & Kashmir,Media & Entertainment,2.0,0.007936507936507936,-12.64195352637011,252.0,206673.0,-8.363636363636362,14.020744690430842,8.734058672503053,0.0012193174725290677,0.09117968686792237,4.496951219512195,14.176829268292682,-9.679878048780488,45.228403437358665
2025,Jammu & Kashmir,Other Specialty Retailers,3.0,0.011904761904761904,44.22495703074083,252.0,206673.0,-8.363636363636362,14.020744690430842,8.734058672503053,0.0012193174725290677,0.09117968686792237,4.496951219512195,21.722560975609756,-17.225609756097562,40.75079149706015
2025,Jammu & Kashmir,Pets & Animals,1.0,0.003968253968253968,,252.0,206673.0,-8.363636363636362,14.020744690430842,8.734058672503053,0.0012193174725290677,0.09117968686792237,4.496951219512195,4.954268292682927,-0.45731707317073145,50.70104025327906
2025,Jammu & Kashmir,Professional & Commercial Services,12.0,0.047619047619047616,33.88659001643391,252.0,206673.0,-8.363636363636362,14.020744690430842,8.734058672503053,0.0012193174725290677,0.09117968686792237,4.496951219512195,52.97256097560976,-48.47560975609756,22.207146087743098
2025,Jammu & Kashmir,Real Estate,4.0,0.015873015873015872,58.74010519681994,252.0,206673.0,-8.363636363636362,14.020744690430842,8.734058672503053,0.0012193174725290677,0.09117968686792237,4.496951219512195,27.36280487804878,-22.865853658536587,37.40388964269561
2025,Jammu & Kashmir,Renewable Energy,7.0,0.027777777777777776,20.507113208761506,252.0,206673.0,-8.363636363636362,14.020744690430842,8.734058672503053,0.0012193174725290677,0.09117968686792237,4.496951219512195,38.56707317073171,-34.07012195121951,30.755314337403888
2025,Jammu & Kashmir,Retail,2.0,0.007936507936507936,-12.64195352637011,252.0,206673.0,-8.363636363636362,14.020744690430842,8.734058672503053,0.0012193174725290677,0.09117968686792237,4.496951219512195,14.176829268292682,-9.679878048780488,45.228403437358665
2025,Jammu & Kashmir,Security Solutions,2.0,0.007936507936507936,-26.319370027192267,252.0,206673.0,-8.363636363636362,14.020744690430842,8.734058672503053,0.0012193174725290677,0.09117968686792237,4.496951219512195,14.176829268292682,-9.679878048780488,45.228403437358665
2025,Jammu & Kashmir,Social Impact,1.0,0.003968253968253968,0.0,252.0,206673.0,-8.363636363636362,14.020744690430842,8.734058672503053,0.0012193174725290677,0.09117968686792237,4.496951219512195,4.954268292682927,-0.45731707317073145,50.70104025327906
2025,Jammu & Kashmir,Social Network,1.0,0.003968253968253968,,252.0,206673.0,-8.363636363636362,14.020744690430842,8.734058672503053,0.0012193174725290677,0.09117968686792237,4.496951219512195,4.954268292682927,-0.45731707317073145,50.70104025327906
2025,Jammu & Kashmir,Sports,2.0,0.007936507936507936,,252.0,206673.0,-8.363636363636362,14.020744690430842,8.734058672503053,0.0012193174725290677,0.09117968686792237,4.496951219512195,14.176829268292682,-9.679878048780488,45.228403437358665
2025,Jammu & Kashmir,Technology Hardware,2.0,0.007936507936507936,0.0,252.0,206673.0,-8.363636363636362,14.020744690430842,8.734058672503053,0.0012193174725290677,0.09117968686792237,4.496951219512195,14.176829268292682,-9.679878048780488,45.228403437358665
2025,Jammu & Kashmir,Telecommunication & Networking,3.0,0.011904761904761904,14.471424255333186,252.0,206673.0,-8.363636363636362,14.020744690430842,8.734058672503053,0.0012193174725290677,0.09117968686792237,4.496951219512195,21.722560975609756,-17.225609756097562,40.75079149706015
2025,Jammu & Kashmir,Textiles & Apparel,2.0,0.007936507936507936,25.99210498948732,252.0,206673.0,-8.363636363636362,14.020744690430842,8.734058672503053,0.0012193174725290677,0.09117968686792237,4.496951219512195,14.176829268292682,-9.679878048780488,45.228403437358665
2025,Jammu & Kashmir,Toys and Games,1.0,0.003968253968253968,,252.0,206673.0,-8.363636363636362,14.020744690430842,8.734058672503053,0.0012193174725290677,0.09117968686792237,4.496951219512195,4.954268292682927,-0.45731707317073145,50.70104025327906
2025,Jammu & Kashmir,Travel & Tourism,14.0,0.05555555555555555,91.29311827723889,252.0,206673.0,-8.363636363636362,14.020744690430842,8.734058672503053,0.0012193174725290677,0.09117968686792237,4.496951219512195,56.40243902439024,-51.90548780487804,20.171867933061964
2025,Jammu & Kashmir,Waste Management,2.0,0.007936507936507936,25.99210498948732,252.0,206673.0,-8.363636363636362,14.020744690430842,8.734058672503053,0.0012193174725290677,0.09117968686792237,4.496951219512195,14.176829268292682,-9.679878048780488,45.228403437358665
2025,Karnataka,AI,208.0,0.08363490148773622,45.880142011972794,2487.0,2696034.0,-21.619918058619604,-1.0626542093374325,12.962539312227705,0.0009224661113324239,0.04812907781747932,79.34451219512195,98.6280487804878,-19.28353658536585,39.529624604251474
2025,Karnataka,AR VR (Augmented + Virtual Reality),11.0,0.004422999597909127,-7.724115558366041,2487.0,2696034.0,-21.619918058619604,-1.0626542093374325,12.962539312227705,0.0009224661113324239,0.04812907781747932,79.34451219512195,51.0670731707317,28.277439024390247,67.75214834916328
2025,Karnataka,Advertising,17.0,0.006835544833132288,4.260360145884445,2487.0,2696034.0,-21.619918058619604,-1.0626542093374325,12.962539312227705,0.0009224661113324239,0.04812907781747932,79.34451219512195,63.1859756097561,16.15853658536585,60.560832202623246
2025,Karnataka,Aeronautics Aerospace & Defence,50.0,0.02010454362685967,-5.367714092436426,2487.0,2696034.0,-21.619918058619604,-1.0626542093374325,12.962539312227705,0.0009224661113324239,0.04812907781747932,79.34451219512195,84.29878048780488,-4.954268292682926,48.0325644504749
2025,Karnataka,Agriculture,105.0,0.04221954161640531,-5.137464314008189,2487.0,2696034.0,-21.619918058619604,-1.0626542093374325,12.962539312227705,0.0009224661113324239,0.04812907781747932,79.34451219512195,95.1219512195122,-15.777439024390247,41.61013116236997
2025,Karnataka,Analytics,6.0,0.0024125452352231603,-24.60525588708462,2487.0,2696034.0,-21.619918058619604,-1.0626542093374325,12.962539312227705,0.0009224661113324239,0.04812907781747932,79.34451219512195,34.603658536585364,44.74085365853659,77.52148349163275
2025,Karnataka,Animation,3.0,0.0012062726176115801,14.471424255333186,2487.0,2696034.0,-21.619918058619604,-1.0626542093374325,12.962539312227705,0.0009224661113324239,0.04812907781747932,79.34451219512195,21.722560975609756,57.6219512195122,85.16508367254636
2025,Karnataka,Architecture Interior Design,22.0,0.008845999195818254,-1.4708018867451211,2487.0,2696034.0,-21.619918058619604,-1.0626542093374325,12.962539312227705,0.0009224661113324239,0.04812907781747932,79.34451219512195,69.8170731707317,9.527439024390247,56.625961103573054
2025,Karnataka,Art & Photography,9.0,0.0036188178528347406,8.738037300289214,2487.0,2696034.0,-21.619918058619604,-1.0626542093374325,12.962539312227705,0.0009224661113324239,0.04812907781747932,79.34451219512195,46.1890243902439,33.15548780487805,70.64676616915423
2025,Karnataka,Automotive,51.0,0.020506634499396863,-13.573346939020537,2487.0,2696034.0,-21.619918058619604,-1.0626542093374325,12.962539312227705,0.0009224661113324239,0.04812907781747932,79.34451219512195,84.60365853658537,-5.2591463414634205,47.85165083672546
2025,Karnataka,Biotechnology,17.0,0.006835544833132288,-8.23534978515731,2487.0,2696034.0,-21.619918058619604,-1.0626542093374325,12.962539312227705,0.0009224661113324239,0.04812907781747932,79.34451219512195,63.1859756097561,16.15853658536585,60.560832202623246
2025,Karnataka,Chemicals,8.0,0.003216726980297547,-23.685717163111207,2487.0,2696034.0,-21.619918058619604,-1.0626542093374325,12.962539312227705,0.0009224661113324239,0.04812907781747932,79.34451219512195,42.98780487804878,36.35670731707317,72.5463591135233
2025,Karnataka,Computer Vision,2.0,0.0008041817450743868,-12.64195352637011,2487.0,2696034.0,-21.619918058619604,-1.0626542093374325,12.962539312227705,0.0009224661113324239,0.04812907781747932,79.34451219512195,14.176829268292682,65.16768292682927,89.64269561284488
2025,Karnataka,Construction,102.0,0.04101326899879373,6.265856918261115,2487.0,2696034.0,-21.619918058619604,-1.0626542093374325,12.962539312227705,0.0009224661113324239,0.04812907781747932,79.34451219512195,94.89329268292683,-15.548780487804876,41.74581637268204
2025,Karnataka,Dating Matrimonial,1.0,0.0004020908725371934,0.0,2487.0,2696034.0,-21.619918058619604,-1.0626542093374325,12.962539312227705,0.0009224661113324239,0.04812907781747932,79.34451219512195,4.954268292682927,74.39024390243902,95.11533242876527
2025,Karnataka,Design,8.0,0.003216726980297547,-7.168223327744416,2487.0,2696034.0,-21.619918058619604,-1.0626542093374325,12.962539312227705,0.0009224661113324239,0.04812907781747932,79.34451219512195,42.98780487804878,36.35670731707317,72.5463591135233
2025,Karnataka,Education,137.0,0.0550864495375955,-8.18455003484856,2487.0,2696034.0,-21.619918058619604,-1.0626542093374325,12.962539312227705,0.0009224661113324239,0.04812907781747932,79.34451219512195,96.4939024390244,-17.149390243902445,40.79601990049751
2025,Karnataka,Enterprise Software,52.0,0.020908725371934056,-8.101269158731018,2487.0,2696034.0,-21.619918058619604,-1.0626542093374325,12.962539312227705,0.0009224661113324239,0.04812907781747932,79.34451219512195,85.36585365853658,-6.021341463414629,47.399366802351885
2025,Karnataka,Events,14.0,0.0056292722155207075,15.867554829548336,2487.0,2696034.0,-21.619918058619604,-1.0626542093374325,12.962539312227705,0.0009224661113324239,0.04812907781747932,79.34451219512195,56.40243902439024,22.94207317073171,64.58616010854817
2025,Karnataka,Fashion,42.0,0.016887816646562123,6.265856918261115,2487.0,2696034.0,-21.619918058619604,-1.0626542093374325,12.962539312227705,0.0009224661113324239,0.04812907781747932,79.34451219512195,81.09756097560977,-1.7530487804878163,49.932157394843955
2025,Karnataka,Finance Technology,84.0,0.033775633293124246,-11.454878423837101,2487.0,2696034.0,-21.619918058619604,-1.0626542093374325,12.962539312227705,0.0009224661113324239,0.04812907781747932,79.34451219512195,91.84451219512195,-12.5,43.55495251017639
2025,Karnataka,Food & Beverages,158.0,0.06353035786087656,-0.21008465240832663,2487.0,2696034.0,-21.619918058619604,-1.0626542093374325,12.962539312227705,0.0009224661113324239,0.04812907781747932,79.34451219512195,97.2560975609756,-17.911585365853654,40.34373586612393
2025,Karnataka,Green Technology,43.0,0.017289907519099316,-7.311703891312737,2487.0,2696034.0,-21.619918058619604,-1.0626542093374325,12.962539312227705,0.0009224661113324239,0.04812907781747932,79.34451219512195,81.5548780487805,-2.210365853658544,49.6607869742198
2025,Karnataka,Healthcare & Lifesciences,215.0,0.08644953759549658,-5.52880118099247,2487.0,2696034.0,-21.619918058619604,-1.0626542093374325,12.962539312227705,0.0009224661113324239,0.04812907781747932,79.34451219512195,98.78048780487805,-19.4359756097561,39.439167797376754
2025,Karnataka,House-Hold Services,13.0,0.005227181342983514,0.0,2487.0,2696034.0,-21.619918058619604,-1.0626542093374325,12.962539312227705,0.0009224661113324239,0.04812907781747932,79.34451219512195,54.420731707317074,24.923780487804876,65.76209859791949
2025,Karnataka,Human Resources,49.0,0.019702452754322478,-1.9612921092163504,2487.0,2696034.0,-21.619918058619604,-1.0626542093374325,12.962539312227705,0.0009224661113324239,0.04812907781747932,79.34451219512195,83.9939024390244,-4.649390243902445,48.21347806422433
2025,Karnataka,IT Services,337.0,0.1355046240450342,1.846569665346709,2487.0,2696034.0,-21.619918058619604,-1.0626542093374325,12.962539312227705,0.0009224661113324239,0.04812907781747932,79.34451219512195,99.6951219512195,-20.350609756097555,38.89642695612846
2025,Karnataka,Indic Language Startups,10.0,0.004020908725371934,12.624788044360603,2487.0,2696034.0,-21.619918058619604,-1.0626542093374325,12.962539312227705,0.0009224661113324239,0.04812907781747932,79.34451219512195,48.6280487804878,30.71646341463415,69.19945725915876
2025,Karnataka,Internet of Things,17.0,0.006835544833132288,-23.51872695266296,2487.0,2696034.0,-21.619918058619604,-1.0626542093374325,12.962539312227705,0.0009224661113324239,0.04812907781747932,79.34451219512195,63.1859756097561,16.15853658536585,60.560832202623246
2025,Karnataka,Logistics,16.0,0.006433453960595094,13.30326698854094,2487.0,2696034.0,-21.619918058619604,-1.0626542093374325,12.962539312227705,0.0009224661113324239,0.04812907781747932,79.34451219512195,60.97560975609756,18.36890243902439,61.87245590230665
2025,Karnataka,Marketing,34.0,0.013671089666264576,4.260360145884445,2487.0,2696034.0,-21.619918058619604,-1.0626542093374325,12.962539312227705,0.0009224661113324239,0.04812907781747932,79.34451219512195,77.8201219512195,1.5243902439024453,51.876978742650394
2025,Karnataka,Media & Entertainment,24.0,0.009650180940892641,-12.64195352637011,2487.0,2696034.0,-21.619918058619604,-1.0626542093374325,12.962539312227705,0.0009224661113324239,0.04812907781747932,79.34451219512195,72.02743902439023,7.317073170731717,55.314337403889645
2025,Karnataka,Nanotechnology,3.0,0.0012062726176115801,-30.663872564936533,2487.0,2696034.0,-21.619918058619604,-1.0626542093374325,12.962539312227705,0.0009224661113324239,0.04812907781747932,79.34451219512195,21.722560975609756,57.6219512195122,85.16508367254636
2025,Karnataka,Non- Renewable Energy,2.0,0.0008041817450743868,-55.03556869773908,2487.0,2696034.0,-21.619918058619604,-1.0626542093374325,12.962539312227705,0.0009224661113324239,0.04812907781747932,79.34451219512195,14.176829268292682,65.16768292682927,89.64269561284488
2025,Karnataka,Other Specialty Retailers,28.0,0.011258544431041415,29.14320482462449,2487.0,2696034.0,-21.619918058619604,-1.0626542093374325,12.962539312227705,0.0009224661113324239,0.04812907781747932,79.34451219512195,74.3140243902439,5.0304878048780495,53.95748530076888
2025,Karnataka,Others,1.0,0.0004020908725371934,-75.85018079727416,2487.0,2696034.0,-21.619918058619604,-1.0626542093374325,12.962539312227705,0.0009224661113324239,0.04812907781747932,79.34451219512195,4.954268292682927,74.39024390243902,95.11533242876527
2025,Karnataka,Pets & Animals,15.0,0.006031363088057901,7.721734501594191,2487.0,2696034.0,-21.619918058619604,-1.0626542093374325,12.962539312227705,0.0009224661113324239,0.04812907781747932,79.34451219512195,58.91768292682927,20.42682926829268,63.09362279511534
2025,Karnataka,Professional & Commercial Services,92.0,0.036992360273421794,6.575671665233052,2487.0,2696034.0,-21.619918058619604,-1.0626542093374325,12.962539312227705,0.0009224661113324239,0.04812907781747932,79.34451219512195,92.83536585365853,-13.49085365853658,42.96698326549073
2025,Karnataka,Real Estate,53.0,0.021310816244471252,15.948637819501933,2487.0,2696034.0,-21.619918058619604,-1.0626542093374325,12.962539312227705,0.0009224661113324239,0.04812907781747932,79.34451219512195,85.97560975609755,-6.631097560975604,47.03753957485301
2025,Karnataka,Renewable Energy,43.0,0.017289907519099316,3.3081575495288007,2487.0,2696034.0,-21.619918058619604,-1.0626542093374325,12.962539312227705,0.0009224661113324239,0.04812907781747932,79.34451219512195,81.5548780487805,-2.210365853658544,49.6607869742198
2025,Karnataka,Retail,57.0,0.022919179734620022,1.8185790714934313,2487.0,2696034.0,-21.619918058619604,-1.0626542093374325,12.962539312227705,0.0009224661113324239,0.04812907781747932,79.34451219512195,86.66158536585365,-7.317073170731703,46.630483943916786
2025,Karnataka,Robotics,11.0,0.004422999597909127,-2.858721945809062,2487.0,2696034.0,-21.619918058619604,-1.0626542093374325,12.962539312227705,0.0009224661113324239,0.04812907781747932,79.34451219512195,51.0670731707317,28.277439024390247,67.75214834916328
2025,Karnataka,Safety,4.0,0.0016083634901487736,-7.168223327744416,2487.0,2696034.0,-21.619918058619604,-1.0626542093374325,12.962539312227705,0.0009224661113324239,0.04812907781747932,79.34451219512195,27.36280487804878,51.98170731707317,81.81818181818183
2025,Karnataka,Security Solutions,25.0,0.010052271813429835,0.0,2487.0,2696034.0,-21.619918058619604,-1.0626542093374325,12.962539312227705,0.0009224661113324239,0.04812907781747932,79.34451219512195,72.5609756097561,6.783536585365852,54.99773857982814
2025,Karnataka,Social Impact,10.0,0.004020908725371934,-5.896397111897144,2487.0,2696034.0,-21.619918058619604,-1.0626542093374325,12.962539312227705,0.0009224661113324239,0.04812907781747932,79.34451219512195,48.6280487804878,30.71646341463415,69.19945725915876
2025,Karnataka,Social Network,17.0,0.006835544833132288,-5.273176281409042,2487.0,2696034.0,-21.619918058619604,-1.0626542093374325,12.962539312227705,0.0009224661113324239,0.04812907781747932,79.34451219512195,63.1859756097561,16.15853658536585,60.560832202623246
2025,Karnataka,Sports,29.0,0.01166063530357861,38.144978847331615,2487.0,2696034.0,-21.619918058619604,-1.0626542093374325,12.962539312227705,0.0009224661113324239,0.04812907781747932,79.34451219512195,74.84756097560977,4.496951219512184,53.64088647670737
2025,Karnataka,Technology Hardware,84.0,0.033775633293124246,-1.1628961411624283,2487.0,2696034.0,-21.619918058619604,-1.0626542093374325,12.962539312227705,0.0009224661113324239,0.04812907781747932,79.34451219512195,91.84451219512195,-12.5,43.55495251017639
2025,Karnataka,Telecommunication & Networking,17.0,0.006835544833132288,-1.8872447186110586,2487.0,2696034.0,-21.619918058619604,-1.0626542093374325,12.962539312227705,0.0009224661113324239,0.04812907781747932,79.34451219512195,63.1859756097561,16.15853658536585,60.560832202623246
2025,Karnataka,Textiles & Apparel,38.0,0.01527945315641335,2.779188435502311,2487.0,2696034.0,-21.619918058619604,-1.0626542093374325,12.962539312227705,0.0009224661113324239,0.04812907781747932,79.34451219512195,80.03048780487805,-0.685975609756099,50.565355042966985
2025,Karnataka,Toys and Games,15.0,0.006031363088057901,2.3264108093813185,2487.0,2696034.0,-21.619918058619604,-1.0626542093374325,12.962539312227705,0.0009224661113324239,0.04812907781747932,79.34451219512195,58.91768292682927,20.42682926829268,63.09362279511534
2025,Karnataka,Transportation & Storage,22.0,0.008845999195818254,8.974425081854953,2487.0,2696034.0,-21.619918058619604,-1.0626542093374325,12.962539312227705,0.0009224661113324239,0.04812907781747932,79.34451219512195,69.8170731707317,9.527439024390247,56.625961103573054
2025,Karnataka,Travel & Tourism,36.0,0.014475271411338963,6.265856918261115,2487.0,2696034.0,-21.619918058619604,-1.0626542093374325,12.962539312227705,0.0009224661113324239,0.04812907781747932,79.34451219512195,78.8109756097561,0.5335365853658516,51.28900949796472
2025,Karnataka,Waste Management,20.0,0.008041817450743867,1.724476819110099,2487.0,2696034.0,-21.619918058619604,-1.0626542093374325,12.962539312227705,0.0009224661113324239,0.04812907781747932,79.34451219512195,67.60670731707317,11.737804878048777,57.93758480325645
2025,Madhya Pradesh,AI,34.0,0.036055143160127257,69.3532851810357,943.0,1416661.0,-21.02177554438861,1.6432287115958566,10.63610286543446,0.0006656497214224151,0.047673242769539714,32.46951219512195,77.8201219512195,-45.350609756097555,24.06151062867481
2025,Madhya Pradesh,Advertising,5.0,0.005302226935312832,-10.609646490343238,943.0,1416661.0,-21.02177554438861,1.6432287115958566,10.63610286543446,0.0006656497214224151,0.047673242769539714,32.46951219512195,31.402439024390244,1.0670731707317067,51.60560832202623
2025,Madhya Pradesh,Aeronautics Aerospace & Defence,5.0,0.005302226935312832,-14.501202666165147,943.0,1416661.0,-21.02177554438861,1.6432287115958566,10.63610286543446,0.0006656497214224151,0.047673242769539714,32.46951219512195,31.402439024390244,1.0670731707317067,51.60560832202623
2025,Madhya Pradesh,Agriculture,80.0,0.08483563096500531,10.682593040538935,943.0,1416661.0,-21.02177554438861,1.6432287115958566,10.63610286543446,0.0006656497214224151,0.047673242769539714,32.46951219512195,91.46341463414635,-58.993902439024396,15.965626413387602
2025,Madhya Pradesh,Analytics,3.0,0.003181336161187699,0.0,943.0,1416661.0,-21.02177554438861,1.6432287115958566,10.63610286543446,0.0006656497214224151,0.047673242769539714,32.46951219512195,21.722560975609756,10.746951219512194,57.34961555857079
2025,Madhya Pradesh,Animation,3.0,0.003181336161187699,44.22495703074083,943.0,1416661.0,-21.02177554438861,1.6432287115958566,10.63610286543446,0.0006656497214224151,0.047673242769539714,32.46951219512195,21.722560975609756,10.746951219512194,57.34961555857079
2025,Madhya Pradesh,Architecture Interior Design,4.0,0.0042417815482502655,-17.017346663375655,943.0,1416661.0,-21.02177554438861,1.6432287115958566,10.63610286543446,0.0006656497214224151,0.047673242769539714,32.46951219512195,27.36280487804878,5.10670731707317,54.00271370420624
2025,Madhya Pradesh,Automotive,14.0,0.014846235418875928,-16.44503441725692,943.0,1416661.0,-21.02177554438861,1.6432287115958566,10.63610286543446,0.0006656497214224151,0.047673242769539714,32.46951219512195,56.40243902439024,-23.93292682926829,36.77069199457259
2025,Madhya Pradesh,Biotechnology,3.0,0.003181336161187699,,943.0,1416661.0,-21.02177554438861,1.6432287115958566,10.63610286543446,0.0006656497214224151,0.047673242769539714,32.46951219512195,21.722560975609756,10.746951219512194,57.34961555857079
2025,Madhya Pradesh,Chemicals,11.0,0.01166489925768823,0.0,943.0,1416661.0,-21.02177554438861,1.6432287115958566,10.63610286543446,0.0006656497214224151,0.047673242769539714,32.46951219512195,51.0670731707317,-18.597560975609753,39.9366802351877
2025,Madhya Pradesh,Computer Vision,1.0,0.0010604453870625664,0.0,943.0,1416661.0,-21.02177554438861,1.6432287115958566,10.63610286543446,0.0006656497214224151,0.047673242769539714,32.46951219512195,4.954268292682927,27.515243902439025,67.29986431478969
2025,Madhya Pradesh,Construction,93.0,0.09862142099681867,29.32172759105125,943.0,1416661.0,-21.02177554438861,1.6432287115958566,10.63610286543446,0.0006656497214224151,0.047673242769539714,32.46951219512195,92.98780487804879,-60.51829268292684,15.061058344640424
2025,Madhya Pradesh,Dating Matrimonial,1.0,0.0010604453870625664,0.0,943.0,1416661.0,-21.02177554438861,1.6432287115958566,10.63610286543446,0.0006656497214224151,0.047673242769539714,32.46951219512195,4.954268292682927,27.515243902439025,67.29986431478969
2025,Madhya Pradesh,Design,1.0,0.0010604453870625664,0.0,943.0,1416661.0,-21.02177554438861,1.6432287115958566,10.63610286543446,0.0006656497214224151,0.047673242769539714,32.46951219512195,4.954268292682927,27.515243902439025,67.29986431478969
2025,Madhya Pradesh,Education,34.0,0.036055143160127257,-11.469222360841059,943.0,1416661.0,-21.02177554438861,1.6432287115958566,10.63610286543446,0.0006656497214224151,0.047673242769539714,32.46951219512195,77.8201219512195,-45.350609756097555,24.06151062867481
2025,Madhya Pradesh,Enterprise Software,10.0,0.010604453870625663,-3.1270693848535758,943.0,1416661.0,-21.02177554438861,1.6432287115958566,10.63610286543446,0.0006656497214224151,0.047673242769539714,32.46951219512195,48.6280487804878,-16.15853658536585,41.38398914518318
2025,Madhya Pradesh,Events,4.0,0.0042417815482502655,0.0,943.0,1416661.0,-21.02177554438861,1.6432287115958566,10.63610286543446,0.0006656497214224151,0.047673242769539714,32.46951219512195,27.36280487804878,5.10670731707317,54.00271370420624
2025,Madhya Pradesh,Fashion,15.0,0.015906680805938492,7.721734501594191,943.0,1416661.0,-21.02177554438861,1.6432287115958566,10.63610286543446,0.0006656497214224151,0.047673242769539714,32.46951219512195,58.91768292682927,-26.44817073170732,35.27815468113975
2025,Madhya Pradesh,Finance Technology,23.0,0.024390243902439025,1.4927573906107439,943.0,1416661.0,-21.02177554438861,1.6432287115958566,10.63610286543446,0.0006656497214224151,0.047673242769539714,32.46951219512195,71.11280487804879,-38.64329268292684,28.041610131162358
2025,Madhya Pradesh,Food & Beverages,56.0,0.05938494167550371,7.561909734969574,943.0,1416661.0,-21.02177554438861,1.6432287115958566,10.63610286543446,0.0006656497214224151,0.047673242769539714,32.46951219512195,86.35670731707317,-53.88719512195122,18.995929443690635
2025,Madhya Pradesh,Green Technology,16.0,0.016967126193001062,-3.850028646172776,943.0,1416661.0,-21.02177554438861,1.6432287115958566,10.63610286543446,0.0006656497214224151,0.047673242769539714,32.46951219512195,60.97560975609756,-28.50609756097561,34.05698778833107
2025,Madhya Pradesh,Healthcare & Lifesciences,65.0,0.0689289501590668,-5.896397111897144,943.0,1416661.0,-21.02177554438861,1.6432287115958566,10.63610286543446,0.0006656497214224151,0.047673242769539714,32.46951219512195,89.2530487804878,-56.78353658536585,17.27725011307101
2025,Madhya Pradesh,House-Hold Services,8.0,0.008483563096500531,10.064241629820891,943.0,1416661.0,-21.02177554438861,1.6432287115958566,10.63610286543446,0.0006656497214224151,0.047673242769539714,32.46951219512195,42.98780487804878,-10.518292682926827,44.73089099954772
2025,Madhya Pradesh,Human Resources,45.0,0.04772004241781548,-14.893404498733364,943.0,1416661.0,-21.02177554438861,1.6432287115958566,10.63610286543446,0.0006656497214224151,0.047673242769539714,32.46951219512195,82.39329268292683,-49.923780487804876,21.347806422433287
2025,Madhya Pradesh,IT Services,94.0,0.09968186638388123,1.8386458002493944,943.0,1416661.0,-21.02177554438861,1.6432287115958566,10.63610286543446,0.0006656497214224151,0.047673242769539714,32.46951219512195,93.14024390243902,-60.670731707317074,14.970601537765713
2025,Madhya Pradesh,Indic Language Startups,2.0,0.0021208907741251328,-12.64195352637011,943.0,1416661.0,-21.02177554438861,1.6432287115958566,10.63610286543446,0.0006656497214224151,0.047673242769539714,32.46951219512195,14.176829268292682,18.29268292682927,61.8272274988693
2025,Madhya Pradesh,Internet of Things,5.0,0.005302226935312832,-27.276369646286092,943.0,1416661.0,-21.02177554438861,1.6432287115958566,10.63610286543446,0.0006656497214224151,0.047673242769539714,32.46951219512195,31.402439024390244,1.0670731707317067,51.60560832202623
2025,Madhya Pradesh,Logistics,10.0,0.010604453870625663,3.5744168651286268,943.0,1416661.0,-21.02177554438861,1.6432287115958566,10.63610286543446,0.0006656497214224151,0.047673242769539714,32.46951219512195,48.6280487804878,-16.15853658536585,41.38398914518318
2025,Madhya Pradesh,Marketing,12.0,0.012725344644750796,-10.961580659838132,943.0,1416661.0,-21.02177554438861,1.6432287115958566,10.63610286543446,0.0006656497214224151,0.047673242769539714,32.46951219512195,52.97256097560976,-20.50304878048781,38.805970149253724
2025,Madhya Pradesh,Media & Entertainment,15.0,0.015906680805938492,35.72088082974532,943.0,1416661.0,-21.02177554438861,1.6432287115958566,10.63610286543446,0.0006656497214224151,0.047673242769539714,32.46951219512195,58.91768292682927,-26.44817073170732,35.27815468113975
2025,Madhya Pradesh,Non- Renewable Energy,6.0,0.006362672322375398,-27.887521484629584,943.0,1416661.0,-21.02177554438861,1.6432287115958566,10.63610286543446,0.0006656497214224151,0.047673242769539714,32.46951219512195,34.603658536585364,-2.1341463414634134,49.70601537765717
2025,Madhya Pradesh,Other Specialty Retailers,15.0,0.015906680805938492,35.72088082974532,943.0,1416661.0,-21.02177554438861,1.6432287115958566,10.63610286543446,0.0006656497214224151,0.047673242769539714,32.46951219512195,58.91768292682927,-26.44817073170732,35.27815468113975
2025,Madhya Pradesh,Pets & Animals,2.0,0.0021208907741251328,-12.64195352637011,943.0,1416661.0,-21.02177554438861,1.6432287115958566,10.63610286543446,0.0006656497214224151,0.047673242769539714,32.46951219512195,14.176829268292682,18.29268292682927,61.8272274988693
2025,Madhya Pradesh,Professional & Commercial Services,44.0,0.04665959703075292,-2.174605898703097,943.0,1416661.0,-21.02177554438861,1.6432287115958566,10.63610286543446,0.0006656497214224151,0.047673242769539714,32.46951219512195,82.01219512195121,-49.54268292682926,21.573948439620086
2025,Madhya Pradesh,Real Estate,14.0,0.014846235418875928,15.867554829548336,943.0,1416661.0,-21.02177554438861,1.6432287115958566,10.63610286543446,0.0006656497214224151,0.047673242769539714,32.46951219512195,56.40243902439024,-23.93292682926829,36.77069199457259
2025,Madhya Pradesh,Renewable Energy,42.0,0.044538706256627786,9.487978497197226,943.0,1416661.0,-21.02177554438861,1.6432287115958566,10.63610286543446,0.0006656497214224151,0.047673242769539714,32.46951219512195,81.09756097560977,-48.628048780487816,22.116689280868375
2025,Madhya Pradesh,Retail,18.0,0.019088016967126194,6.265856918261115,943.0,1416661.0,-21.02177554438861,1.6432287115958566,10.63610286543446,0.0006656497214224151,0.047673242769539714,32.46951219512195,65.01524390243902,-32.545731707317074,31.659882406151063
2025,Madhya Pradesh,Robotics,1.0,0.0010604453870625664,-44.96787918508956,943.0,1416661.0,-21.02177554438861,1.6432287115958566,10.63610286543446,0.0006656497214224151,0.047673242769539714,32.46951219512195,4.954268292682927,27.515243902439025,67.29986431478969
2025,Madhya Pradesh,Safety,3.0,0.003181336161187699,0.0,943.0,1416661.0,-21.02177554438861,1.6432287115958566,10.63610286543446,0.0006656497214224151,0.047673242769539714,32.46951219512195,21.722560975609756,10.746951219512194,57.34961555857079
2025,Madhya Pradesh,Security Solutions,21.0,0.022269353128313893,14.471424255333186,943.0,1416661.0,-21.02177554438861,1.6432287115958566,10.63610286543446,0.0006656497214224151,0.047673242769539714,32.46951219512195,68.67378048780488,-36.204268292682926,29.488919041157846
2025,Madhya Pradesh,Social Impact,5.0,0.005302226935312832,-5.896397111897144,943.0,1416661.0,-21.02177554438861,1.6432287115958566,10.63610286543446,0.0006656497214224151,0.047673242769539714,32.46951219512195,31.402439024390244,1.0670731707317067,51.60560832202623
2025,Madhya Pradesh,Social Network,3.0,0.003181336161187699,0.0,943.0,1416661.0,-21.02177554438861,1.6432287115958566,10.63610286543446,0.0006656497214224151,0.047673242769539714,32.46951219512195,21.722560975609756,10.746951219512194,57.34961555857079
2025,Madhya Pradesh,Technology Hardware,20.0,0.021208907741251327,7.721734501594191,943.0,1416661.0,-21.02177554438861,1.6432287115958566,10.63610286543446,0.0006656497214224151,0.047673242769539714,32.46951219512195,67.60670731707317,-35.13719512195122,30.122116689280865
2025,Madhya Pradesh,Telecommunication & Networking,12.0,0.012725344644750796,33.88659001643391,943.0,1416661.0,-21.02177554438861,1.6432287115958566,10.63610286543446,0.0006656497214224151,0.047673242769539714,32.46951219512195,52.97256097560976,-20.50304878048781,38.805970149253724
2025,Madhya Pradesh,Textiles & Apparel,19.0,0.02014846235418876,13.48455252486973,943.0,1416661.0,-21.02177554438861,1.6432287115958566,10.63610286543446,0.0006656497214224151,0.047673242769539714,32.46951219512195,66.15853658536585,-33.6890243902439,30.98145635459068
2025,Madhya Pradesh,Toys and Games,2.0,0.0021208907741251328,-26.319370027192267,943.0,1416661.0,-21.02177554438861,1.6432287115958566,10.63610286543446,0.0006656497214224151,0.047673242769539714,32.46951219512195,14.176829268292682,18.29268292682927,61.8272274988693
2025,Madhya Pradesh,Transportation & Storage,11.0,0.01166489925768823,-5.416268377977785,943.0,1416661.0,-21.02177554438861,1.6432287115958566,10.63610286543446,0.0006656497214224151,0.047673242769539714,32.46951219512195,51.0670731707317,-18.597560975609753,39.9366802351877
2025,Madhya Pradesh,Travel & Tourism,17.0,0.018027571580063628,12.31106834675555,943.0,1416661.0,-21.02177554438861,1.6432287115958566,10.63610286543446,0.0006656497214224151,0.047673242769539714,32.46951219512195,63.1859756097561,-30.71646341463415,32.74536408864767
2025,Madhya Pradesh,Waste Management,16.0,0.016967126193001062,13.30326698854094,943.0,1416661.0,-21.02177554438861,1.6432287115958566,10.63610286543446,0.0006656497214224151,0.047673242769539714,32.46951219512195,60.97560975609756,-28.50609756097561,34.05698778833107
2025,Maharashtra,AI,156.0,0.035278154681139755,43.31211639151724,4422.0,3821420.0,-22.894507410636443,-2.7780397840896476,9.708209957459356,0.0011571614740070444,0.0435596205241435,95.88414634146342,97.10365853658537,-1.2195121951219505,50.24875621890548
2025,Maharashtra,AR VR (Augmented + Virtual Reality),6.0,0.0013568521031207597,-26.319370027192267,4422.0,3821420.0,-22.894507410636443,-2.7780397840896476,9.708209957459356,0.0011571614740070444,0.0435596205241435,95.88414634146342,34.603658536585364,61.28048780487806,87.33604703753959
2025,Maharashtra,Advertising,37.0,0.008367254635911352,9.735689700133566,4422.0,3821420.0,-22.894507410636443,-2.7780397840896476,9.708209957459356,0.0011571614740070444,0.0435596205241435,95.88414634146342,79.4969512195122,16.387195121951223,60.69651741293532
2025,Maharashtra,Aeronautics Aerospace & Defence,34.0,0.007688828584350972,-10.230869281653543,4422.0,3821420.0,-22.894507410636443,-2.7780397840896476,9.708209957459356,0.0011571614740070444,0.0435596205241435,95.88414634146342,77.8201219512195,18.064024390243915,61.69154228855722
2025,Maharashtra,Agriculture,279.0,0.06309362279511534,-4.665642533743886,4422.0,3821420.0,-22.894507410636443,-2.7780397840896476,9.708209957459356,0.0011571614740070444,0.0435596205241435,95.88414634146342,99.39024390243902,-3.506097560975604,48.89190411578472
2025,Maharashtra,Airport Operations,2.0,0.0004522840343735866,,4422.0,3821420.0,-22.894507410636443,-2.7780397840896476,9.708209957459356,0.0011571614740070444,0.0435596205241435,95.88414634146342,14.176829268292682,81.70731707317074,99.45725915875173
2025,Maharashtra,Analytics,28.0,0.006331976481230212,20.507113208761506,4422.0,3821420.0,-22.894507410636443,-2.7780397840896476,9.708209957459356,0.0011571614740070444,0.0435596205241435,95.88414634146342,74.3140243902439,21.57012195121952,63.77204884667572
2025,Maharashtra,Animation,6.0,0.0013568521031207597,-18.294205935675624,4422.0,3821420.0,-22.894507410636443,-2.7780397840896476,9.708209957459356,0.0011571614740070444,0.0435596205241435,95.88414634146342,34.603658536585364,61.28048780487806,87.33604703753959
2025,Maharashtra,Architecture Interior Design,36.0,0.008141112618724558,6.265856918261115,4422.0,3821420.0,-22.894507410636443,-2.7780397840896476,9.708209957459356,0.0011571614740070444,0.0435596205241435,95.88414634146342,78.8109756097561,17.07317073170732,61.10357304387156
2025,Maharashtra,Art & Photography,13.0,0.002939846223428313,-4.658049800559006,4422.0,3821420.0,-22.894507410636443,-2.7780397840896476,9.708209957459356,0.0011571614740070444,0.0435596205241435,95.88414634146342,54.420731707317074,41.463414634146346,75.57666214382634
2025,Maharashtra,Automotive,111.0,0.025101763907734057,-6.7746253822345555,4422.0,3821420.0,-22.894507410636443,-2.7780397840896476,9.708209957459356,0.0011571614740070444,0.0435596205241435,95.88414634146342,95.57926829268293,0.30487804878049474,51.153324287652644
2025,Maharashtra,Biotechnology,30.0,0.0067842605156037995,35.72088082974532,4422.0,3821420.0,-22.894507410636443,-2.7780397840896476,9.708209957459356,0.0011571614740070444,0.0435596205241435,95.88414634146342,75.45731707317073,20.426829268292693,63.093622795115344
2025,Maharashtra,Chemicals,65.0,0.014699231117141566,-3.3518333725167104,4422.0,3821420.0,-22.894507410636443,-2.7780397840896476,9.708209957459356,0.0011571614740070444,0.0435596205241435,95.88414634146342,89.2530487804878,6.631097560975618,54.90728177295342
2025,Maharashtra,Computer Vision,3.0,0.0006784260515603799,14.471424255333186,4422.0,3821420.0,-22.894507410636443,-2.7780397840896476,9.708209957459356,0.0011571614740070444,0.0435596205241435,95.88414634146342,21.722560975609756,74.16158536585367,94.9796472184532
2025,Maharashtra,Construction,228.0,0.051560379918588875,1.197718640592571,4422.0,3821420.0,-22.894507410636443,-2.7780397840896476,9.708209957459356,0.0011571614740070444,0.0435596205241435,95.88414634146342,98.9329268292683,-3.0487804878048763,49.16327453640887
2025,Maharashtra,Dating Matrimonial,4.0,0.0009045680687471732,10.064241629820891,4422.0,3821420.0,-22.894507410636443,-2.7780397840896476,9.708209957459356,0.0011571614740070444,0.0435596205241435,95.88414634146342,27.36280487804878,68.52134146341464,91.63274536408866
2025,Maharashtra,Design,31.0,0.007010402532790593,0.0,4422.0,3821420.0,-22.894507410636443,-2.7780397840896476,9.708209957459356,0.0011571614740070444,0.0435596205241435,95.88414634146342,76.0670731707317,19.817073170731717,62.731795567616466
2025,Maharashtra,Education,181.0,0.04093170511080959,-7.675510922335027,4422.0,3821420.0,-22.894507410636443,-2.7780397840896476,9.708209957459356,0.0011571614740070444,0.0435596205241435,95.88414634146342,97.5609756097561,-1.6768292682926784,49.977385798281325
2025,Maharashtra,Enterprise Software,64.0,0.014473089099954772,-5.977942735829133,4422.0,3821420.0,-22.894507410636443,-2.7780397840896476,9.708209957459356,0.0011571614740070444,0.0435596205241435,95.88414634146342,88.64329268292683,7.240853658536594,55.26910900045229
2025,Maharashtra,Events,22.0,0.004975124378109453,30.059144685138705,4422.0,3821420.0,-22.894507410636443,-2.7780397840896476,9.708209957459356,0.0011571614740070444,0.0435596205241435,95.88414634146342,69.8170731707317,26.067073170731717,66.44052464947988
2025,Maharashtra,Fashion,96.0,0.021709633649932156,16.96070952851465,4422.0,3821420.0,-22.894507410636443,-2.7780397840896476,9.708209957459356,0.0011571614740070444,0.0435596205241435,95.88414634146342,93.97865853658537,1.9054878048780495,52.10312075983718
2025,Maharashtra,Finance Technology,133.0,0.030076888285843508,-14.661313148206023,4422.0,3821420.0,-22.894507410636443,-2.7780397840896476,9.708209957459356,0.0011571614740070444,0.0435596205241435,95.88414634146342,95.88414634146342,0.0,50.97241067390321
2025,Maharashtra,Food & Beverages,324.0,0.07327001356852103,3.5271009988524282,4422.0,3821420.0,-22.894507410636443,-2.7780397840896476,9.708209957459356,0.0011571614740070444,0.0435596205241435,95.88414634146342,99.54268292682927,-3.6585365853658516,48.80144730890999
2025,Maharashtra,Green Technology,86.0,0.019448213478064226,-4.260580066027575,4422.0,3821420.0,-22.894507410636443,-2.7780397840896476,9.708209957459356,0.0011571614740070444,0.0435596205241435,95.88414634146342,92.22560975609755,3.658536585365866,53.14337403889644
2025,Maharashtra,Healthcare & Lifesciences,446.0,0.10085933966530981,-2.6887243624386437,4422.0,3821420.0,-22.894507410636443,-2.7780397840896476,9.708209957459356,0.0011571614740070444,0.0435596205241435,95.88414634146342,100.0,-4.1158536585365795,48.53007688828585
2025,Maharashtra,House-Hold Services,37.0,0.008367254635911352,3.887332412441835,4422.0,3821420.0,-22.894507410636443,-2.7780397840896476,9.708209957459356,0.0011571614740070444,0.0435596205241435,95.88414634146342,79.4969512195122,16.387195121951223,60.69651741293532
2025,Maharashtra,Human Resources,76.0,0.017186793306196293,-14.826826920641977,4422.0,3821420.0,-22.894507410636443,-2.7780397840896476,9.708209957459356,0.0011571614740070444,0.0435596205241435,95.88414634146342,91.23475609756098,4.649390243902445,53.73134328358209
2025,Maharashtra,IT Services,423.0,0.09565807327001356,-1.8958337719055196,4422.0,3821420.0,-22.894507410636443,-2.7780397840896476,9.708209957459356,0.0011571614740070444,0.0435596205241435,95.88414634146342,99.84756097560977,-3.9634146341463463,48.62053369516056
2025,Maharashtra,Indic Language Startups,11.0,0.0024875621890547263,-13.506941493716852,4422.0,3821420.0,-22.894507410636443,-2.7780397840896476,9.708209957459356,0.0011571614740070444,0.0435596205241435,95.88414634146342,51.0670731707317,44.81707317073172,77.56671189507011
2025,Maharashtra,Internet of Things,32.0,0.007236544549977386,-6.381475844673945,4422.0,3821420.0,-22.894507410636443,-2.7780397840896476,9.708209957459356,0.0011571614740070444,0.0435596205241435,95.88414634146342,76.67682926829268,19.207317073170742,62.3699683401176
2025,Maharashtra,Logistics,52.0,0.011759384893713252,17.566734386037865,4422.0,3821420.0,-22.894507410636443,-2.7780397840896476,9.708209957459356,0.0011571614740070444,0.0435596205241435,95.88414634146342,85.36585365853658,10.518292682926841,57.213930348258714
2025,Maharashtra,Marketing,64.0,0.014473089099954772,-7.929173755189045,4422.0,3821420.0,-22.894507410636443,-2.7780397840896476,9.708209957459356,0.0011571614740070444,0.0435596205241435,95.88414634146342,88.64329268292683,7.240853658536594,55.26910900045229
2025,Maharashtra,Media & Entertainment,70.0,0.015829941203075532,-5.896397111897144,4422.0,3821420.0,-22.894507410636443,-2.7780397840896476,9.708209957459356,0.0011571614740070444,0.0435596205241435,95.88414634146342,90.2439024390244,5.640243902439025,54.31931252826775
2025,Maharashtra,Nanotechnology,5.0,0.0011307100859339666,-17.79293085565099,4422.0,3821420.0,-22.894507410636443,-2.7780397840896476,9.708209957459356,0.0011571614740070444,0.0435596205241435,95.88414634146342,31.402439024390244,64.48170731707317,89.23563998190865
2025,Maharashtra,Non- Renewable Energy,23.0,0.005201266395296246,-28.52912558764058,4422.0,3821420.0,-22.894507410636443,-2.7780397840896476,9.708209957459356,0.0011571614740070444,0.0435596205241435,95.88414634146342,71.11280487804879,24.77134146341463,65.67164179104478
2025,Maharashtra,Other Specialty Retailers,59.0,0.013342379014020805,31.409336113182572,4422.0,3821420.0,-22.894507410636443,-2.7780397840896476,9.708209957459356,0.0011571614740070444,0.0435596205241435,95.88414634146342,87.1189024390244,8.765243902439025,56.17367706919946
2025,Maharashtra,Passenger Experience,2.0,0.0004522840343735866,,4422.0,3821420.0,-22.894507410636443,-2.7780397840896476,9.708209957459356,0.0011571614740070444,0.0435596205241435,95.88414634146342,14.176829268292682,81.70731707317074,99.45725915875173
2025,Maharashtra,Pets & Animals,15.0,0.0033921302578018998,-4.086270313974749,4422.0,3821420.0,-22.894507410636443,-2.7780397840896476,9.708209957459356,0.0011571614740070444,0.0435596205241435,95.88414634146342,58.91768292682927,36.96646341463415,72.90818634102216
2025,Maharashtra,Professional & Commercial Services,192.0,0.04341926729986431,-6.247734914049841,4422.0,3821420.0,-22.894507410636443,-2.7780397840896476,9.708209957459356,0.0011571614740070444,0.0435596205241435,95.88414634146342,98.2469512195122,-2.3628048780487774,49.5703301673451
2025,Maharashtra,Real Estate,65.0,0.014699231117141566,9.139288306110593,4422.0,3821420.0,-22.894507410636443,-2.7780397840896476,9.708209957459356,0.0011571614740070444,0.0435596205241435,95.88414634146342,89.2530487804878,6.631097560975618,54.90728177295342
2025,Maharashtra,Renewable Energy,155.0,0.03505201266395296,10.14325403429346,4422.0,3821420.0,-22.894507410636443,-2.7780397840896476,9.708209957459356,0.0011571614740070444,0.0435596205241435,95.88414634146342,96.95121951219512,-1.0670731707317032,50.3392130257802
2025,Maharashtra,Retail,69.0,0.015603799185888738,-9.143970358393016,4422.0,3821420.0,-22.894507410636443,-2.7780397840896476,9.708209957459356,0.0011571614740070444,0.0435596205241435,95.88414634146342,90.09146341463415,5.792682926829272,54.40976933514248
2025,Maharashtra,Robotics,21.0,0.0047489823609226595,-1.5387062487870917,4422.0,3821420.0,-22.894507410636443,-2.7780397840896476,9.708209957459356,0.0011571614740070444,0.0435596205241435,95.88414634146342,68.67378048780488,27.210365853658544,67.11895070104026
2025,Maharashtra,Safety,18.0,0.004070556309362279,0.0,4422.0,3821420.0,-22.894507410636443,-2.7780397840896476,9.708209957459356,0.0011571614740070444,0.0435596205241435,95.88414634146342,65.01524390243902,30.868902439024396,69.28991406603348
2025,Maharashtra,Security Solutions,38.0,0.008593396653098146,4.814946962807354,4422.0,3821420.0,-22.894507410636443,-2.7780397840896476,9.708209957459356,0.0011571614740070444,0.0435596205241435,95.88414634146342,80.03048780487805,15.853658536585371,60.379918588873814
2025,Maharashtra,Social Impact,42.0,0.009497964721845319,20.507113208761506,4422.0,3821420.0,-22.894507410636443,-2.7780397840896476,9.708209957459356,0.0011571614740070444,0.0435596205241435,95.88414634146342,81.09756097560977,14.786585365853654,59.746720940750784
2025,Maharashtra,Social Network,15.0,0.0033921302578018998,-13.279626234163977,4422.0,3821420.0,-22.894507410636443,-2.7780397840896476,9.708209957459356,0.0011571614740070444,0.0435596205241435,95.88414634146342,58.91768292682927,36.96646341463415,72.90818634102216
2025,Maharashtra,Sports,32.0,0.007236544549977386,1.0639096385713032,4422.0,3821420.0,-22.894507410636443,-2.7780397840896476,9.708209957459356,0.0011571614740070444,0.0435596205241435,95.88414634146342,76.67682926829268,19.207317073170742,62.3699683401176
2025,Maharashtra,Technology Hardware,152.0,0.034373586612392586,-4.769300718637126,4422.0,3821420.0,-22.894507410636443,-2.7780397840896476,9.708209957459356,0.0011571614740070444,0.0435596205241435,95.88414634146342,96.79878048780488,-0.9146341463414558,50.42966983265491
2025,Maharashtra,Telecommunication & Networking,21.0,0.0047489823609226595,-19.328567698772815,4422.0,3821420.0,-22.894507410636443,-2.7780397840896476,9.708209957459356,0.0011571614740070444,0.0435596205241435,95.88414634146342,68.67378048780488,27.210365853658544,67.11895070104026
2025,Maharashtra,Textiles & Apparel,95.0,0.021483491632745363,12.908478885262076,4422.0,3821420.0,-22.894507410636443,-2.7780397840896476,9.708209957459356,0.0011571614740070444,0.0435596205241435,95.88414634146342,93.3689024390244,2.5152439024390247,52.46494798733605
2025,Maharashtra,Toys and Games,26.0,0.005879692446856626,20.123329994304417,4422.0,3821420.0,-22.894507410636443,-2.7780397840896476,9.708209957459356,0.0011571614740070444,0.0435596205241435,95.88414634146342,73.09451219512195,22.78963414634147,64.49570330167346
2025,Maharashtra,Transportation & Storage,62.0,0.014020805065581185,-8.898412327330064,4422.0,3821420.0,-22.894507410636443,-2.7780397840896476,9.708209957459356,0.0011571614740070444,0.0435596205241435,95.88414634146342,87.8810975609756,8.003048780487816,55.72139303482588
2025,Maharashtra,Travel & Tourism,72.0,0.016282225237449117,21.644039911467992,4422.0,3821420.0,-22.894507410636443,-2.7780397840896476,9.708209957459356,0.0011571614740070444,0.0435596205241435,95.88414634146342,90.625,5.2591463414634205,54.09317051108097
2025,Maharashtra,Waste Management,57.0,0.012890094979647219,-3.2810806630399703,4422.0,3821420.0,-22.894507410636443,-2.7780397840896476,9.708209957459356,0.0011571614740070444,0.0435596205241435,95.88414634146342,86.66158536585365,9.222560975609767,56.44504748982362
2025,Odisha,AI,18.0,0.03870967741935484,53.26188647871062,465.0,751750.0,-15.14598540145985,1.0242117102315706,9.35118057090989,0.0006185567010309278,0.04888105699189826,17.60670731707317,65.01524390243902,-47.40853658536585,22.840343735866124
2025,Odisha,AR VR (Augmented + Virtual Reality),1.0,0.002150537634408602,-20.62994740159002,465.0,751750.0,-15.14598540145985,1.0242117102315706,9.35118057090989,0.0006185567010309278,0.04888105699189826,17.60670731707317,4.954268292682927,12.652439024390244,58.48032564450475
2025,Odisha,Advertising,6.0,0.012903225806451613,81.71205928321396,465.0,751750.0,-15.14598540145985,1.0242117102315706,9.35118057090989,0.0006185567010309278,0.04888105699189826,17.60670731707317,34.603658536585364,-16.996951219512194,40.886476707372225
2025,Odisha,Aeronautics Aerospace & Defence,8.0,0.017204301075268817,25.99210498948732,465.0,751750.0,-15.14598540145985,1.0242117102315706,9.35118057090989,0.0006185567010309278,0.04888105699189826,17.60670731707317,42.98780487804878,-25.381097560975608,35.91135232926278
2025,Odisha,Agriculture,38.0,0.08172043010752689,9.428017927430199,465.0,751750.0,-15.14598540145985,1.0242117102315706,9.35118057090989,0.0006185567010309278,0.04888105699189826,17.60670731707317,80.03048780487805,-62.423780487804876,13.930348258706465
2025,Odisha,Animation,1.0,0.002150537634408602,,465.0,751750.0,-15.14598540145985,1.0242117102315706,9.35118057090989,0.0006185567010309278,0.04888105699189826,17.60670731707317,4.954268292682927,12.652439024390244,58.48032564450475
2025,Odisha,Architecture Interior Design,4.0,0.008602150537634409,25.99210498948732,465.0,751750.0,-15.14598540145985,1.0242117102315706,9.35118057090989,0.0006185567010309278,0.04888105699189826,17.60670731707317,27.36280487804878,-9.756097560975611,45.183175033921295
2025,Odisha,Art & Photography,3.0,0.0064516129032258064,-9.143970358393016,465.0,751750.0,-15.14598540145985,1.0242117102315706,9.35118057090989,0.0006185567010309278,0.04888105699189826,17.60670731707317,21.722560975609756,-4.115853658536587,48.53007688828585
2025,Odisha,Automotive,10.0,0.021505376344086023,18.56311014966876,465.0,751750.0,-15.14598540145985,1.0242117102315706,9.35118057090989,0.0006185567010309278,0.04888105699189826,17.60670731707317,48.6280487804878,-31.021341463414632,32.56445047489824
2025,Odisha,Biotechnology,7.0,0.015053763440860216,0.0,465.0,751750.0,-15.14598540145985,1.0242117102315706,9.35118057090989,0.0006185567010309278,0.04888105699189826,17.60670731707317,38.56707317073171,-20.96036585365854,38.53459972862957
2025,Odisha,Chemicals,2.0,0.004301075268817204,-34.13662439916505,465.0,751750.0,-15.14598540145985,1.0242117102315706,9.35118057090989,0.0006185567010309278,0.04888105699189826,17.60670731707317,14.176829268292682,3.4298780487804876,53.00768882858434
2025,Odisha,Computer Vision,1.0,0.002150537634408602,0.0,465.0,751750.0,-15.14598540145985,1.0242117102315706,9.35118057090989,0.0006185567010309278,0.04888105699189826,17.60670731707317,4.954268292682927,12.652439024390244,58.48032564450475
2025,Odisha,Construction,27.0,0.05806451612903226,-1.2049365987475746,465.0,751750.0,-15.14598540145985,1.0242117102315706,9.35118057090989,0.0006185567010309278,0.04888105699189826,17.60670731707317,73.78048780487805,-56.173780487804876,17.639077340569877
2025,Odisha,Design,1.0,0.002150537634408602,-30.663872564936533,465.0,751750.0,-15.14598540145985,1.0242117102315706,9.35118057090989,0.0006185567010309278,0.04888105699189826,17.60670731707317,4.954268292682927,12.652439024390244,58.48032564450475
2025,Odisha,Education,21.0,0.04516129032258064,-15.65673346982508,465.0,751750.0,-15.14598540145985,1.0242117102315706,9.35118057090989,0.0006185567010309278,0.04888105699189826,17.60670731707317,68.67378048780488,-51.0670731707317,20.669380370872908
2025,Odisha,Enterprise Software,4.0,0.008602150537634409,-7.168223327744416,465.0,751750.0,-15.14598540145985,1.0242117102315706,9.35118057090989,0.0006185567010309278,0.04888105699189826,17.60670731707317,27.36280487804878,-9.756097560975611,45.183175033921295
2025,Odisha,Events,1.0,0.002150537634408602,-20.62994740159002,465.0,751750.0,-15.14598540145985,1.0242117102315706,9.35118057090989,0.0006185567010309278,0.04888105699189826,17.60670731707317,4.954268292682927,12.652439024390244,58.48032564450475
2025,Odisha,Fashion,4.0,0.008602150537634409,25.99210498948732,465.0,751750.0,-15.14598540145985,1.0242117102315706,9.35118057090989,0.0006185567010309278,0.04888105699189826,17.60670731707317,27.36280487804878,-9.756097560975611,45.183175033921295
2025,Odisha,Finance Technology,8.0,0.017204301075268817,-14.941925943401968,465.0,751750.0,-15.14598540145985,1.0242117102315706,9.35118057090989,0.0006185567010309278,0.04888105699189826,17.60670731707317,42.98780487804878,-25.381097560975608,35.91135232926278
2025,Odisha,Food & Beverages,29.0,0.06236559139784946,13.18511959629507,465.0,751750.0,-15.14598540145985,1.0242117102315706,9.35118057090989,0.0006185567010309278,0.04888105699189826,17.60670731707317,74.84756097560977,-57.240853658536594,17.00587969244685
2025,Odisha,Green Technology,5.0,0.010752688172043012,-10.609646490343238,465.0,751750.0,-15.14598540145985,1.0242117102315706,9.35118057090989,0.0006185567010309278,0.04888105699189826,17.60670731707317,31.402439024390244,-13.795731707317074,42.78606965174129
2025,Odisha,Healthcare & Lifesciences,39.0,0.08387096774193549,-3.2022229686390125,465.0,751750.0,-15.14598540145985,1.0242117102315706,9.35118057090989,0.0006185567010309278,0.04888105699189826,17.60670731707317,80.33536585365853,-62.72865853658536,13.749434644957034
2025,Odisha,House-Hold Services,2.0,0.004301075268817204,-26.319370027192267,465.0,751750.0,-15.14598540145985,1.0242117102315706,9.35118057090989,0.0006185567010309278,0.04888105699189826,17.60670731707317,14.176829268292682,3.4298780487804876,53.00768882858434
2025,Odisha,Human Resources,10.0,0.021505376344086023,0.0,465.0,751750.0,-15.14598540145985,1.0242117102315706,9.35118057090989,0.0006185567010309278,0.04888105699189826,17.60670731707317,48.6280487804878,-31.021341463414632,32.56445047489824
2025,Odisha,IT Services,52.0,0.11182795698924732,1.3159403820177218,465.0,751750.0,-15.14598540145985,1.0242117102315706,9.35118057090989,0.0006185567010309278,0.04888105699189826,17.60670731707317,85.36585365853658,-67.7591463414634,10.764360018091363
2025,Odisha,Indic Language Startups,2.0,0.004301075268817204,0.0,465.0,751750.0,-15.14598540145985,1.0242117102315706,9.35118057090989,0.0006185567010309278,0.04888105699189826,17.60670731707317,14.176829268292682,3.4298780487804876,53.00768882858434
2025,Odisha,Internet of Things,4.0,0.008602150537634409,-7.168223327744416,465.0,751750.0,-15.14598540145985,1.0242117102315706,9.35118057090989,0.0006185567010309278,0.04888105699189826,17.60670731707317,27.36280487804878,-9.756097560975611,45.183175033921295
2025,Odisha,Logistics,1.0,0.002150537634408602,-37.00394750525634,465.0,751750.0,-15.14598540145985,1.0242117102315706,9.35118057090989,0.0006185567010309278,0.04888105699189826,17.60670731707317,4.954268292682927,12.652439024390244,58.48032564450475
2025,Odisha,Marketing,11.0,0.023655913978494623,11.199004528465784,465.0,751750.0,-15.14598540145985,1.0242117102315706,9.35118057090989,0.0006185567010309278,0.04888105699189826,17.60670731707317,51.0670731707317,-33.46036585365853,31.117141564902763
2025,Odisha,Media & Entertainment,10.0,0.021505376344086023,25.99210498948732,465.0,751750.0,-15.14598540145985,1.0242117102315706,9.35118057090989,0.0006185567010309278,0.04888105699189826,17.60670731707317,48.6280487804878,-31.021341463414632,32.56445047489824
2025,Odisha,Non- Renewable Energy,2.0,0.004301075268817204,-44.96787918508956,465.0,751750.0,-15.14598540145985,1.0242117102315706,9.35118057090989,0.0006185567010309278,0.04888105699189826,17.60670731707317,14.176829268292682,3.4298780487804876,53.00768882858434
2025,Odisha,Other Specialty Retailers,5.0,0.010752688172043012,70.99759466766969,465.0,751750.0,-15.14598540145985,1.0242117102315706,9.35118057090989,0.0006185567010309278,0.04888105699189826,17.60670731707317,31.402439024390244,-13.795731707317074,42.78606965174129
2025,Odisha,Passenger Experience,2.0,0.004301075268817204,,465.0,751750.0,-15.14598540145985,1.0242117102315706,9.35118057090989,0.0006185567010309278,0.04888105699189826,17.60670731707317,14.176829268292682,3.4298780487804876,53.00768882858434
2025,Odisha,Pets & Animals,2.0,0.004301075268817204,25.99210498948732,465.0,751750.0,-15.14598540145985,1.0242117102315706,9.35118057090989,0.0006185567010309278,0.04888105699189826,17.60670731707317,14.176829268292682,3.4298780487804876,53.00768882858434
2025,Odisha,Professional & Commercial Services,20.0,0.043010752688172046,5.566719197800074,465.0,751750.0,-15.14598540145985,1.0242117102315706,9.35118057090989,0.0006185567010309278,0.04888105699189826,17.60670731707317,67.60670731707317,-50.0,21.302578018995927
2025,Odisha,Real Estate,8.0,0.017204301075268817,38.672254870126935,465.0,751750.0,-15.14598540145985,1.0242117102315706,9.35118057090989,0.0006185567010309278,0.04888105699189826,17.60670731707317,42.98780487804878,-25.381097560975608,35.91135232926278
2025,Odisha,Renewable Energy,15.0,0.03225806451612903,-4.086270313974749,465.0,751750.0,-15.14598540145985,1.0242117102315706,9.35118057090989,0.0006185567010309278,0.04888105699189826,17.60670731707317,58.91768292682927,-41.3109756097561,26.45861601085481
2025,Odisha,Retail,11.0,0.023655913978494623,3.228011545636722,465.0,751750.0,-15.14598540145985,1.0242117102315706,9.35118057090989,0.0006185567010309278,0.04888105699189826,17.60670731707317,51.0670731707317,-33.46036585365853,31.117141564902763
2025,Odisha,Robotics,5.0,0.010752688172043012,18.56311014966876,465.0,751750.0,-15.14598540145985,1.0242117102315706,9.35118057090989,0.0006185567010309278,0.04888105699189826,17.60670731707317,31.402439024390244,-13.795731707317074,42.78606965174129
2025,Odisha,Safety,1.0,0.002150537634408602,0.0,465.0,751750.0,-15.14598540145985,1.0242117102315706,9.35118057090989,0.0006185567010309278,0.04888105699189826,17.60670731707317,4.954268292682927,12.652439024390244,58.48032564450475
2025,Odisha,Security Solutions,6.0,0.012903225806451613,0.0,465.0,751750.0,-15.14598540145985,1.0242117102315706,9.35118057090989,0.0006185567010309278,0.04888105699189826,17.60670731707317,34.603658536585364,-16.996951219512194,40.886476707372225
2025,Odisha,Social Impact,11.0,0.023655913978494623,76.51741676630314,465.0,751750.0,-15.14598540145985,1.0242117102315706,9.35118057090989,0.0006185567010309278,0.04888105699189826,17.60670731707317,51.0670731707317,-33.46036585365853,31.117141564902763
2025,Odisha,Social Network,2.0,0.004301075268817204,0.0,465.0,751750.0,-15.14598540145985,1.0242117102315706,9.35118057090989,0.0006185567010309278,0.04888105699189826,17.60670731707317,14.176829268292682,3.4298780487804876,53.00768882858434
2025,Odisha,Sports,2.0,0.004301075268817204,25.99210498948732,465.0,751750.0,-15.14598540145985,1.0242117102315706,9.35118057090989,0.0006185567010309278,0.04888105699189826,17.60670731707317,14.176829268292682,3.4298780487804876,53.00768882858434
2025,Odisha,Technology Hardware,11.0,0.023655913978494623,0.0,465.0,751750.0,-15.14598540145985,1.0242117102315706,9.35118057090989,0.0006185567010309278,0.04888105699189826,17.60670731707317,51.0670731707317,-33.46036585365853,31.117141564902763
2025,Odisha,Telecommunication & Networking,2.0,0.004301075268817204,-12.64195352637011,465.0,751750.0,-15.14598540145985,1.0242117102315706,9.35118057090989,0.0006185567010309278,0.04888105699189826,17.60670731707317,14.176829268292682,3.4298780487804876,53.00768882858434
2025,Odisha,Textiles & Apparel,8.0,0.017204301075268817,10.064241629820891,465.0,751750.0,-15.14598540145985,1.0242117102315706,9.35118057090989,0.0006185567010309278,0.04888105699189826,17.60670731707317,42.98780487804878,-25.381097560975608,35.91135232926278
2025,Odisha,Transportation & Storage,2.0,0.004301075268817204,-34.13662439916505,465.0,751750.0,-15.14598540145985,1.0242117102315706,9.35118057090989,0.0006185567010309278,0.04888105699189826,17.60670731707317,14.176829268292682,3.4298780487804876,53.00768882858434
2025,Odisha,Travel & Tourism,12.0,0.025806451612903226,14.471424255333186,465.0,751750.0,-15.14598540145985,1.0242117102315706,9.35118057090989,0.0006185567010309278,0.04888105699189826,17.60670731707317,52.97256097560976,-35.365853658536594,29.986431478968782
2025,Odisha,Waste Management,8.0,0.017204301075268817,58.74010519681994,465.0,751750.0,-15.14598540145985,1.0242117102315706,9.35118057090989,0.0006185567010309278,0.04888105699189826,17.60670731707317,42.98780487804878,-25.381097560975608,35.91135232926278
2025,Rajasthan,AI,41.0,0.03908484270734033,72.41086201913652,1049.0,1521722.0,-15.810593900481539,1.8797659731447203,9.136822476825701,0.0006893506172612343,0.044185530459421606,55.487804878048784,80.79268292682927,-25.304878048780488,35.95658073270013
2025,Rajasthan,AR VR (Augmented + Virtual Reality),6.0,0.005719733079122974,14.471424255333186,1049.0,1521722.0,-15.810593900481539,1.8797659731447203,9.136822476825701,0.0006893506172612343,0.044185530459421606,55.487804878048784,34.603658536585364,20.88414634146342,63.364993215739496
2025,Rajasthan,Advertising,7.0,0.00667302192564347,-4.353440861380542,1049.0,1521722.0,-15.810593900481539,1.8797659731447203,9.136822476825701,0.0006893506172612343,0.044185530459421606,55.487804878048784,38.56707317073171,16.920731707317074,61.01311623699684
2025,Rajasthan,Aeronautics Aerospace & Defence,5.0,0.004766444232602479,-5.896397111897144,1049.0,1521722.0,-15.810593900481539,1.8797659731447203,9.136822476825701,0.0006893506172612343,0.044185530459421606,55.487804878048784,31.402439024390244,24.08536585365854,65.26458616010855
2025,Rajasthan,Agriculture,65.0,0.06196377502383222,1.5875661868801405,1049.0,1521722.0,-15.810593900481539,1.8797659731447203,9.136822476825701,0.0006893506172612343,0.044185530459421606,55.487804878048784,89.2530487804878,-33.76524390243902,30.936227951153327
2025,Rajasthan,Analytics,5.0,0.004766444232602479,70.99759466766969,1049.0,1521722.0,-15.810593900481539,1.8797659731447203,9.136822476825701,0.0006893506172612343,0.044185530459421606,55.487804878048784,31.402439024390244,24.08536585365854,65.26458616010855
2025,Rajasthan,Architecture Interior Design,6.0,0.005719733079122974,0.0,1049.0,1521722.0,-15.810593900481539,1.8797659731447203,9.136822476825701,0.0006893506172612343,0.044185530459421606,55.487804878048784,34.603658536585364,20.88414634146342,63.364993215739496
2025,Rajasthan,Art & Photography,7.0,0.00667302192564347,5.272659960939663,1049.0,1521722.0,-15.810593900481539,1.8797659731447203,9.136822476825701,0.0006893506172612343,0.044185530459421606,55.487804878048784,38.56707317073171,16.920731707317074,61.01311623699684
2025,Rajasthan,Automotive,12.0,0.011439466158245948,-25.482018457013,1049.0,1521722.0,-15.810593900481539,1.8797659731447203,9.136822476825701,0.0006893506172612343,0.044185530459421606,55.487804878048784,52.97256097560976,2.5152439024390247,52.46494798733605
2025,Rajasthan,Biotechnology,3.0,0.002859866539561487,14.471424255333186,1049.0,1521722.0,-15.810593900481539,1.8797659731447203,9.136822476825701,0.0006893506172612343,0.044185530459421606,55.487804878048784,21.722560975609756,33.765243902439025,71.0085933966531
2025,Rajasthan,Chemicals,13.0,0.012392755004766444,13.040381433805548,1049.0,1521722.0,-15.810593900481539,1.8797659731447203,9.136822476825701,0.0006893506172612343,0.044185530459421606,55.487804878048784,54.420731707317074,1.0670731707317103,51.60560832202624
2025,Rajasthan,Computer Vision,3.0,0.002859866539561487,44.22495703074083,1049.0,1521722.0,-15.810593900481539,1.8797659731447203,9.136822476825701,0.0006893506172612343,0.044185530459421606,55.487804878048784,21.722560975609756,33.765243902439025,71.0085933966531
2025,Rajasthan,Construction,81.0,0.07721639656816015,8.738037300289214,1049.0,1521722.0,-15.810593900481539,1.8797659731447203,9.136822476825701,0.0006893506172612343,0.044185530459421606,55.487804878048784,91.61585365853658,-36.128048780487795,29.53414744459521
2025,Rajasthan,Dating Matrimonial,1.0,0.0009532888465204957,0.0,1049.0,1521722.0,-15.810593900481539,1.8797659731447203,9.136822476825701,0.0006893506172612343,0.044185530459421606,55.487804878048784,4.954268292682927,50.53353658536586,80.95884215287201
2025,Rajasthan,Design,3.0,0.002859866539561487,44.22495703074083,1049.0,1521722.0,-15.810593900481539,1.8797659731447203,9.136822476825701,0.0006893506172612343,0.044185530459421606,55.487804878048784,21.722560975609756,33.765243902439025,71.0085933966531
2025,Rajasthan,Education,51.0,0.04861773117254528,-15.323357409482153,1049.0,1521722.0,-15.810593900481539,1.8797659731447203,9.136822476825701,0.0006893506172612343,0.044185530459421606,55.487804878048784,84.60365853658537,-29.115853658536587,33.6951605608322
2025,Rajasthan,Enterprise Software,17.0,0.016205910390848427,19.348319192733697,1049.0,1521722.0,-15.810593900481539,1.8797659731447203,9.136822476825701,0.0006893506172612343,0.044185530459421606,55.487804878048784,63.1859756097561,-7.6981707317073145,46.404341926729984
2025,Rajasthan,Events,6.0,0.005719733079122974,-9.143970358393016,1049.0,1521722.0,-15.810593900481539,1.8797659731447203,9.136822476825701,0.0006893506172612343,0.044185530459421606,55.487804878048784,34.603658536585364,20.88414634146342,63.364993215739496
2025,Rajasthan,Fashion,33.0,0.03145853193517636,5.629519164543795,1049.0,1521722.0,-15.810593900481539,1.8797659731447203,9.136822476825701,0.0006893506172612343,0.044185530459421606,55.487804878048784,77.28658536585365,-21.79878048780487,38.03708729081863
2025,Rajasthan,Finance Technology,35.0,0.03336510962821735,3.032132495213924,1049.0,1521722.0,-15.810593900481539,1.8797659731447203,9.136822476825701,0.0006893506172612343,0.044185530459421606,55.487804878048784,78.27743902439023,-22.78963414634145,37.44911804613298
2025,Rajasthan,Food & Beverages,63.0,0.06005719733079123,12.710045297240802,1049.0,1521722.0,-15.810593900481539,1.8797659731447203,9.136822476825701,0.0006893506172612343,0.044185530459421606,55.487804878048784,88.1859756097561,-32.698170731707314,31.569425599276347
2025,Rajasthan,Green Technology,20.0,0.019065776930409915,5.566719197800074,1049.0,1521722.0,-15.810593900481539,1.8797659731447203,9.136822476825701,0.0006893506172612343,0.044185530459421606,55.487804878048784,67.60670731707317,-12.118902439024389,43.78109452736319
2025,Rajasthan,Healthcare & Lifesciences,95.0,0.0905624404194471,8.198385552319753,1049.0,1521722.0,-15.810593900481539,1.8797659731447203,9.136822476825701,0.0006893506172612343,0.044185530459421606,55.487804878048784,93.3689024390244,-37.88109756097561,28.493894165535956
2025,Rajasthan,House-Hold Services,8.0,0.0076263107721639654,0.0,1049.0,1521722.0,-15.810593900481539,1.8797659731447203,9.136822476825701,0.0006893506172612343,0.044185530459421606,55.487804878048784,42.98780487804878,12.500000000000007,58.38986883763005
2025,Rajasthan,Human Resources,15.0,0.014299332697807437,-11.985101445609192,1049.0,1521722.0,-15.810593900481539,1.8797659731447203,9.136822476825701,0.0006893506172612343,0.044185530459421606,55.487804878048784,58.91768292682927,-3.4298780487804876,48.937132519222075
2025,Rajasthan,IT Services,101.0,0.09628217349857007,8.53373801717916,1049.0,1521722.0,-15.810593900481539,1.8797659731447203,9.136822476825701,0.0006893506172612343,0.044185530459421606,55.487804878048784,94.66463414634147,-39.176829268292686,27.725011307100857
2025,Rajasthan,Indic Language Startups,2.0,0.0019065776930409914,-34.13662439916505,1049.0,1521722.0,-15.810593900481539,1.8797659731447203,9.136822476825701,0.0006893506172612343,0.044185530459421606,55.487804878048784,14.176829268292682,41.3109756097561,75.4862053369516
2025,Rajasthan,Internet of Things,8.0,0.0076263107721639654,-10.07113739547817,1049.0,1521722.0,-15.810593900481539,1.8797659731447203,9.136822476825701,0.0006893506172612343,0.044185530459421606,55.487804878048784,42.98780487804878,12.500000000000007,58.38986883763005
2025,Rajasthan,Logistics,7.0,0.00667302192564347,32.63524026321307,1049.0,1521722.0,-15.810593900481539,1.8797659731447203,9.136822476825701,0.0006893506172612343,0.044185530459421606,55.487804878048784,38.56707317073171,16.920731707317074,61.01311623699684
2025,Rajasthan,Marketing,14.0,0.01334604385128694,-16.44503441725692,1049.0,1521722.0,-15.810593900481539,1.8797659731447203,9.136822476825701,0.0006893506172612343,0.044185530459421606,55.487804878048784,56.40243902439024,-0.9146341463414558,50.42966983265491
2025,Rajasthan,Media & Entertainment,14.0,0.01334604385128694,20.507113208761506,1049.0,1521722.0,-15.810593900481539,1.8797659731447203,9.136822476825701,0.0006893506172612343,0.044185530459421606,55.487804878048784,56.40243902439024,-0.9146341463414558,50.42966983265491
2025,Rajasthan,Nanotechnology,1.0,0.0009532888465204957,-20.62994740159002,1049.0,1521722.0,-15.810593900481539,1.8797659731447203,9.136822476825701,0.0006893506172612343,0.044185530459421606,55.487804878048784,4.954268292682927,50.53353658536586,80.95884215287201
2025,Rajasthan,Non- Renewable Energy,2.0,0.0019065776930409914,-57.47096297170098,1049.0,1521722.0,-15.810593900481539,1.8797659731447203,9.136822476825701,0.0006893506172612343,0.044185530459421606,55.487804878048784,14.176829268292682,41.3109756097561,75.4862053369516
2025,Rajasthan,Other Specialty Retailers,15.0,0.014299332697807437,7.721734501594191,1049.0,1521722.0,-15.810593900481539,1.8797659731447203,9.136822476825701,0.0006893506172612343,0.044185530459421606,55.487804878048784,58.91768292682927,-3.4298780487804876,48.937132519222075
2025,Rajasthan,Pets & Animals,2.0,0.0019065776930409914,0.0,1049.0,1521722.0,-15.810593900481539,1.8797659731447203,9.136822476825701,0.0006893506172612343,0.044185530459421606,55.487804878048784,14.176829268292682,41.3109756097561,75.4862053369516
2025,Rajasthan,Professional & Commercial Services,30.0,0.028598665395614873,-8.373967292582096,1049.0,1521722.0,-15.810593900481539,1.8797659731447203,9.136822476825701,0.0006893506172612343,0.044185530459421606,55.487804878048784,75.45731707317073,-19.969512195121943,39.12256897331525
2025,Rajasthan,Real Estate,15.0,0.014299332697807437,10.891823393038823,1049.0,1521722.0,-15.810593900481539,1.8797659731447203,9.136822476825701,0.0006893506172612343,0.044185530459421606,55.487804878048784,58.91768292682927,-3.4298780487804876,48.937132519222075
2025,Rajasthan,Renewable Energy,72.0,0.06863679694947569,21.644039911467992,1049.0,1521722.0,-15.810593900481539,1.8797659731447203,9.136822476825701,0.0006893506172612343,0.044185530459421606,55.487804878048784,90.625,-35.137195121951216,30.12211668928087
2025,Rajasthan,Retail,20.0,0.019065776930409915,-1.6131853193803058,1049.0,1521722.0,-15.810593900481539,1.8797659731447203,9.136822476825701,0.0006893506172612343,0.044185530459421606,55.487804878048784,67.60670731707317,-12.118902439024389,43.78109452736319
2025,Rajasthan,Robotics,4.0,0.0038131553860819827,58.74010519681994,1049.0,1521722.0,-15.810593900481539,1.8797659731447203,9.136822476825701,0.0006893506172612343,0.044185530459421606,55.487804878048784,27.36280487804878,28.125000000000004,67.66169154228857
2025,Rajasthan,Security Solutions,7.0,0.00667302192564347,5.272659960939663,1049.0,1521722.0,-15.810593900481539,1.8797659731447203,9.136822476825701,0.0006893506172612343,0.044185530459421606,55.487804878048784,38.56707317073171,16.920731707317074,61.01311623699684
2025,Rajasthan,Social Impact,17.0,0.016205910390848427,34.41579152532328,1049.0,1521722.0,-15.810593900481539,1.8797659731447203,9.136822476825701,0.0006893506172612343,0.044185530459421606,55.487804878048784,63.1859756097561,-7.6981707317073145,46.404341926729984
2025,Rajasthan,Social Network,1.0,0.0009532888465204957,-53.5841116638722,1049.0,1521722.0,-15.810593900481539,1.8797659731447203,9.136822476825701,0.0006893506172612343,0.044185530459421606,55.487804878048784,4.954268292682927,50.53353658536586,80.95884215287201
2025,Rajasthan,Sports,5.0,0.004766444232602479,-10.609646490343238,1049.0,1521722.0,-15.810593900481539,1.8797659731447203,9.136822476825701,0.0006893506172612343,0.044185530459421606,55.487804878048784,31.402439024390244,24.08536585365854,65.26458616010855
2025,Rajasthan,Technology Hardware,17.0,0.016205910390848427,-15.323357409482153,1049.0,1521722.0,-15.810593900481539,1.8797659731447203,9.136822476825701,0.0006893506172612343,0.044185530459421606,55.487804878048784,63.1859756097561,-7.6981707317073145,46.404341926729984
2025,Rajasthan,Telecommunication & Networking,3.0,0.002859866539561487,-24.60525588708462,1049.0,1521722.0,-15.810593900481539,1.8797659731447203,9.136822476825701,0.0006893506172612343,0.044185530459421606,55.487804878048784,21.722560975609756,33.765243902439025,71.0085933966531
2025,Rajasthan,Textiles & Apparel,37.0,0.03527168732125834,24.87707213199899,1049.0,1521722.0,-15.810593900481539,1.8797659731447203,9.136822476825701,0.0006893506172612343,0.044185530459421606,55.487804878048784,79.4969512195122,-24.009146341463413,36.72546359113523
2025,Rajasthan,Toys and Games,5.0,0.004766444232602479,35.72088082974532,1049.0,1521722.0,-15.810593900481539,1.8797659731447203,9.136822476825701,0.0006893506172612343,0.044185530459421606,55.487804878048784,31.402439024390244,24.08536585365854,65.26458616010855
2025,Rajasthan,Transportation & Storage,14.0,0.01334604385128694,8.37067626618271,1049.0,1521722.0,-15.810593900481539,1.8797659731447203,9.136822476825701,0.0006893506172612343,0.044185530459421606,55.487804878048784,56.40243902439024,-0.9146341463414558,50.42966983265491
2025,Rajasthan,Travel & Tourism,18.0,0.017159199237368923,4.0041911525952045,1049.0,1521722.0,-15.810593900481539,1.8797659731447203,9.136822476825701,0.0006893506172612343,0.044185530459421606,55.487804878048784,65.01524390243902,-9.52743902439024,45.318860244233385
2025,Rajasthan,Waste Management,17.0,0.016205910390848427,9.354129979287684,1049.0,1521722.0,-15.810593900481539,1.8797659731447203,9.136822476825701,0.0006893506172612343,0.044185530459421606,55.487804878048784,63.1859756097561,-7.6981707317073145,46.404341926729984
2025,Tamil Nadu,AI,96.0,0.05568445475638051,50.78948822583076,1724.0,2896553.0,-35.09036144578314,-1.6276747440853279,12.855777513961097,0.0005951902140233581,0.0469167874344047,87.57621951219512,93.97865853658537,-6.402439024390247,47.17322478516508
2025,Tamil Nadu,AR VR (Augmented + Virtual Reality),8.0,0.004640371229698376,-22.21777625343594,1724.0,2896553.0,-35.09036144578314,-1.6276747440853279,12.855777513961097,0.0005951902140233581,0.0469167874344047,87.57621951219512,42.98780487804878,44.588414634146346,77.43102668475804
2025,Tamil Nadu,Advertising,8.0,0.004640371229698376,0.0,1724.0,2896553.0,-35.09036144578314,-1.6276747440853279,12.855777513961097,0.0005951902140233581,0.0469167874344047,87.57621951219512,42.98780487804878,44.588414634146346,77.43102668475804
2025,Tamil Nadu,Aeronautics Aerospace & Defence,33.0,0.0191415313225058,-3.74187335661752,1724.0,2896553.0,-35.09036144578314,-1.6276747440853279,12.855777513961097,0.0005951902140233581,0.0469167874344047,87.57621951219512,77.28658536585365,10.28963414634147,57.07824513794664
2025,Tamil Nadu,Agriculture,109.0,0.06322505800464037,-1.4838989489907695,1724.0,2896553.0,-35.09036144578314,-1.6276747440853279,12.855777513961097,0.0005951902140233581,0.0469167874344047,87.57621951219512,95.35060975609755,-7.774390243902431,46.359113523292635
2025,Tamil Nadu,Airport Operations,1.0,0.000580046403712297,,1724.0,2896553.0,-35.09036144578314,-1.6276747440853279,12.855777513961097,0.0005951902140233581,0.0469167874344047,87.57621951219512,4.954268292682927,82.6219512195122,100.0
2025,Tamil Nadu,Analytics,11.0,0.0063805104408352666,-2.858721945809062,1724.0,2896553.0,-35.09036144578314,-1.6276747440853279,12.855777513961097,0.0005951902140233581,0.0469167874344047,87.57621951219512,51.0670731707317,36.50914634146342,72.636815920398
2025,Tamil Nadu,Animation,3.0,0.0017401392111368909,14.471424255333186,1724.0,2896553.0,-35.09036144578314,-1.6276747440853279,12.855777513961097,0.0005951902140233581,0.0469167874344047,87.57621951219512,21.722560975609756,65.85365853658537,90.0497512437811
2025,Tamil Nadu,Architecture Interior Design,7.0,0.004060324825986079,-11.209599825739936,1724.0,2896553.0,-35.09036144578314,-1.6276747440853279,12.855777513961097,0.0005951902140233581,0.0469167874344047,87.57621951219512,38.56707317073171,49.00914634146341,80.05427408412484
2025,Tamil Nadu,Art & Photography,9.0,0.005220417633410673,14.471424255333186,1724.0,2896553.0,-35.09036144578314,-1.6276747440853279,12.855777513961097,0.0005951902140233581,0.0469167874344047,87.57621951219512,46.1890243902439,41.38719512195122,75.53143374038896
2025,Tamil Nadu,Automotive,47.0,0.027262180974477957,-1.37948654429203,1724.0,2896553.0,-35.09036144578314,-1.6276747440853279,12.855777513961097,0.0005951902140233581,0.0469167874344047,87.57621951219512,82.92682926829268,4.649390243902445,53.73134328358209
2025,Tamil Nadu,Biotechnology,17.0,0.009860788863109048,4.260360145884445,1724.0,2896553.0,-35.09036144578314,-1.6276747440853279,12.855777513961097,0.0005951902140233581,0.0469167874344047,87.57621951219512,63.1859756097561,24.390243902439025,65.44549977385799
2025,Tamil Nadu,Chemicals,13.0,0.0075406032482598605,5.726427034643122,1724.0,2896553.0,-35.09036144578314,-1.6276747440853279,12.855777513961097,0.0005951902140233581,0.0469167874344047,87.57621951219512,54.420731707317074,33.15548780487805,70.64676616915423
2025,Tamil Nadu,Computer Vision,4.0,0.002320185614849188,25.99210498948732,1724.0,2896553.0,-35.09036144578314,-1.6276747440853279,12.855777513961097,0.0005951902140233581,0.0469167874344047,87.57621951219512,27.36280487804878,60.213414634146346,86.70284938941657
2025,Tamil Nadu,Construction,76.0,0.04408352668213457,0.8929043886532817,1724.0,2896553.0,-35.09036144578314,-1.6276747440853279,12.855777513961097,0.0005951902140233581,0.0469167874344047,87.57621951219512,91.23475609756098,-3.6585365853658516,48.80144730890999
2025,Tamil Nadu,Dating Matrimonial,2.0,0.001160092807424594,0.0,1724.0,2896553.0,-35.09036144578314,-1.6276747440853279,12.855777513961097,0.0005951902140233581,0.0469167874344047,87.57621951219512,14.176829268292682,73.39939024390245,94.52736318407962
2025,Tamil Nadu,Design,8.0,0.004640371229698376,-23.685717163111207,1724.0,2896553.0,-35.09036144578314,-1.6276747440853279,12.855777513961097,0.0005951902140233581,0.0469167874344047,87.57621951219512,42.98780487804878,44.588414634146346,77.43102668475804
2025,Tamil Nadu,Education,102.0,0.05916473317865429,-3.0694412150361616,1724.0,2896553.0,-35.09036144578314,-1.6276747440853279,12.855777513961097,0.0005951902140233581,0.0469167874344047,87.57621951219512,94.89329268292683,-7.317073170731703,46.630483943916786
2025,Tamil Nadu,Enterprise Software,32.0,0.018561484918793503,-2.000538994071077,1724.0,2896553.0,-35.09036144578314,-1.6276747440853279,12.855777513961097,0.0005951902140233581,0.0469167874344047,87.57621951219512,76.67682926829268,10.899390243902445,57.4400723654455
2025,Tamil Nadu,Events,5.0,0.002900232018561485,0.0,1724.0,2896553.0,-35.09036144578314,-1.6276747440853279,12.855777513961097,0.0005951902140233581,0.0469167874344047,87.57621951219512,31.402439024390244,56.173780487804876,84.30574400723656
2025,Tamil Nadu,Fashion,30.0,0.01740139211136891,10.891823393038823,1724.0,2896553.0,-35.09036144578314,-1.6276747440853279,12.855777513961097,0.0005951902140233581,0.0469167874344047,87.57621951219512,75.45731707317073,12.118902439024396,58.16372682044324
2025,Tamil Nadu,Finance Technology,60.0,0.03480278422273782,2.3264108093813185,1724.0,2896553.0,-35.09036144578314,-1.6276747440853279,12.855777513961097,0.0005951902140233581,0.0469167874344047,87.57621951219512,87.42378048780488,0.15243902439024737,51.06286748077793
2025,Tamil Nadu,Food & Beverages,91.0,0.05278422273781903,-4.044901436865079,1724.0,2896553.0,-35.09036144578314,-1.6276747440853279,12.855777513961097,0.0005951902140233581,0.0469167874344047,87.57621951219512,92.6829268292683,-5.106707317073173,47.94210764360018
2025,Tamil Nadu,Green Technology,40.0,0.02320185614849188,0.8474980349111538,1724.0,2896553.0,-35.09036144578314,-1.6276747440853279,12.855777513961097,0.0005951902140233581,0.0469167874344047,87.57621951219512,80.5640243902439,7.012195121951223,55.13342379014021
2025,Tamil Nadu,Healthcare & Lifesciences,134.0,0.0777262180974478,-2.818414356928578,1724.0,2896553.0,-35.09036144578314,-1.6276747440853279,12.855777513961097,0.0005951902140233581,0.0469167874344047,87.57621951219512,96.1890243902439,-8.612804878048777,45.86160108548169
2025,Tamil Nadu,House-Hold Services,15.0,0.008700696055684454,10.891823393038823,1724.0,2896553.0,-35.09036144578314,-1.6276747440853279,12.855777513961097,0.0005951902140233581,0.0469167874344047,87.57621951219512,58.91768292682927,28.65853658536585,67.97829036635007
2025,Tamil Nadu,Human Resources,20.0,0.01160092807424594,-13.591572720467937,1724.0,2896553.0,-35.09036144578314,-1.6276747440853279,12.855777513961097,0.0005951902140233581,0.0469167874344047,87.57621951219512,67.60670731707317,19.96951219512195,62.822252374491185
2025,Tamil Nadu,IT Services,202.0,0.11716937354988399,-4.234772552159749,1724.0,2896553.0,-35.09036144578314,-1.6276747440853279,12.855777513961097,0.0005951902140233581,0.0469167874344047,87.57621951219512,98.47560975609755,-10.899390243902431,44.50474898236092
2025,Tamil Nadu,Indic Language Startups,7.0,0.004060324825986079,-11.209599825739936,1724.0,2896553.0,-35.09036144578314,-1.6276747440853279,12.855777513961097,0.0005951902140233581,0.0469167874344047,87.57621951219512,38.56707317073171,49.00914634146341,80.05427408412484
2025,Tamil Nadu,Internet of Things,26.0,0.015081206496519721,-3.5745257897990657,1724.0,2896553.0,-35.09036144578314,-1.6276747440853279,12.855777513961097,0.0005951902140233581,0.0469167874344047,87.57621951219512,73.09451219512195,14.481707317073173,59.565807327001366
2025,Tamil Nadu,Logistics,24.0,0.013921113689095127,29.69986344960558,1724.0,2896553.0,-35.09036144578314,-1.6276747440853279,12.855777513961097,0.0005951902140233581,0.0469167874344047,87.57621951219512,72.02743902439023,15.54878048780489,60.199004975124396
2025,Tamil Nadu,Marketing,19.0,0.011020881670533642,-21.975462464605755,1724.0,2896553.0,-35.09036144578314,-1.6276747440853279,12.855777513961097,0.0005951902140233581,0.0469167874344047,87.57621951219512,66.15853658536585,21.417682926829272,63.681592039801004
2025,Tamil Nadu,Media & Entertainment,22.0,0.012761020881670533,1.5627524178942975,1724.0,2896553.0,-35.09036144578314,-1.6276747440853279,12.855777513961097,0.0005951902140233581,0.0469167874344047,87.57621951219512,69.8170731707317,17.75914634146342,61.51062867480779
2025,Tamil Nadu,Nanotechnology,3.0,0.0017401392111368909,14.471424255333186,1724.0,2896553.0,-35.09036144578314,-1.6276747440853279,12.855777513961097,0.0005951902140233581,0.0469167874344047,87.57621951219512,21.722560975609756,65.85365853658537,90.0497512437811
2025,Tamil Nadu,Non- Renewable Energy,3.0,0.0017401392111368909,-47.72420414252898,1724.0,2896553.0,-35.09036144578314,-1.6276747440853279,12.855777513961097,0.0005951902140233581,0.0469167874344047,87.57621951219512,21.722560975609756,65.85365853658537,90.0497512437811
2025,Tamil Nadu,Other Specialty Retailers,24.0,0.013921113689095127,33.88659001643391,1724.0,2896553.0,-35.09036144578314,-1.6276747440853279,12.855777513961097,0.0005951902140233581,0.0469167874344047,87.57621951219512,72.02743902439023,15.54878048780489,60.199004975124396
2025,Tamil Nadu,Pets & Animals,4.0,0.002320185614849188,-17.017346663375655,1724.0,2896553.0,-35.09036144578314,-1.6276747440853279,12.855777513961097,0.0005951902140233581,0.0469167874344047,87.57621951219512,27.36280487804878,60.213414634146346,86.70284938941657
2025,Tamil Nadu,Professional & Commercial Services,66.0,0.0382830626450116,-10.480282556583486,1724.0,2896553.0,-35.09036144578314,-1.6276747440853279,12.855777513961097,0.0005951902140233581,0.0469167874344047,87.57621951219512,89.78658536585365,-2.21036585365853,49.66078697421982
2025,Tamil Nadu,Real Estate,14.0,0.008120649651972157,20.507113208761506,1724.0,2896553.0,-35.09036144578314,-1.6276747440853279,12.855777513961097,0.0005951902140233581,0.0469167874344047,87.57621951219512,56.40243902439024,31.173780487804883,69.47082767978291
2025,Tamil Nadu,Renewable Energy,73.0,0.04234338747099768,12.698350957532734,1724.0,2896553.0,-35.09036144578314,-1.6276747440853279,12.855777513961097,0.0005951902140233581,0.0469167874344047,87.57621951219512,90.85365853658537,-3.2774390243902474,49.02758932609679
2025,Tamil Nadu,Retail,33.0,0.0191415313225058,-7.724115558366041,1724.0,2896553.0,-35.09036144578314,-1.6276747440853279,12.855777513961097,0.0005951902140233581,0.0469167874344047,87.57621951219512,77.28658536585365,10.28963414634147,57.07824513794664
2025,Tamil Nadu,Robotics,16.0,0.009280742459396751,-2.000538994071077,1724.0,2896553.0,-35.09036144578314,-1.6276747440853279,12.855777513961097,0.0005951902140233581,0.0469167874344047,87.57621951219512,60.97560975609756,26.600609756097562,66.75712347354138
2025,Tamil Nadu,Safety,4.0,0.002320185614849188,0.0,1724.0,2896553.0,-35.09036144578314,-1.6276747440853279,12.855777513961097,0.0005951902140233581,0.0469167874344047,87.57621951219512,27.36280487804878,60.213414634146346,86.70284938941657
2025,Tamil Nadu,Security Solutions,7.0,0.004060324825986079,-8.035860787295979,1724.0,2896553.0,-35.09036144578314,-1.6276747440853279,12.855777513961097,0.0005951902140233581,0.0469167874344047,87.57621951219512,38.56707317073171,49.00914634146341,80.05427408412484
2025,Tamil Nadu,Social Impact,7.0,0.004060324825986079,32.63524026321307,1724.0,2896553.0,-35.09036144578314,-1.6276747440853279,12.855777513961097,0.0005951902140233581,0.0469167874344047,87.57621951219512,38.56707317073171,49.00914634146341,80.05427408412484
2025,Tamil Nadu,Social Network,4.0,0.002320185614849188,0.0,1724.0,2896553.0,-35.09036144578314,-1.6276747440853279,12.855777513961097,0.0005951902140233581,0.0469167874344047,87.57621951219512,27.36280487804878,60.213414634146346,86.70284938941657
2025,Tamil Nadu,Sports,7.0,0.004060324825986079,0.0,1724.0,2896553.0,-35.09036144578314,-1.6276747440853279,12.855777513961097,0.0005951902140233581,0.0469167874344047,87.57621951219512,38.56707317073171,49.00914634146341,80.05427408412484
2025,Tamil Nadu,Technology Hardware,54.0,0.031322505800464036,-6.937870580189354,1724.0,2896553.0,-35.09036144578314,-1.6276747440853279,12.855777513961097,0.0005951902140233581,0.0469167874344047,87.57621951219512,86.1280487804878,1.4481707317073216,51.83175033921303
2025,Tamil Nadu,Telecommunication & Networking,15.0,0.008700696055684454,-4.086270313974749,1724.0,2896553.0,-35.09036144578314,-1.6276747440853279,12.855777513961097,0.0005951902140233581,0.0469167874344047,87.57621951219512,58.91768292682927,28.65853658536585,67.97829036635007
2025,Tamil Nadu,Textiles & Apparel,36.0,0.02088167053364269,-3.451061539437028,1724.0,2896553.0,-35.09036144578314,-1.6276747440853279,12.855777513961097,0.0005951902140233581,0.0469167874344047,87.57621951219512,78.8109756097561,8.765243902439025,56.17367706919946
2025,Tamil Nadu,Toys and Games,6.0,0.0034802784222737818,6.265856918261115,1724.0,2896553.0,-35.09036144578314,-1.6276747440853279,12.855777513961097,0.0005951902140233581,0.0469167874344047,87.57621951219512,34.603658536585364,52.97256097560976,82.4061510628675
2025,Tamil Nadu,Transportation & Storage,13.0,0.0075406032482598605,-6.687221079568795,1724.0,2896553.0,-35.09036144578314,-1.6276747440853279,12.855777513961097,0.0005951902140233581,0.0469167874344047,87.57621951219512,54.420731707317074,33.15548780487805,70.64676616915423
2025,Tamil Nadu,Travel & Tourism,22.0,0.012761020881670533,19.16803444819315,1724.0,2896553.0,-35.09036144578314,-1.6276747440853279,12.855777513961097,0.0005951902140233581,0.0469167874344047,87.57621951219512,69.8170731707317,17.75914634146342,61.51062867480779
2025,Tamil Nadu,Waste Management,32.0,0.018561484918793503,8.576704663796253,1724.0,2896553.0,-35.09036144578314,-1.6276747440853279,12.855777513961097,0.0005951902140233581,0.0469167874344047,87.57621951219512,76.67682926829268,10.899390243902445,57.4400723654455
2025,Telangana,AI,109.0,0.06491959499702203,79.01563594532087,1679.0,1481185.0,-7.186290768380321,6.729794326326077,10.875937761528975,0.0011335518520643943,0.05383385332183494,47.63719512195122,95.35060975609755,-47.71341463414633,22.659430122116692
2025,Telangana,AR VR (Augmented + Virtual Reality),9.0,0.005360333531864205,-13.69456260028179,1679.0,1481185.0,-7.186290768380321,6.729794326326077,10.875937761528975,0.0011335518520643943,0.05383385332183494,47.63719512195122,46.1890243902439,1.4481707317073216,51.83175033921303
2025,Telangana,Advertising,11.0,0.006551518761167362,16.260329205681458,1679.0,1481185.0,-7.186290768380321,6.729794326326077,10.875937761528975,0.0011335518520643943,0.05383385332183494,47.63719512195122,51.0670731707317,-3.4298780487804805,48.937132519222075
2025,Telangana,Aeronautics Aerospace & Defence,44.0,0.026206075044669448,7.926529166647334,1679.0,1481185.0,-7.186290768380321,6.729794326326077,10.875937761528975,0.0011335518520643943,0.05383385332183494,47.63719512195122,82.01219512195121,-34.374999999999986,30.57440072365446
2025,Telangana,Agriculture,85.0,0.05062537224538416,6.182641647800335,1679.0,1481185.0,-7.186290768380321,6.729794326326077,10.875937761528975,0.0011335518520643943,0.05383385332183494,47.63719512195122,92.07317073170732,-44.4359756097561,24.604251469923106
2025,Telangana,Analytics,5.0,0.0029779630732578916,-20.62994740159002,1679.0,1481185.0,-7.186290768380321,6.729794326326077,10.875937761528975,0.0011335518520643943,0.05383385332183494,47.63719512195122,31.402439024390244,16.23475609756098,60.60606060606061
2025,Telangana,Animation,3.0,0.001786777843954735,14.471424255333186,1679.0,1481185.0,-7.186290768380321,6.729794326326077,10.875937761528975,0.0011335518520643943,0.05383385332183494,47.63719512195122,21.722560975609756,25.914634146341466,66.35006784260517
2025,Telangana,Architecture Interior Design,12.0,0.00714711137581894,2.9428498400178693,1679.0,1481185.0,-7.186290768380321,6.729794326326077,10.875937761528975,0.0011335518520643943,0.05383385332183494,47.63719512195122,52.97256097560976,-5.335365853658537,47.80642243328811
2025,Telangana,Art & Photography,1.0,0.0005955926146515784,-30.663872564936533,1679.0,1481185.0,-7.186290768380321,6.729794326326077,10.875937761528975,0.0011335518520643943,0.05383385332183494,47.63719512195122,4.954268292682927,42.6829268292683,76.30031659882405
2025,Telangana,Automotive,36.0,0.02144133412745682,-6.470213835438399,1679.0,1481185.0,-7.186290768380321,6.729794326326077,10.875937761528975,0.0011335518520643943,0.05383385332183494,47.63719512195122,78.8109756097561,-31.173780487804876,32.47399366802352
2025,Telangana,Biotechnology,16.0,0.009529481834425254,21.14137285547597,1679.0,1481185.0,-7.186290768380321,6.729794326326077,10.875937761528975,0.0011335518520643943,0.05383385332183494,47.63719512195122,60.97560975609756,-13.33841463414634,43.05744007236545
2025,Telangana,Chemicals,17.0,0.01012507444907683,12.31106834675555,1679.0,1481185.0,-7.186290768380321,6.729794326326077,10.875937761528975,0.0011335518520643943,0.05383385332183494,47.63719512195122,63.1859756097561,-15.548780487804876,41.74581637268204
2025,Telangana,Computer Vision,3.0,0.001786777843954735,-9.143970358393016,1679.0,1481185.0,-7.186290768380321,6.729794326326077,10.875937761528975,0.0011335518520643943,0.05383385332183494,47.63719512195122,21.722560975609756,25.914634146341466,66.35006784260517
2025,Telangana,Construction,74.0,0.044073853484216795,1.8695903921873702,1679.0,1481185.0,-7.186290768380321,6.729794326326077,10.875937761528975,0.0011335518520643943,0.05383385332183494,47.63719512195122,91.0060975609756,-43.36890243902438,25.237449118046136
2025,Telangana,Design,10.0,0.005955926146515783,25.99210498948732,1679.0,1481185.0,-7.186290768380321,6.729794326326077,10.875937761528975,0.0011335518520643943,0.05383385332183494,47.63719512195122,48.6280487804878,-0.9908536585365795,50.38444142921755
2025,Telangana,Education,96.0,0.05717689100655152,6.712357359481946,1679.0,1481185.0,-7.186290768380321,6.729794326326077,10.875937761528975,0.0011335518520643943,0.05383385332183494,47.63719512195122,93.97865853658537,-46.34146341463415,23.47354138398914
2025,Telangana,Enterprise Software,40.0,0.023823704586063133,15.441567326431937,1679.0,1481185.0,-7.186290768380321,6.729794326326077,10.875937761528975,0.0011335518520643943,0.05383385332183494,47.63719512195122,80.5640243902439,-32.92682926829268,31.43374038896427
2025,Telangana,Events,7.0,0.004169148302561048,32.63524026321307,1679.0,1481185.0,-7.186290768380321,6.729794326326077,10.875937761528975,0.0011335518520643943,0.05383385332183494,47.63719512195122,38.56707317073171,9.070121951219512,56.3545906829489
2025,Telangana,Fashion,29.0,0.017272185824895772,38.144978847331615,1679.0,1481185.0,-7.186290768380321,6.729794326326077,10.875937761528975,0.0011335518520643943,0.05383385332183494,47.63719512195122,74.84756097560977,-27.210365853658544,34.82587064676616
2025,Telangana,Finance Technology,31.0,0.01846337105419893,-12.326578782195341,1679.0,1481185.0,-7.186290768380321,6.729794326326077,10.875937761528975,0.0011335518520643943,0.05383385332183494,47.63719512195122,76.0670731707317,-28.42987804878048,34.102216191768434
2025,Telangana,Food & Beverages,87.0,0.051816557474687316,8.560069654394841,1679.0,1481185.0,-7.186290768380321,6.729794326326077,10.875937761528975,0.0011335518520643943,0.05383385332183494,47.63719512195122,92.3780487804878,-44.74085365853658,24.42333785617368
2025,Telangana,Green Technology,24.0,0.01429422275163788,-5.008574840700353,1679.0,1481185.0,-7.186290768380321,6.729794326326077,10.875937761528975,0.0011335518520643943,0.05383385332183494,47.63719512195122,72.02743902439023,-24.39024390243901,36.49932157394844
2025,Telangana,Healthcare & Lifesciences,192.0,0.11435378201310303,5.394786126088191,1679.0,1481185.0,-7.186290768380321,6.729794326326077,10.875937761528975,0.0011335518520643943,0.05383385332183494,47.63719512195122,98.2469512195122,-50.609756097560975,20.94075079149706
2025,Telangana,House-Hold Services,14.0,0.008338296605122097,51.82944859378311,1679.0,1481185.0,-7.186290768380321,6.729794326326077,10.875937761528975,0.0011335518520643943,0.05383385332183494,47.63719512195122,56.40243902439024,-8.765243902439018,45.77114427860697
2025,Telangana,Human Resources,28.0,0.016676593210244194,0.0,1679.0,1481185.0,-7.186290768380321,6.729794326326077,10.875937761528975,0.0011335518520643943,0.05383385332183494,47.63719512195122,74.3140243902439,-26.67682926829268,35.14246947082768
2025,Telangana,IT Services,262.0,0.15604526503871352,13.120393055532652,1679.0,1481185.0,-7.186290768380321,6.729794326326077,10.875937761528975,0.0011335518520643943,0.05383385332183494,47.63719512195122,99.16158536585365,-51.52439024390243,20.398009950248756
2025,Telangana,Indic Language Startups,4.0,0.0023823704586063135,25.99210498948732,1679.0,1481185.0,-7.186290768380321,6.729794326326077,10.875937761528975,0.0011335518520643943,0.05383385332183494,47.63719512195122,27.36280487804878,20.27439024390244,63.00316598824062
2025,Telangana,Internet of Things,15.0,0.008933889219773675,7.721734501594191,1679.0,1481185.0,-7.186290768380321,6.729794326326077,10.875937761528975,0.0011335518520643943,0.05383385332183494,47.63719512195122,58.91768292682927,-11.28048780487805,44.27860696517413
2025,Telangana,Logistics,14.0,0.008338296605122097,15.867554829548336,1679.0,1481185.0,-7.186290768380321,6.729794326326077,10.875937761528975,0.0011335518520643943,0.05383385332183494,47.63719512195122,56.40243902439024,-8.765243902439018,45.77114427860697
2025,Telangana,Marketing,19.0,0.011316259678379988,-7.491681618140877,1679.0,1481185.0,-7.186290768380321,6.729794326326077,10.875937761528975,0.0011335518520643943,0.05383385332183494,47.63719512195122,66.15853658536585,-18.52134146341463,39.98190863862506
2025,Telangana,Media & Entertainment,26.0,0.015485407980941036,9.139288306110593,1679.0,1481185.0,-7.186290768380321,6.729794326326077,10.875937761528975,0.0011335518520643943,0.05383385332183494,47.63719512195122,73.09451219512195,-25.457317073170728,35.86612392582542
2025,Telangana,Nanotechnology,1.0,0.0005955926146515784,0.0,1679.0,1481185.0,-7.186290768380321,6.729794326326077,10.875937761528975,0.0011335518520643943,0.05383385332183494,47.63719512195122,4.954268292682927,42.6829268292683,76.30031659882405
2025,Telangana,Non- Renewable Energy,3.0,0.001786777843954735,-37.00394750525634,1679.0,1481185.0,-7.186290768380321,6.729794326326077,10.875937761528975,0.0011335518520643943,0.05383385332183494,47.63719512195122,21.722560975609756,25.914634146341466,66.35006784260517
2025,Telangana,Other Specialty Retailers,22.0,0.013103037522334724,63.864254120129175,1679.0,1481185.0,-7.186290768380321,6.729794326326077,10.875937761528975,0.0011335518520643943,0.05383385332183494,47.63719512195122,69.8170731707317,-22.17987804878048,37.810945273631845
2025,Telangana,Pets & Animals,3.0,0.001786777843954735,0.0,1679.0,1481185.0,-7.186290768380321,6.729794326326077,10.875937761528975,0.0011335518520643943,0.05383385332183494,47.63719512195122,21.722560975609756,25.914634146341466,66.35006784260517
2025,Telangana,Professional & Commercial Services,47.0,0.02799285288862418,-6.227750569962653,1679.0,1481185.0,-7.186290768380321,6.729794326326077,10.875937761528975,0.0011335518520643943,0.05383385332183494,47.63719512195122,82.92682926829268,-35.289634146341456,30.031659882406153
2025,Telangana,Real Estate,24.0,0.01429422275163788,-2.6328111832561674,1679.0,1481185.0,-7.186290768380321,6.729794326326077,10.875937761528975,0.0011335518520643943,0.05383385332183494,47.63719512195122,72.02743902439023,-24.39024390243901,36.49932157394844
2025,Telangana,Renewable Energy,47.0,0.02799285288862418,30.805554970792628,1679.0,1481185.0,-7.186290768380321,6.729794326326077,10.875937761528975,0.0011335518520643943,0.05383385332183494,47.63719512195122,82.92682926829268,-35.289634146341456,30.031659882406153
2025,Telangana,Retail,35.0,0.02084574151280524,-1.8352782071564544,1679.0,1481185.0,-7.186290768380321,6.729794326326077,10.875937761528975,0.0011335518520643943,0.05383385332183494,47.63719512195122,78.27743902439023,-30.64024390243901,32.79059249208503
2025,Telangana,Robotics,9.0,0.005360333531864205,-9.143970358393016,1679.0,1481185.0,-7.186290768380321,6.729794326326077,10.875937761528975,0.0011335518520643943,0.05383385332183494,47.63719512195122,46.1890243902439,1.4481707317073216,51.83175033921303
2025,Telangana,Safety,2.0,0.0011911852293031567,-30.663872564936533,1679.0,1481185.0,-7.186290768380321,6.729794326326077,10.875937761528975,0.0011335518520643943,0.05383385332183494,47.63719512195122,14.176829268292682,33.460365853658544,70.82767978290367
2025,Telangana,Security Solutions,8.0,0.004764740917212627,-3.850028646172776,1679.0,1481185.0,-7.186290768380321,6.729794326326077,10.875937761528975,0.0011335518520643943,0.05383385332183494,47.63719512195122,42.98780487804878,4.649390243902445,53.73134328358209
2025,Telangana,Social Impact,14.0,0.008338296605122097,8.37067626618271,1679.0,1481185.0,-7.186290768380321,6.729794326326077,10.875937761528975,0.0011335518520643943,0.05383385332183494,47.63719512195122,56.40243902439024,-8.765243902439018,45.77114427860697
2025,Telangana,Social Network,2.0,0.0011911852293031567,-34.13662439916505,1679.0,1481185.0,-7.186290768380321,6.729794326326077,10.875937761528975,0.0011335518520643943,0.05383385332183494,47.63719512195122,14.176829268292682,33.460365853658544,70.82767978290367
2025,Telangana,Sports,7.0,0.004169148302561048,-4.353440861380542,1679.0,1481185.0,-7.186290768380321,6.729794326326077,10.875937761528975,0.0011335518520643943,0.05383385332183494,47.63719512195122,38.56707317073171,9.070121951219512,56.3545906829489
2025,Telangana,Technology Hardware,49.0,0.029184038117927337,15.260907301461168,1679.0,1481185.0,-7.186290768380321,6.729794326326077,10.875937761528975,0.0011335518520643943,0.05383385332183494,47.63719512195122,83.9939024390244,-36.35670731707317,29.39846223428313
2025,Telangana,Telecommunication & Networking,9.0,0.005360333531864205,-3.451061539437028,1679.0,1481185.0,-7.186290768380321,6.729794326326077,10.875937761528975,0.0011335518520643943,0.05383385332183494,47.63719512195122,46.1890243902439,1.4481707317073216,51.83175033921303
2025,Telangana,Textiles & Apparel,14.0,0.008338296605122097,20.507113208761506,1679.0,1481185.0,-7.186290768380321,6.729794326326077,10.875937761528975,0.0011335518520643943,0.05383385332183494,47.63719512195122,56.40243902439024,-8.765243902439018,45.77114427860697
2025,Telangana,Toys and Games,11.0,0.006551518761167362,40.10196653276936,1679.0,1481185.0,-7.186290768380321,6.729794326326077,10.875937761528975,0.0011335518520643943,0.05383385332183494,47.63719512195122,51.0670731707317,-3.4298780487804805,48.937132519222075
2025,Telangana,Transportation & Storage,16.0,0.009529481834425254,-5.567360858263315,1679.0,1481185.0,-7.186290768380321,6.729794326326077,10.875937761528975,0.0011335518520643943,0.05383385332183494,47.63719512195122,60.97560975609756,-13.33841463414634,43.05744007236545
2025,Telangana,Travel & Tourism,19.0,0.011316259678379988,13.48455252486973,1679.0,1481185.0,-7.186290768380321,6.729794326326077,10.875937761528975,0.0011335518520643943,0.05383385332183494,47.63719512195122,66.15853658536585,-18.52134146341463,39.98190863862506
2025,Telangana,Waste Management,14.0,0.008338296605122097,8.37067626618271,1679.0,1481185.0,-7.186290768380321,6.729794326326077,10.875937761528975,0.0011335518520643943,0.05383385332183494,47.63719512195122,56.40243902439024,-8.765243902439018,45.77114427860697
2025,Uttarakhand,AI,9.0,0.033962264150943396,108.00838230519041,265.0,293455.0,-1.486988847583648,3.9388618696061917,9.471175009139543,0.0009030345368114362,0.04963254558372447,10.59451219512195,46.1890243902439,-35.59451219512195,29.850746268656714
2025,Uttarakhand,Advertising,1.0,0.0037735849056603774,0.0,265.0,293455.0,-1.486988847583648,3.9388618696061917,9.471175009139543,0.0009030345368114362,0.04963254558372447,10.59451219512195,4.954268292682927,5.640243902439024,54.31931252826775
2025,Uttarakhand,Agriculture,17.0,0.06415094339622641,-5.273176281409042,265.0,293455.0,-1.486988847583648,3.9388618696061917,9.471175009139543,0.0009030345368114362,0.04963254558372447,10.59451219512195,63.1859756097561,-52.59146341463415,19.76481230212573
2025,Uttarakhand,Art & Photography,2.0,0.007547169811320755,25.99210498948732,265.0,293455.0,-1.486988847583648,3.9388618696061917,9.471175009139543,0.0009030345368114362,0.04963254558372447,10.59451219512195,14.176829268292682,-3.5823170731707314,48.84667571234736
2025,Uttarakhand,Automotive,5.0,0.018867924528301886,-5.896397111897144,265.0,293455.0,-1.486988847583648,3.9388618696061917,9.471175009139543,0.0009030345368114362,0.04963254558372447,10.59451219512195,31.402439024390244,-20.807926829268293,38.62505653550429
2025,Uttarakhand,Biotechnology,3.0,0.011320754716981131,0.0,265.0,293455.0,-1.486988847583648,3.9388618696061917,9.471175009139543,0.0009030345368114362,0.04963254558372447,10.59451219512195,21.722560975609756,-11.128048780487806,44.36906377204885
2025,Uttarakhand,Chemicals,1.0,0.0037735849056603774,0.0,265.0,293455.0,-1.486988847583648,3.9388618696061917,9.471175009139543,0.0009030345368114362,0.04963254558372447,10.59451219512195,4.954268292682927,5.640243902439024,54.31931252826775
2025,Uttarakhand,Computer Vision,2.0,0.007547169811320755,,265.0,293455.0,-1.486988847583648,3.9388618696061917,9.471175009139543,0.0009030345368114362,0.04963254558372447,10.59451219512195,14.176829268292682,-3.5823170731707314,48.84667571234736
2025,Uttarakhand,Construction,23.0,0.08679245283018867,20.946924089664122,265.0,293455.0,-1.486988847583648,3.9388618696061917,9.471175009139543,0.0009030345368114362,0.04963254558372447,10.59451219512195,71.11280487804879,-60.51829268292684,15.061058344640424
2025,Uttarakhand,Dating Matrimonial,2.0,0.007547169811320755,,265.0,293455.0,-1.486988847583648,3.9388618696061917,9.471175009139543,0.0009030345368114362,0.04963254558372447,10.59451219512195,14.176829268292682,-3.5823170731707314,48.84667571234736
2025,Uttarakhand,Design,2.0,0.007547169811320755,25.99210498948732,265.0,293455.0,-1.486988847583648,3.9388618696061917,9.471175009139543,0.0009030345368114362,0.04963254558372447,10.59451219512195,14.176829268292682,-3.5823170731707314,48.84667571234736
2025,Uttarakhand,Education,14.0,0.052830188679245285,-2.273519408117486,265.0,293455.0,-1.486988847583648,3.9388618696061917,9.471175009139543,0.0009030345368114362,0.04963254558372447,10.59451219512195,56.40243902439024,-45.80792682926829,23.790140208050655
2025,Uttarakhand,Events,2.0,0.007547169811320755,25.99210498948732,265.0,293455.0,-1.486988847583648,3.9388618696061917,9.471175009139543,0.0009030345368114362,0.04963254558372447,10.59451219512195,14.176829268292682,-3.5823170731707314,48.84667571234736
2025,Uttarakhand,Fashion,7.0,0.026415094339622643,20.507113208761506,265.0,293455.0,-1.486988847583648,3.9388618696061917,9.471175009139543,0.0009030345368114362,0.04963254558372447,10.59451219512195,38.56707317073171,-27.97256097560976,34.37358661239258
2025,Uttarakhand,Finance Technology,5.0,0.018867924528301886,70.99759466766969,265.0,293455.0,-1.486988847583648,3.9388618696061917,9.471175009139543,0.0009030345368114362,0.04963254558372447,10.59451219512195,31.402439024390244,-20.807926829268293,38.62505653550429
2025,Uttarakhand,Food & Beverages,24.0,0.09056603773584905,-1.3515170267812016,265.0,293455.0,-1.486988847583648,3.9388618696061917,9.471175009139543,0.0009030345368114362,0.04963254558372447,10.59451219512195,72.02743902439023,-61.43292682926828,14.518317503392133
2025,Uttarakhand,Green Technology,8.0,0.03018867924528302,25.99210498948732,265.0,293455.0,-1.486988847583648,3.9388618696061917,9.471175009139543,0.0009030345368114362,0.04963254558372447,10.59451219512195,42.98780487804878,-32.39329268292683,31.75033921302578
2025,Uttarakhand,Healthcare & Lifesciences,27.0,0.1018867924528302,-1.2049365987475746,265.0,293455.0,-1.486988847583648,3.9388618696061917,9.471175009139543,0.0009030345368114362,0.04963254558372447,10.59451219512195,73.78048780487805,-63.1859756097561,13.478064224332877
2025,Uttarakhand,Human Resources,7.0,0.026415094339622643,20.507113208761506,265.0,293455.0,-1.486988847583648,3.9388618696061917,9.471175009139543,0.0009030345368114362,0.04963254558372447,10.59451219512195,38.56707317073171,-27.97256097560976,34.37358661239258
2025,Uttarakhand,IT Services,17.0,0.06415094339622641,4.260360145884445,265.0,293455.0,-1.486988847583648,3.9388618696061917,9.471175009139543,0.0009030345368114362,0.04963254558372447,10.59451219512195,63.1859756097561,-52.59146341463415,19.76481230212573
2025,Uttarakhand,Logistics,3.0,0.011320754716981131,44.22495703074083,265.0,293455.0,-1.486988847583648,3.9388618696061917,9.471175009139543,0.0009030345368114362,0.04963254558372447,10.59451219512195,21.722560975609756,-11.128048780487806,44.36906377204885
2025,Uttarakhand,Marketing,4.0,0.01509433962264151,-7.168223327744416,265.0,293455.0,-1.486988847583648,3.9388618696061917,9.471175009139543,0.0009030345368114362,0.04963254558372447,10.59451219512195,27.36280487804878,-16.76829268292683,41.02216191768431
2025,Uttarakhand,Media & Entertainment,3.0,0.011320754716981131,14.471424255333186,265.0,293455.0,-1.486988847583648,3.9388618696061917,9.471175009139543,0.0009030345368114362,0.04963254558372447,10.59451219512195,21.722560975609756,-11.128048780487806,44.36906377204885
2025,Uttarakhand,Non- Renewable Energy,1.0,0.0037735849056603774,-30.663872564936533,265.0,293455.0,-1.486988847583648,3.9388618696061917,9.471175009139543,0.0009030345368114362,0.04963254558372447,10.59451219512195,4.954268292682927,5.640243902439024,54.31931252826775
2025,Uttarakhand,Other Specialty Retailers,2.0,0.007547169811320755,25.99210498948732,265.0,293455.0,-1.486988847583648,3.9388618696061917,9.471175009139543,0.0009030345368114362,0.04963254558372447,10.59451219512195,14.176829268292682,-3.5823170731707314,48.84667571234736
2025,Uttarakhand,Pets & Animals,1.0,0.0037735849056603774,,265.0,293455.0,-1.486988847583648,3.9388618696061917,9.471175009139543,0.0009030345368114362,0.04963254558372447,10.59451219512195,4.954268292682927,5.640243902439024,54.31931252826775
2025,Uttarakhand,Professional & Commercial Services,9.0,0.033962264150943396,4.0041911525952045,265.0,293455.0,-1.486988847583648,3.9388618696061917,9.471175009139543,0.0009030345368114362,0.04963254558372447,10.59451219512195,46.1890243902439,-35.59451219512195,29.850746268656714
2025,Uttarakhand,Real Estate,1.0,0.0037735849056603774,0.0,265.0,293455.0,-1.486988847583648,3.9388618696061917,9.471175009139543,0.0009030345368114362,0.04963254558372447,10.59451219512195,4.954268292682927,5.640243902439024,54.31931252826775
2025,Uttarakhand,Renewable Energy,6.0,0.022641509433962263,25.99210498948732,265.0,293455.0,-1.486988847583648,3.9388618696061917,9.471175009139543,0.0009030345368114362,0.04963254558372447,10.59451219512195,34.603658536585364,-24.009146341463413,36.72546359113523
2025,Uttarakhand,Retail,7.0,0.026415094339622643,32.63524026321307,265.0,293455.0,-1.486988847583648,3.9388618696061917,9.471175009139543,0.0009030345368114362,0.04963254558372447,10.59451219512195,38.56707317073171,-27.97256097560976,34.37358661239258
2025,Uttarakhand,Robotics,1.0,0.0037735849056603774,0.0,265.0,293455.0,-1.486988847583648,3.9388618696061917,9.471175009139543,0.0009030345368114362,0.04963254558372447,10.59451219512195,4.954268292682927,5.640243902439024,54.31931252826775
2025,Uttarakhand,Security Solutions,3.0,0.011320754716981131,44.22495703074083,265.0,293455.0,-1.486988847583648,3.9388618696061917,9.471175009139543,0.0009030345368114362,0.04963254558372447,10.59451219512195,21.722560975609756,-11.128048780487806,44.36906377204885
2025,Uttarakhand,Social Impact,4.0,0.01509433962264151,58.74010519681994,265.0,293455.0,-1.486988847583648,3.9388618696061917,9.471175009139543,0.0009030345368114362,0.04963254558372447,10.59451219512195,27.36280487804878,-16.76829268292683,41.02216191768431
2025,Uttarakhand,Social Network,1.0,0.0037735849056603774,-20.62994740159002,265.0,293455.0,-1.486988847583648,3.9388618696061917,9.471175009139543,0.0009030345368114362,0.04963254558372447,10.59451219512195,4.954268292682927,5.640243902439024,54.31931252826775
2025,Uttarakhand,Sports,3.0,0.011320754716981131,,265.0,293455.0,-1.486988847583648,3.9388618696061917,9.471175009139543,0.0009030345368114362,0.04963254558372447,10.59451219512195,21.722560975609756,-11.128048780487806,44.36906377204885
2025,Uttarakhand,Technology Hardware,4.0,0.01509433962264151,-23.685717163111207,265.0,293455.0,-1.486988847583648,3.9388618696061917,9.471175009139543,0.0009030345368114362,0.04963254558372447,10.59451219512195,27.36280487804878,-16.76829268292683,41.02216191768431
2025,Uttarakhand,Telecommunication & Networking,1.0,0.0037735849056603774,-20.62994740159002,265.0,293455.0,-1.486988847583648,3.9388618696061917,9.471175009139543,0.0009030345368114362,0.04963254558372447,10.59451219512195,4.954268292682927,5.640243902439024,54.31931252826775
2025,Uttarakhand,Textiles & Apparel,7.0,0.026415094339622643,32.63524026321307,265.0,293455.0,-1.486988847583648,3.9388618696061917,9.471175009139543,0.0009030345368114362,0.04963254558372447,10.59451219512195,38.56707317073171,-27.97256097560976,34.37358661239258
2025,Uttarakhand,Toys and Games,1.0,0.0037735849056603774,,265.0,293455.0,-1.486988847583648,3.9388618696061917,9.471175009139543,0.0009030345368114362,0.04963254558372447,10.59451219512195,4.954268292682927,5.640243902439024,54.31931252826775
2025,Uttarakhand,Transportation & Storage,1.0,0.0037735849056603774,-20.62994740159002,265.0,293455.0,-1.486988847583648,3.9388618696061917,9.471175009139543,0.0009030345368114362,0.04963254558372447,10.59451219512195,4.954268292682927,5.640243902439024,54.31931252826775
2025,Uttarakhand,Travel & Tourism,20.0,0.07547169811320754,15.441567326431937,265.0,293455.0,-1.486988847583648,3.9388618696061917,9.471175009139543,0.0009030345368114362,0.04963254558372447,10.59451219512195,67.60670731707317,-57.01219512195122,17.141564902758926
2025,Uttarakhand,Waste Management,4.0,0.01509433962264151,-7.168223327744416,265.0,293455.0,-1.486988847583648,3.9388618696061917,9.471175009139543,0.0009030345368114362,0.04963254558372447,10.59451219512195,27.36280487804878,-16.76829268292683,41.02216191768431
2025,West Bengal,AI,23.0,0.02541436464088398,48.665409684523084,905.0,1662856.0,-18.24751580849142,-3.3369963801700986,9.761862799651745,0.0005442443603054023,0.046275095757998756,63.262195121951216,71.11280487804879,-7.850609756097576,46.313885119855264
2025,West Bengal,AR VR (Augmented + Virtual Reality),2.0,0.0022099447513812156,-20.62994740159002,905.0,1662856.0,-18.24751580849142,-3.3369963801700986,9.761862799651745,0.0005442443603054023,0.046275095757998756,63.262195121951216,14.176829268292682,49.08536585365853,80.09950248756219
2025,West Bengal,Advertising,7.0,0.0077348066298342545,20.507113208761506,905.0,1662856.0,-18.24751580849142,-3.3369963801700986,9.761862799651745,0.0005442443603054023,0.046275095757998756,63.262195121951216,38.56707317073171,24.695121951219505,65.62641338760741
2025,West Bengal,Aeronautics Aerospace & Defence,8.0,0.008839779005524863,10.064241629820891,905.0,1662856.0,-18.24751580849142,-3.3369963801700986,9.761862799651745,0.0005442443603054023,0.046275095757998756,63.262195121951216,42.98780487804878,20.274390243902438,63.00316598824062
2025,West Bengal,Agriculture,56.0,0.061878453038674036,6.776758314981257,905.0,1662856.0,-18.24751580849142,-3.3369963801700986,9.761862799651745,0.0005442443603054023,0.046275095757998756,63.262195121951216,86.35670731707317,-23.094512195121958,37.268204432383534
2025,West Bengal,Analytics,3.0,0.0033149171270718232,-15.65673346982508,905.0,1662856.0,-18.24751580849142,-3.3369963801700986,9.761862799651745,0.0005442443603054023,0.046275095757998756,63.262195121951216,21.722560975609756,41.539634146341456,75.62189054726367
2025,West Bengal,Architecture Interior Design,8.0,0.008839779005524863,4.551591714942038,905.0,1662856.0,-18.24751580849142,-3.3369963801700986,9.761862799651745,0.0005442443603054023,0.046275095757998756,63.262195121951216,42.98780487804878,20.274390243902438,63.00316598824062
2025,West Bengal,Art & Photography,1.0,0.0011049723756906078,-50.0,905.0,1662856.0,-18.24751580849142,-3.3369963801700986,9.761862799651745,0.0005442443603054023,0.046275095757998756,63.262195121951216,4.954268292682927,58.30792682926829,85.57213930348259
2025,West Bengal,Automotive,16.0,0.017679558011049725,-12.64195352637011,905.0,1662856.0,-18.24751580849142,-3.3369963801700986,9.761862799651745,0.0005442443603054023,0.046275095757998756,63.262195121951216,60.97560975609756,2.2865853658536537,52.32926277702396
2025,West Bengal,Biotechnology,3.0,0.0033149171270718232,-9.143970358393016,905.0,1662856.0,-18.24751580849142,-3.3369963801700986,9.761862799651745,0.0005442443603054023,0.046275095757998756,63.262195121951216,21.722560975609756,41.539634146341456,75.62189054726367
2025,West Bengal,Chemicals,8.0,0.008839779005524863,-3.850028646172776,905.0,1662856.0,-18.24751580849142,-3.3369963801700986,9.761862799651745,0.0005442443603054023,0.046275095757998756,63.262195121951216,42.98780487804878,20.274390243902438,63.00316598824062
2025,West Bengal,Computer Vision,1.0,0.0011049723756906078,0.0,905.0,1662856.0,-18.24751580849142,-3.3369963801700986,9.761862799651745,0.0005442443603054023,0.046275095757998756,63.262195121951216,4.954268292682927,58.30792682926829,85.57213930348259
2025,West Bengal,Construction,59.0,0.06519337016574586,4.299659192254368,905.0,1662856.0,-18.24751580849142,-3.3369963801700986,9.761862799651745,0.0005442443603054023,0.046275095757998756,63.262195121951216,87.1189024390244,-23.85670731707318,36.81592039800994
2025,West Bengal,Dating Matrimonial,1.0,0.0011049723756906078,0.0,905.0,1662856.0,-18.24751580849142,-3.3369963801700986,9.761862799651745,0.0005442443603054023,0.046275095757998756,63.262195121951216,4.954268292682927,58.30792682926829,85.57213930348259
2025,West Bengal,Design,6.0,0.0066298342541436465,-5.008574840700353,905.0,1662856.0,-18.24751580849142,-3.3369963801700986,9.761862799651745,0.0005442443603054023,0.046275095757998756,63.262195121951216,34.603658536585364,28.65853658536585,67.97829036635007
2025,West Bengal,Education,47.0,0.051933701657458566,-3.313722892767479,905.0,1662856.0,-18.24751580849142,-3.3369963801700986,9.761862799651745,0.0005442443603054023,0.046275095757998756,63.262195121951216,82.92682926829268,-19.664634146341463,39.30348258706467
2025,West Bengal,Enterprise Software,11.0,0.012154696132596685,6.917810999860885,905.0,1662856.0,-18.24751580849142,-3.3369963801700986,9.761862799651745,0.0005442443603054023,0.046275095757998756,63.262195121951216,51.0670731707317,12.195121951219512,58.2089552238806
2025,West Bengal,Events,6.0,0.0066298342541436465,14.471424255333186,905.0,1662856.0,-18.24751580849142,-3.3369963801700986,9.761862799651745,0.0005442443603054023,0.046275095757998756,63.262195121951216,34.603658536585364,28.65853658536585,67.97829036635007
2025,West Bengal,Fashion,27.0,0.02983425414364641,5.490166075087788,905.0,1662856.0,-18.24751580849142,-3.3369963801700986,9.761862799651745,0.0005442443603054023,0.046275095757998756,63.262195121951216,73.78048780487805,-10.518292682926834,44.73089099954772
2025,West Bengal,Finance Technology,30.0,0.03314917127071823,-5.896397111897144,905.0,1662856.0,-18.24751580849142,-3.3369963801700986,9.761862799651745,0.0005442443603054023,0.046275095757998756,63.262195121951216,75.45731707317073,-12.195121951219512,43.735866123925824
2025,West Bengal,Food & Beverages,52.0,0.057458563535911604,-8.101269158731018,905.0,1662856.0,-18.24751580849142,-3.3369963801700986,9.761862799651745,0.0005442443603054023,0.046275095757998756,63.262195121951216,85.36585365853658,-22.103658536585364,37.8561736770692
2025,West Bengal,Green Technology,16.0,0.017679558011049725,7.166457967424877,905.0,1662856.0,-18.24751580849142,-3.3369963801700986,9.761862799651745,0.0005442443603054023,0.046275095757998756,63.262195121951216,60.97560975609756,2.2865853658536537,52.32926277702396
2025,West Bengal,Healthcare & Lifesciences,96.0,0.10607734806629834,-0.684953003244293,905.0,1662856.0,-18.24751580849142,-3.3369963801700986,9.761862799651745,0.0005442443603054023,0.046275095757998756,63.262195121951216,93.97865853658537,-30.716463414634156,32.74536408864767
2025,West Bengal,House-Hold Services,7.0,0.0077348066298342545,-8.035860787295979,905.0,1662856.0,-18.24751580849142,-3.3369963801700986,9.761862799651745,0.0005442443603054023,0.046275095757998756,63.262195121951216,38.56707317073171,24.695121951219505,65.62641338760741
2025,West Bengal,Human Resources,13.0,0.014364640883977901,-8.55397960832336,905.0,1662856.0,-18.24751580849142,-3.3369963801700986,9.761862799651745,0.0005442443603054023,0.046275095757998756,63.262195121951216,54.420731707317074,8.841463414634141,56.21890547263681
2025,West Bengal,IT Services,99.0,0.10939226519337017,0.0,905.0,1662856.0,-18.24751580849142,-3.3369963801700986,9.761862799651745,0.0005442443603054023,0.046275095757998756,63.262195121951216,94.51219512195121,-31.249999999999993,32.42876526458616
2025,West Bengal,Indic Language Startups,5.0,0.0055248618784530384,-14.501202666165147,905.0,1662856.0,-18.24751580849142,-3.3369963801700986,9.761862799651745,0.0005442443603054023,0.046275095757998756,63.262195121951216,31.402439024390244,31.85975609756097,69.87788331071914
2025,West Bengal,Internet of Things,5.0,0.0055248618784530384,0.0,905.0,1662856.0,-18.24751580849142,-3.3369963801700986,9.761862799651745,0.0005442443603054023,0.046275095757998756,63.262195121951216,31.402439024390244,31.85975609756097,69.87788331071914
2025,West Bengal,Logistics,7.0,0.0077348066298342545,-18.64487889528523,905.0,1662856.0,-18.24751580849142,-3.3369963801700986,9.761862799651745,0.0005442443603054023,0.046275095757998756,63.262195121951216,38.56707317073171,24.695121951219505,65.62641338760741
2025,West Bengal,Marketing,17.0,0.01878453038674033,6.685884434218181,905.0,1662856.0,-18.24751580849142,-3.3369963801700986,9.761862799651745,0.0005442443603054023,0.046275095757998756,63.262195121951216,63.1859756097561,0.07621951219511658,51.01763907734057
2025,West Bengal,Media & Entertainment,12.0,0.013259668508287293,-17.017346663375655,905.0,1662856.0,-18.24751580849142,-3.3369963801700986,9.761862799651745,0.0005442443603054023,0.046275095757998756,63.262195121951216,52.97256097560976,10.289634146341456,57.078245137946624
2025,West Bengal,Nanotechnology,1.0,0.0011049723756906078,0.0,905.0,1662856.0,-18.24751580849142,-3.3369963801700986,9.761862799651745,0.0005442443603054023,0.046275095757998756,63.262195121951216,4.954268292682927,58.30792682926829,85.57213930348259
2025,West Bengal,Non- Renewable Energy,2.0,0.0022099447513812156,-47.72420414252898,905.0,1662856.0,-18.24751580849142,-3.3369963801700986,9.761862799651745,0.0005442443603054023,0.046275095757998756,63.262195121951216,14.176829268292682,49.08536585365853,80.09950248756219
2025,West Bengal,Other Specialty Retailers,13.0,0.014364640883977901,48.12480342036851,905.0,1662856.0,-18.24751580849142,-3.3369963801700986,9.761862799651745,0.0005442443603054023,0.046275095757998756,63.262195121951216,54.420731707317074,8.841463414634141,56.21890547263681
2025,West Bengal,Pets & Animals,1.0,0.0011049723756906078,-20.62994740159002,905.0,1662856.0,-18.24751580849142,-3.3369963801700986,9.761862799651745,0.0005442443603054023,0.046275095757998756,63.262195121951216,4.954268292682927,58.30792682926829,85.57213930348259
2025,West Bengal,Professional & Commercial Services,51.0,0.056353591160221,-7.28925576834526,905.0,1662856.0,-18.24751580849142,-3.3369963801700986,9.761862799651745,0.0005442443603054023,0.046275095757998756,63.262195121951216,84.60365853658537,-21.341463414634156,38.30845771144278
2025,West Bengal,Real Estate,10.0,0.011049723756906077,-3.1270693848535758,905.0,1662856.0,-18.24751580849142,-3.3369963801700986,9.761862799651745,0.0005442443603054023,0.046275095757998756,63.262195121951216,48.6280487804878,14.634146341463413,59.65626413387608
2025,West Bengal,Renewable Energy,22.0,0.02430939226519337,-8.797188257761302,905.0,1662856.0,-18.24751580849142,-3.3369963801700986,9.761862799651745,0.0005442443603054023,0.046275095757998756,63.262195121951216,69.8170731707317,-6.554878048780488,47.08276797829038
2025,West Bengal,Retail,23.0,0.02541436464088398,0.0,905.0,1662856.0,-18.24751580849142,-3.3369963801700986,9.761862799651745,0.0005442443603054023,0.046275095757998756,63.262195121951216,71.11280487804879,-7.850609756097576,46.313885119855264
2025,West Bengal,Robotics,1.0,0.0011049723756906078,0.0,905.0,1662856.0,-18.24751580849142,-3.3369963801700986,9.761862799651745,0.0005442443603054023,0.046275095757998756,63.262195121951216,4.954268292682927,58.30792682926829,85.57213930348259
2025,West Bengal,Safety,4.0,0.004419889502762431,25.99210498948732,905.0,1662856.0,-18.24751580849142,-3.3369963801700986,9.761862799651745,0.0005442443603054023,0.046275095757998756,63.262195121951216,27.36280487804878,35.89939024390243,72.27498869289914
2025,West Bengal,Security Solutions,12.0,0.013259668508287293,-2.6328111832561674,905.0,1662856.0,-18.24751580849142,-3.3369963801700986,9.761862799651745,0.0005442443603054023,0.046275095757998756,63.262195121951216,52.97256097560976,10.289634146341456,57.078245137946624
2025,West Bengal,Social Impact,10.0,0.011049723756906077,12.624788044360603,905.0,1662856.0,-18.24751580849142,-3.3369963801700986,9.761862799651745,0.0005442443603054023,0.046275095757998756,63.262195121951216,48.6280487804878,14.634146341463413,59.65626413387608
2025,West Bengal,Sports,1.0,0.0011049723756906078,-20.62994740159002,905.0,1662856.0,-18.24751580849142,-3.3369963801700986,9.761862799651745,0.0005442443603054023,0.046275095757998756,63.262195121951216,4.954268292682927,58.30792682926829,85.57213930348259
2025,West Bengal,Technology Hardware,26.0,0.028729281767955802,2.7040024624839676,905.0,1662856.0,-18.24751580849142,-3.3369963801700986,9.761862799651745,0.0005442443603054023,0.046275095757998756,63.262195121951216,73.09451219512195,-9.832317073170735,45.13794663048395
2025,West Bengal,Telecommunication & Networking,8.0,0.008839779005524863,-7.168223327744416,905.0,1662856.0,-18.24751580849142,-3.3369963801700986,9.761862799651745,0.0005442443603054023,0.046275095757998756,63.262195121951216,42.98780487804878,20.274390243902438,63.00316598824062
2025,West Bengal,Textiles & Apparel,23.0,0.02541436464088398,1.4927573906107439,905.0,1662856.0,-18.24751580849142,-3.3369963801700986,9.761862799651745,0.0005442443603054023,0.046275095757998756,63.262195121951216,71.11280487804879,-7.850609756097576,46.313885119855264
2025,West Bengal,Toys and Games,4.0,0.004419889502762431,0.0,905.0,1662856.0,-18.24751580849142,-3.3369963801700986,9.761862799651745,0.0005442443603054023,0.046275095757998756,63.262195121951216,27.36280487804878,35.89939024390243,72.27498869289914
2025,West Bengal,Transportation & Storage,14.0,0.015469613259668509,-4.353440861380542,905.0,1662856.0,-18.24751580849142,-3.3369963801700986,9.761862799651745,0.0005442443603054023,0.046275095757998756,63.262195121951216,56.40243902439024,6.859756097560975,55.042966983265494
2025,West Bengal,Travel & Tourism,17.0,0.01878453038674033,-5.273176281409042,905.0,1662856.0,-18.24751580849142,-3.3369963801700986,9.761862799651745,0.0005442443603054023,0.046275095757998756,63.262195121951216,63.1859756097561,0.07621951219511658,51.01763907734057
2025,West Bengal,Waste Management,10.0,0.011049723756906077,7.721734501594191,905.0,1662856.0,-18.24751580849142,-3.3369963801700986,9.761862799651745,0.0005442443603054023,0.046275095757998756,63.262195121951216,48.6280487804878,14.634146341463413,59.65626413387608
