year,state,industry,nsva,industry_startups,industry_share,industry_cagr_3y,startup_cagr_3y,economic_strength_score,industry_growth_score,startup_momentum_score,underpenetration_score,industry_presence_score,balanced_opportunity_score,growth_opportunity_score,market entry_opportunity_score,balanced_rank,growth_rank,market entry_rank,opportunity_tier,key_drivers
2025,Andhra Pradesh,AI,1441786.0,45.0,0.0647482014388489,85.93942827232803,22.185576696861546,46.15,92.31,100.0,25.78,84.62,69.77,75.54,58.5,1.0,1.0,2.0,High Opportunity,"Startup Momentum, Industry Growth"
2025,Telangana,AI,1481185.0,109.0,0.064919594997022,79.01563594532087,6.729794326326077,53.85,84.62,76.92,22.66,92.31,66.07,67.99,56.8,2.0,2.0,5.0,High Opportunity,"Industry Presence, Industry Growth"
2025,Rajasthan,AI,1521722.0,41.0,0.0390848427073403,72.41086201913652,1.8797659731447205,61.54,76.92,53.85,35.96,69.23,59.5,60.65,56.94,3.0,4.0,4.0,High Opportunity,"Industry Growth, Industry Presence"
2025,Gujarat,AI,2295700.0,64.0,0.0246913580246913,70.11614811319606,4.337346049570767,76.92,69.23,69.23,40.62,23.08,55.82,59.66,58.34,4.0,5.0,3.0,High Opportunity,"Economic Strength, Industry Growth"
2025,Karnataka,AI,2696034.0,208.0,0.0836349014877362,45.880142011972794,-1.0626542093374325,84.62,23.08,30.77,39.53,100.0,55.6,42.14,54.94,5.0,9.0,6.0,Moderate Opportunity,"Industry Presence, Economic Strength"
2025,Tamil Nadu,AI,2896553.0,96.0,0.0556844547563805,50.78948822583076,-1.627674744085328,92.31,38.46,23.08,47.17,76.92,55.59,45.59,59.54,6.0,8.0,1.0,Moderate Opportunity,"Economic Strength, Industry Presence"
2025,Uttarakhand,AI,293455.0,9.0,0.0339622641509433,108.0083823051904,3.938861869606192,15.38,100.0,61.54,29.85,38.46,49.05,61.74,43.57,7.0,3.0,9.0,Moderate Opportunity,"Industry Growth, Startup Momentum"
2025,Maharashtra,AI,3821420.0,156.0,0.0352781546811397,43.31211639151724,-2.7780397840896476,100.0,15.38,15.38,50.25,46.15,45.43,33.9,54.31,8.0,12.0,7.0,Moderate Opportunity,"Economic Strength, Underpenetration"
2025,Madhya Pradesh,AI,1416661.0,34.0,0.0360551431601272,69.3532851810357,1.6432287115958566,38.46,61.54,46.15,24.06,53.85,44.81,47.12,41.06,9.0,7.0,10.0,Moderate Opportunity,"Industry Growth, Industry Presence"
2025,Bihar,AI,969815.0,14.0,0.0204081632653061,67.10993116548616,9.256208162890168,30.77,53.85,84.62,32.38,15.38,43.4,51.09,39.72,10.0,6.0,11.0,Moderate Opportunity,"Startup Momentum, Industry Growth"
2025,Rajasthan,AR VR (Augmented + Virtual Reality),1521722.0,6.0,0.0057197330791229,14.471424255333186,1.8797659731447205,50.0,80.0,60.0,63.36,100.0,70.67,70.67,66.01,1.0,3.0,2.0,High Opportunity,"Industry Presence, Industry Growth"
2025,Andhra Pradesh,AR VR (Augmented + Virtual Reality),1441786.0,2.0,0.0028776978417266,25.99210498948732,22.185576696861546,30.0,95.0,100.0,66.26,50.0,68.25,79.5,62.88,2.0,1.0,5.0,High Opportunity,"Startup Momentum, Industry Growth"
2025,Karnataka,AR VR (Augmented + Virtual Reality),2696034.0,11.0,0.0044229995979091,-7.724115558366041,-1.0626542093374325,80.0,70.0,40.0,67.75,70.0,65.55,63.05,69.33,3.0,5.0,1.0,High Opportunity,"Economic Strength, Industry Growth"
2025,Bihar,AR VR (Augmented + Virtual Reality),969815.0,2.0,0.0029154518950437,25.99210498948732,9.256208162890168,20.0,95.0,90.0,57.44,60.0,64.49,75.24,57.23,4.0,2.0,7.0,Moderate Opportunity,"Industry Growth, Startup Momentum"
2025,Telangana,AR VR (Augmented + Virtual Reality),1481185.0,9.0,0.0053603335318642,-13.69456260028179,6.729794326326077,40.0,60.0,80.0,51.83,90.0,64.37,64.37,56.55,5.0,4.0,8.0,Moderate Opportunity,"Industry Presence, Startup Momentum"
2025,Gujarat,AR VR (Augmented + Virtual Reality),2295700.0,7.0,0.0027006172839506,-13.986137246278185,4.337346049570767,70.0,50.0,70.0,70.33,40.0,60.07,60.07,63.1,6.0,6.0,4.0,Moderate Opportunity,"Underpenetration, Economic Strength"
2025,Tamil Nadu,AR VR (Augmented + Virtual Reality),2896553.0,8.0,0.0046403712296983,-22.21777625343594,-1.627674744085328,90.0,20.0,30.0,77.43,80.0,59.49,46.99,65.23,7.0,7.0,3.0,Moderate Opportunity,"Economic Strength, Industry Presence"
2025,Maharashtra,AR VR (Augmented + Virtual Reality),3821420.0,6.0,0.0013568521031207,-26.319370027192267,-2.7780397840896476,100.0,10.0,20.0,87.34,10.0,45.47,36.97,61.2,8.0,10.0,6.0,Moderate Opportunity,"Economic Strength, Underpenetration"
2025,West Bengal,AR VR (Augmented + Virtual Reality),1662856.0,2.0,0.0022099447513812,-20.62994740159002,-3.3369963801700986,60.0,35.0,10.0,80.1,30.0,43.02,39.77,53.03,9.0,8.0,9.0,Lower Opportunity,"Underpenetration, Economic Strength"
2025,Odisha,AR VR (Augmented + Virtual Reality),751750.0,1.0,0.0021505376344086,-20.62994740159002,1.0242117102315706,10.0,35.0,50.0,58.48,20.0,34.7,39.45,34.54,10.0,9.0,10.0,Lower Opportunity,"Underpenetration, Startup Momentum"
2025,Bihar,Advertising,969815.0,8.0,0.0116618075801749,58.74010519681994,9.256208162890168,25.0,91.67,91.67,40.34,91.67,68.07,74.74,56.27,1.0,1.0,8.0,High Opportunity,"Industry Growth, Startup Momentum"
2025,Maharashtra,Advertising,3821420.0,37.0,0.0083672546359113,9.735689700133566,-2.7780397840896476,100.0,58.33,16.67,60.7,83.33,63.81,55.06,69.88,2.0,7.0,1.0,High Opportunity,"Economic Strength, Industry Presence"
2025,Telangana,Advertising,1481185.0,11.0,0.0065515187611673,16.260329205681458,6.729794326326077,50.0,75.0,83.33,48.94,50.0,61.45,66.87,58.01,3.0,3.0,6.0,High Opportunity,"Startup Momentum, Industry Growth"
2025,Odisha,Advertising,751750.0,6.0,0.0129032258064516,81.71205928321396,1.0242117102315706,16.67,100.0,41.67,40.89,100.0,59.84,65.26,51.43,4.0,4.0,9.0,Moderate Opportunity,"Industry Growth, Industry Presence"
2025,West Bengal,Advertising,1662856.0,7.0,0.0077348066298342,20.507113208761503,-3.3369963801700986,66.67,83.33,8.33,65.63,75.0,59.79,58.54,64.69,5.0,5.0,2.0,Moderate Opportunity,"Industry Growth, Industry Presence"
2025,Andhra Pradesh,Advertising,1441786.0,3.0,0.0043165467625899,14.471424255333186,22.185576696861546,41.67,66.67,100.0,61.78,25.0,59.02,67.36,56.87,6.0,2.0,7.0,Moderate Opportunity,"Startup Momentum, Industry Growth"
2025,Karnataka,Advertising,2696034.0,17.0,0.0068355448331322,4.260360145884445,-1.0626542093374325,83.33,41.67,33.33,60.56,66.67,57.11,50.03,61.5,7.0,8.0,4.0,Moderate Opportunity,"Economic Strength, Industry Presence"
2025,Gujarat,Advertising,2295700.0,10.0,0.003858024691358,7.721734501594191,4.337346049570767,75.0,50.0,75.0,64.36,16.67,56.21,58.29,60.97,8.0,6.0,5.0,Moderate Opportunity,"Economic Strength, Startup Momentum"
2025,Tamil Nadu,Advertising,2896553.0,8.0,0.0046403712296983,0.0,-1.627674744085328,91.67,29.17,25.0,77.43,33.33,51.32,44.44,62.4,9.0,9.0,3.0,Moderate Opportunity,"Economic Strength, Underpenetration"
2025,Rajasthan,Advertising,1521722.0,7.0,0.0066730219256434,-4.353440861380542,1.8797659731447205,58.33,16.67,58.33,61.01,58.33,50.54,44.29,50.8,10.0,10.0,10.0,Lower Opportunity,"Underpenetration, Economic Strength"
2025,Andhra Pradesh,Aeronautics Aerospace & Defence,1441786.0,15.0,0.0215827338129496,35.72088082974532,22.185576696861546,41.67,100.0,100.0,39.71,91.67,74.61,81.28,63.58,1.0,1.0,2.0,High Opportunity,"Industry Growth, Startup Momentum"
2025,Telangana,Aeronautics Aerospace & Defence,1481185.0,44.0,0.0262060750446694,7.926529166647334,6.729794326326077,50.0,75.0,75.0,30.57,100.0,66.11,66.11,56.67,2.0,2.0,7.0,High Opportunity,"Industry Presence, Industry Growth"
2025,Tamil Nadu,Aeronautics Aerospace & Defence,2896553.0,33.0,0.0191415313225058,-3.74187335661752,-1.627674744085328,91.67,58.33,25.0,57.08,75.0,61.42,54.75,66.29,3.0,6.0,1.0,High Opportunity,"Economic Strength, Industry Presence"
2025,Gujarat,Aeronautics Aerospace & Defence,2295700.0,17.0,0.0065586419753086,-1.8872447186110584,4.337346049570767,75.0,66.67,66.67,55.72,41.67,61.14,62.81,63.38,4.0,3.0,3.0,Moderate Opportunity,"Economic Strength, Industry Growth"
2025,Karnataka,Aeronautics Aerospace & Defence,2696034.0,50.0,0.0201045436268596,-5.367714092436426,-1.0626542093374325,83.33,50.0,33.33,48.03,83.33,59.61,52.11,61.08,5.0,7.0,6.0,Moderate Opportunity,"Economic Strength, Industry Presence"
2025,West Bengal,Aeronautics Aerospace & Defence,1662856.0,8.0,0.0088397790055248,10.064241629820891,-3.3369963801700986,66.67,83.33,8.33,63.0,58.33,55.93,56.35,62.23,6.0,5.0,4.0,Moderate Opportunity,"Industry Growth, Economic Strength"
2025,Maharashtra,Aeronautics Aerospace & Defence,3821420.0,34.0,0.0076888285843509,-10.230869281653543,-2.7780397840896476,100.0,33.33,16.67,61.69,50.0,52.34,43.17,61.84,7.0,9.0,5.0,Moderate Opportunity,"Economic Strength, Underpenetration"
2025,Odisha,Aeronautics Aerospace & Defence,751750.0,8.0,0.0172043010752688,25.99210498948732,1.0242117102315706,16.67,91.67,41.67,35.91,66.67,50.52,58.02,44.94,8.0,4.0,9.0,Moderate Opportunity,"Industry Growth, Industry Presence"
2025,Rajasthan,Aeronautics Aerospace & Defence,1521722.0,5.0,0.0047664442326024,-5.896397111897144,1.8797659731447205,58.33,41.67,58.33,65.26,25.0,49.72,50.55,53.75,9.0,8.0,8.0,Moderate Opportunity,"Underpenetration, Economic Strength"
2025,Madhya Pradesh,Aeronautics Aerospace & Defence,1416661.0,5.0,0.0053022269353128,-14.501202666165147,1.6432287115958566,33.33,25.0,50.0,51.61,33.33,38.65,38.24,38.82,10.0,12.0,10.0,Lower Opportunity,"Underpenetration, Startup Momentum"
2025,Arunachal Pradesh,Agriculture,40196.0,10.0,0.4,70.99759466766969,40.572110883624866,7.14,100.0,100.0,22.61,100.0,65.95,75.24,48.93,1.0,1.0,6.0,High Opportunity,"Industry Growth, Startup Momentum"
2025,Andhra Pradesh,Agriculture,1441786.0,52.0,0.074820143884892,16.36699011798588,22.185576696861546,50.0,85.71,92.86,24.02,64.29,63.37,69.45,55.06,2.0,2.0,2.0,High Opportunity,"Startup Momentum, Industry Growth"
2025,Bihar,Agriculture,969815.0,61.0,0.0889212827988338,19.218168250677813,9.256208162890168,35.71,92.86,78.57,13.84,92.86,62.77,67.77,50.58,3.0,3.0,5.0,High Opportunity,"Industry Growth, Industry Presence"
2025,Gujarat,Agriculture,2295700.0,180.0,0.0694444444444444,3.788414202574586,4.337346049570767,78.57,50.0,64.29,35.41,57.14,57.08,54.23,56.34,4.0,5.0,1.0,High Opportunity,"Economic Strength, Startup Momentum"
2025,Madhya Pradesh,Agriculture,1416661.0,80.0,0.0848356309650053,10.682593040538936,1.6432287115958566,42.86,78.57,42.86,15.97,85.71,53.19,54.26,46.22,5.0,4.0,8.0,Moderate Opportunity,"Industry Presence, Industry Growth"
2025,Tamil Nadu,Agriculture,2896553.0,109.0,0.0632250580046403,-1.4838989489907697,-1.627674744085328,92.86,28.57,21.43,46.36,42.86,46.41,38.2,53.91,6.0,11.0,4.0,Moderate Opportunity,"Economic Strength, Underpenetration"
2025,Odisha,Agriculture,751750.0,38.0,0.0817204301075268,9.4280179274302,1.0242117102315706,28.57,71.43,35.71,13.93,78.57,45.64,47.43,38.46,7.0,8.0,12.0,Moderate Opportunity,"Industry Presence, Industry Growth"
2025,Jammu & Kashmir,Agriculture,206673.0,20.0,0.0793650793650793,1.724476819110099,14.020744690430842,14.29,42.86,85.71,13.52,71.43,45.56,47.7,32.63,8.0,7.0,13.0,Moderate Opportunity,"Startup Momentum, Industry Presence"
2025,Telangana,Agriculture,1481185.0,85.0,0.0506253722453841,6.182641647800335,6.729794326326077,57.14,57.14,71.43,24.6,14.29,44.92,49.92,44.52,9.0,6.0,10.0,Moderate Opportunity,"Startup Momentum, Economic Strength"
2025,Maharashtra,Agriculture,3821420.0,279.0,0.0630936227951153,-4.665642533743886,-2.7780397840896476,100.0,21.43,14.29,48.89,35.71,44.06,34.42,53.95,10.0,12.0,3.0,Moderate Opportunity,"Economic Strength, Underpenetration"
2025,Andhra Pradesh,Airport Operations,1441786.0,2.0,0.0028776978417266,,22.185576696861546,25.0,,100.0,66.26,100.0,,,,,,,Lower Opportunity,"Startup Momentum, Industry Presence"
2025,Gujarat,Airport Operations,2295700.0,1.0,0.0003858024691358,,4.337346049570767,50.0,,75.0,90.28,25.0,,,,,,,Lower Opportunity,"Underpenetration, Startup Momentum"
2025,Maharashtra,Airport Operations,3821420.0,2.0,0.0004522840343735,,-2.7780397840896476,100.0,,25.0,99.46,50.0,,,,,,,Lower Opportunity,"Economic Strength, Underpenetration"
2025,Tamil Nadu,Airport Operations,2896553.0,1.0,0.0005800464037122,,-1.627674744085328,75.0,,50.0,100.0,75.0,,,,,,,Lower Opportunity,"Underpenetration, Economic Strength"
2025,Maharashtra,Analytics,3821420.0,28.0,0.0063319764812302,20.507113208761503,-2.7780397840896476,100.0,77.78,20.0,63.77,90.0,70.31,63.98,75.69,1.0,4.0,1.0,High Opportunity,"Economic Strength, Industry Presence"
2025,Rajasthan,Analytics,1521722.0,5.0,0.0047664442326024,70.99759466766969,1.8797659731447205,50.0,100.0,60.0,65.26,70.0,69.05,75.05,67.58,2.0,1.0,3.0,High Opportunity,"Industry Growth, Industry Presence"
2025,Tamil Nadu,Analytics,2896553.0,11.0,0.0063805104408352,-2.858721945809062,-1.627674744085328,90.0,44.44,30.0,72.64,100.0,67.42,56.58,70.68,3.0,5.0,2.0,High Opportunity,"Industry Presence, Economic Strength"
2025,Bihar,Analytics,969815.0,4.0,0.0058309037900874,58.74010519681994,9.256208162890168,20.0,88.89,90.0,49.62,80.0,65.7,73.53,55.66,4.0,2.0,5.0,Moderate Opportunity,"Startup Momentum, Industry Growth"
2025,Gujarat,Analytics,2295700.0,9.0,0.0034722222222222,0.0,4.337346049570767,70.0,61.11,70.0,65.81,50.0,63.38,64.05,64.96,5.0,3.0,4.0,Moderate Opportunity,"Economic Strength, Startup Momentum"
2025,Madhya Pradesh,Analytics,1416661.0,3.0,0.0031813361611876,0.0,1.6432287115958566,30.0,61.11,50.0,57.35,30.0,45.69,51.36,46.43,6.0,6.0,8.0,Moderate Opportunity,"Industry Growth, Underpenetration"
2025,Telangana,Analytics,1481185.0,5.0,0.0029779630732578,-20.62994740159002,6.729794326326077,40.0,22.22,80.0,60.61,20.0,44.57,45.9,44.63,7.0,7.0,9.0,Moderate Opportunity,"Startup Momentum, Underpenetration"
2025,West Bengal,Analytics,1662856.0,3.0,0.0033149171270718,-15.65673346982508,-3.3369963801700986,60.0,33.33,10.0,75.62,40.0,43.79,39.29,52.35,8.0,8.0,7.0,Moderate Opportunity,"Underpenetration, Economic Strength"
2025,Karnataka,Analytics,2696034.0,6.0,0.0024125452352231,-24.60525588708462,-1.0626542093374325,80.0,11.11,40.0,77.52,10.0,43.73,38.39,54.48,9.0,9.0,6.0,Lower Opportunity,"Economic Strength, Underpenetration"
2025,Jammu & Kashmir,Analytics,206673.0,1.0,0.0039682539682539,,14.020744690430842,10.0,,100.0,50.7,60.0,,,,,,,Lower Opportunity,"Startup Momentum, Industry Presence"
2025,Telangana,Animation,1481185.0,3.0,0.0017867778439547,14.471424255333186,6.729794326326077,50.0,71.43,87.5,66.35,75.0,70.06,72.65,65.44,1.0,2.0,4.0,High Opportunity,"Startup Momentum, Industry Presence"
2025,Madhya Pradesh,Animation,1416661.0,3.0,0.0031813361611876,44.22495703074083,1.6432287115958566,25.0,100.0,62.5,57.35,100.0,68.97,74.59,60.95,2.0,1.0,5.0,High Opportunity,"Industry Growth, Industry Presence"
2025,Tamil Nadu,Animation,2896553.0,3.0,0.0017401392111368,14.471424255333186,-1.627674744085328,87.5,71.43,25.0,90.05,62.5,67.3,64.26,76.3,3.0,3.0,1.0,Moderate Opportunity,"Underpenetration, Economic Strength"
2025,Karnataka,Animation,2696034.0,3.0,0.0012062726176115,14.471424255333186,-1.0626542093374325,75.0,71.43,37.5,85.17,25.0,58.82,61.41,68.59,4.0,4.0,3.0,Moderate Opportunity,"Underpenetration, Economic Strength"
2025,Andhra Pradesh,Animation,1441786.0,1.0,0.0014388489208633,-20.62994740159002,22.185576696861546,37.5,21.43,100.0,71.73,50.0,56.13,55.6,52.06,5.0,5.0,7.0,Moderate Opportunity,"Startup Momentum, Underpenetration"
2025,Maharashtra,Animation,3821420.0,6.0,0.0013568521031207,-18.294205935675624,-2.7780397840896476,100.0,42.86,12.5,87.34,37.5,56.04,49.34,69.77,6.0,7.0,2.0,Moderate Opportunity,"Economic Strength, Underpenetration"
2025,Gujarat,Animation,2295700.0,1.0,0.0003858024691358,-20.62994740159002,4.337346049570767,62.5,21.43,75.0,90.28,12.5,52.34,51.81,58.87,7.0,6.0,6.0,Lower Opportunity,"Underpenetration, Startup Momentum"
2025,Odisha,Animation,751750.0,1.0,0.0021505376344086,,1.0242117102315706,12.5,,50.0,58.48,87.5,,,,,,,Lower Opportunity,"Industry Presence, Underpenetration"
2025,Gujarat,Architecture Interior Design,2295700.0,16.0,0.0061728395061728,7.166457967424877,4.337346049570767,75.0,75.0,66.67,57.03,58.33,66.41,67.66,67.11,1.0,3.0,2.0,High Opportunity,"Economic Strength, Industry Growth"
2025,Maharashtra,Architecture Interior Design,3821420.0,36.0,0.0081411126187245,6.265856918261115,-2.7780397840896476,100.0,66.67,16.67,61.1,75.0,63.89,57.22,70.83,2.0,6.0,1.0,High Opportunity,"Economic Strength, Industry Presence"
2025,Andhra Pradesh,Architecture Interior Design,1441786.0,2.0,0.0028776978417266,25.99210498948732,22.185576696861546,41.67,87.5,100.0,66.26,8.33,60.75,73.88,60.71,3.0,1.0,3.0,High Opportunity,"Startup Momentum, Industry Growth"
2025,Bihar,Architecture Interior Design,969815.0,3.0,0.0043731778425655,44.22495703074083,9.256208162890168,25.0,100.0,83.33,52.96,41.67,60.59,73.09,55.89,4.0,2.0,7.0,Moderate Opportunity,"Industry Growth, Startup Momentum"
2025,Karnataka,Architecture Interior Design,2696034.0,22.0,0.0088459991958182,-1.4708018867451211,-1.0626542093374325,83.33,25.0,33.33,56.63,100.0,59.66,46.74,60.32,5.0,10.0,5.0,Moderate Opportunity,"Industry Presence, Economic Strength"
2025,Telangana,Architecture Interior Design,1481185.0,12.0,0.0071471113758189,2.9428498400178693,6.729794326326077,50.0,50.0,75.0,47.81,66.67,57.89,57.48,53.51,6.0,5.0,9.0,Moderate Opportunity,"Startup Momentum, Industry Presence"
2025,West Bengal,Architecture Interior Design,1662856.0,8.0,0.0088397790055248,4.551591714942038,-3.3369963801700986,66.67,58.33,8.33,63.0,91.67,57.6,50.93,60.57,7.0,8.0,4.0,Moderate Opportunity,"Industry Presence, Economic Strength"
2025,Odisha,Architecture Interior Design,751750.0,4.0,0.0086021505376344,25.99210498948732,1.0242117102315706,16.67,87.5,41.67,45.18,83.33,54.87,60.08,48.55,8.0,4.0,10.0,Moderate Opportunity,"Industry Growth, Industry Presence"
2025,Rajasthan,Architecture Interior Design,1521722.0,6.0,0.0057197330791229,0.0,1.8797659731447205,58.33,37.5,58.33,63.36,50.0,53.51,51.21,54.84,9.0,7.0,8.0,Moderate Opportunity,"Underpenetration, Economic Strength"
2025,Tamil Nadu,Architecture Interior Design,2896553.0,7.0,0.004060324825986,-11.209599825739936,-1.627674744085328,91.67,16.67,25.0,80.05,25.0,47.68,39.76,59.85,10.0,11.0,6.0,Lower Opportunity,"Economic Strength, Underpenetration"
2025,Tamil Nadu,Art & Photography,2896553.0,9.0,0.0052204176334106,14.471424255333186,-1.627674744085328,90.91,90.0,27.27,75.53,63.64,69.47,68.88,77.02,1.0,2.0,1.0,High Opportunity,"Economic Strength, Industry Growth"
2025,Uttarakhand,Art & Photography,293455.0,2.0,0.0075471698113207,25.99210498948732,3.938861869606192,27.27,100.0,63.64,48.85,90.91,66.13,72.5,58.29,2.0,1.0,6.0,High Opportunity,"Industry Growth, Industry Presence"
2025,Rajasthan,Art & Photography,1521722.0,7.0,0.0066730219256434,5.272659960939663,1.8797659731447205,54.55,70.0,54.55,61.01,81.82,64.38,63.98,62.3,3.0,3.0,4.0,High Opportunity,"Industry Presence, Industry Growth"
2025,Karnataka,Art & Photography,2696034.0,9.0,0.0036188178528347,8.738037300289214,-1.0626542093374325,81.82,80.0,36.36,70.65,45.45,62.86,63.95,69.92,4.0,4.0,2.0,Moderate Opportunity,"Economic Strength, Industry Growth"
2025,Gujarat,Art & Photography,2295700.0,6.0,0.0023148148148148,-9.143970358393016,4.337346049570767,72.73,35.0,72.73,72.68,27.27,56.08,54.97,60.62,5.0,6.0,5.0,Moderate Opportunity,"Economic Strength, Startup Momentum"
2025,Maharashtra,Art & Photography,3821420.0,13.0,0.0029398462234283,-4.658049800559006,-2.7780397840896476,100.0,50.0,18.18,75.58,36.36,56.02,50.8,68.13,6.0,7.0,3.0,Moderate Opportunity,"Economic Strength, Underpenetration"
2025,Jammu & Kashmir,Art & Photography,206673.0,1.0,0.0039682539682539,0.0,14.020744690430842,18.18,60.0,90.91,50.7,54.55,54.87,61.14,47.21,7.0,5.0,9.0,Moderate Opportunity,"Startup Momentum, Industry Growth"
2025,Odisha,Art & Photography,751750.0,3.0,0.0064516129032258,-9.143970358393016,1.0242117102315706,36.36,35.0,45.45,48.53,72.73,47.62,44.23,44.29,8.0,9.0,10.0,Moderate Opportunity,"Industry Presence, Underpenetration"
2025,Telangana,Art & Photography,1481185.0,1.0,0.0005955926146515,-30.663872564936533,6.729794326326077,45.45,20.0,81.82,76.3,9.09,46.53,48.17,49.62,9.0,8.0,7.0,Moderate Opportunity,"Startup Momentum, Underpenetration"
2025,West Bengal,Art & Photography,1662856.0,1.0,0.0011049723756906,-50.0,-3.3369963801700986,63.64,10.0,9.09,85.57,18.18,37.3,31.07,49.49,10.0,10.0,8.0,Lower Opportunity,"Underpenetration, Economic Strength"
2025,Tamil Nadu,Automotive,2896553.0,47.0,0.0272621809744779,-1.37948654429203,-1.627674744085328,91.67,91.67,25.0,53.73,100.0,72.41,68.25,74.45,1.0,2.0,1.0,High Opportunity,"Industry Presence, Economic Strength"
2025,Gujarat,Automotive,2295700.0,62.0,0.0239197530864197,-2.0624464401139964,4.337346049570767,75.0,83.33,75.0,41.07,83.33,71.55,71.96,67.32,2.0,1.0,2.0,High Opportunity,"Industry Growth, Industry Presence"
2025,Maharashtra,Automotive,3821420.0,111.0,0.025101763907734,-6.7746253822345555,-2.7780397840896476,100.0,50.0,16.67,51.15,91.67,61.9,51.06,66.18,3.0,7.0,3.0,High Opportunity,"Economic Strength, Industry Presence"
2025,Telangana,Automotive,1481185.0,36.0,0.0214413341274568,-6.470213835438399,6.729794326326077,50.0,58.33,83.33,32.47,66.67,58.16,59.41,51.41,4.0,5.0,5.0,Moderate Opportunity,"Startup Momentum, Industry Presence"
2025,Odisha,Automotive,751750.0,10.0,0.021505376344086,18.56311014966876,1.0242117102315706,16.67,100.0,41.67,32.56,75.0,53.18,61.1,46.44,5.0,4.0,7.0,Moderate Opportunity,"Industry Growth, Industry Presence"
2025,Bihar,Automotive,969815.0,12.0,0.0174927113702623,-2.6328111832561674,9.256208162890168,25.0,75.0,91.67,34.42,33.33,51.88,61.88,45.33,6.0,3.0,8.0,Moderate Opportunity,"Startup Momentum, Industry Growth"
2025,Karnataka,Automotive,2696034.0,51.0,0.0205066344993968,-13.573346939020537,-1.0626542093374325,83.33,33.33,33.33,47.85,58.33,51.24,43.74,55.19,7.0,9.0,4.0,Moderate Opportunity,"Economic Strength, Industry Presence"
2025,Uttarakhand,Automotive,293455.0,5.0,0.0188679245283018,-5.896397111897144,3.938861869606192,8.33,66.67,66.67,38.63,50.0,46.06,53.56,39.09,8.0,6.0,11.0,Moderate Opportunity,"Industry Growth, Startup Momentum"
2025,Andhra Pradesh,Automotive,1441786.0,8.0,0.0115107913669064,-25.048764643136913,22.185576696861546,41.67,16.67,100.0,49.16,16.67,44.83,46.5,42.25,9.0,8.0,9.0,Moderate Opportunity,"Startup Momentum, Underpenetration"
2025,West Bengal,Automotive,1662856.0,16.0,0.0176795580110497,-12.64195352637011,-3.3369963801700986,66.67,41.67,8.33,52.33,41.67,42.13,37.97,49.03,10.0,10.0,6.0,Lower Opportunity,"Economic Strength, Underpenetration"
2025,Telangana,Biotechnology,1481185.0,16.0,0.0095294818344252,21.14137285547597,6.729794326326077,53.85,90.91,76.92,43.06,76.92,68.33,72.74,62.64,1.0,1.0,4.0,High Opportunity,"Industry Growth, Startup Momentum"
2025,Gujarat,Biotechnology,2295700.0,9.0,0.0034722222222222,14.471424255333186,4.337346049570767,76.92,77.27,69.23,65.81,38.46,65.54,69.05,69.04,2.0,3.0,2.0,High Opportunity,"Industry Growth, Economic Strength"
2025,Andhra Pradesh,Biotechnology,1441786.0,5.0,0.0071942446043165,7.721734501594191,22.185576696861546,46.15,63.64,100.0,56.04,61.54,65.47,69.25,59.54,3.0,2.0,6.0,High Opportunity,"Startup Momentum, Industry Growth"
2025,Maharashtra,Biotechnology,3821420.0,30.0,0.0067842605156037,35.72088082974532,-2.7780397840896476,100.0,100.0,15.38,63.09,46.15,64.93,66.08,75.08,4.0,4.0,1.0,High Opportunity,"Economic Strength, Industry Growth"
2025,Tamil Nadu,Biotechnology,2896553.0,17.0,0.009860788863109,4.260360145884445,-1.627674744085328,92.31,54.55,23.08,65.45,84.62,64.0,55.64,69.0,5.0,6.0,3.0,Moderate Opportunity,"Economic Strength, Industry Presence"
2025,Rajasthan,Biotechnology,1521722.0,3.0,0.0028598665395614,14.471424255333186,1.8797659731447205,61.54,77.27,53.85,71.01,7.69,54.27,61.63,61.37,6.0,5.0,5.0,Moderate Opportunity,"Industry Growth, Underpenetration"
2025,Uttarakhand,Biotechnology,293455.0,3.0,0.0113207547169811,0.0,3.938861869606192,15.38,36.36,61.54,44.37,92.31,49.99,47.75,40.58,7.0,8.0,10.0,Moderate Opportunity,"Industry Presence, Startup Momentum"
2025,Karnataka,Biotechnology,2696034.0,17.0,0.0068355448331322,-8.23534978515731,-1.0626542093374325,84.62,18.18,30.77,60.56,53.85,49.59,40.01,55.65,8.0,10.0,7.0,Moderate Opportunity,"Economic Strength, Underpenetration"
2025,Odisha,Biotechnology,751750.0,7.0,0.0150537634408602,0.0,1.0242117102315706,23.08,36.36,38.46,38.53,100.0,47.29,42.36,39.6,9.0,9.0,11.0,Moderate Opportunity,"Industry Presence, Underpenetration"
2025,Bihar,Biotechnology,969815.0,2.0,0.0029154518950437,0.0,9.256208162890168,30.77,36.36,84.62,57.44,15.38,44.91,49.98,43.74,10.0,7.0,9.0,Moderate Opportunity,"Startup Momentum, Underpenetration"
2025,Andhra Pradesh,Chemicals,1441786.0,3.0,0.0043165467625899,44.22495703074083,22.185576696861546,41.67,100.0,100.0,61.78,41.67,69.02,80.69,65.2,1.0,1.0,4.0,High Opportunity,"Industry Growth, Startup Momentum"
2025,Rajasthan,Chemicals,1521722.0,13.0,0.0123927550047664,13.040381433805548,1.8797659731447205,58.33,91.67,58.33,51.61,83.33,68.65,71.15,65.48,2.0,2.0,3.0,High Opportunity,"Industry Growth, Industry Presence"
2025,Gujarat,Chemicals,2295700.0,63.0,0.0243055555555555,-3.451061539437028,4.337346049570767,75.0,41.67,75.0,40.89,100.0,66.51,59.01,60.6,3.0,5.0,5.0,High Opportunity,"Industry Presence, Economic Strength"
2025,Telangana,Chemicals,1481185.0,17.0,0.0101250744490768,12.31106834675555,6.729794326326077,50.0,83.33,83.33,41.75,66.67,65.02,70.02,59.19,4.0,3.0,6.0,Moderate Opportunity,"Industry Growth, Startup Momentum"
2025,Maharashtra,Chemicals,3821420.0,65.0,0.0146992311171415,-3.3518333725167104,-2.7780397840896476,100.0,50.0,16.67,54.91,91.67,62.65,51.81,67.31,5.0,8.0,2.0,Moderate Opportunity,"Economic Strength, Industry Presence"
2025,Tamil Nadu,Chemicals,2896553.0,13.0,0.0075406032482598,5.726427034643122,-1.627674744085328,91.67,75.0,25.0,70.65,50.0,62.46,60.8,71.19,6.0,4.0,1.0,Moderate Opportunity,"Economic Strength, Industry Growth"
2025,Madhya Pradesh,Chemicals,1416661.0,11.0,0.0116648992576882,0.0,1.6432287115958566,33.33,62.5,50.0,39.94,75.0,52.15,53.2,46.98,7.0,6.0,9.0,Moderate Opportunity,"Industry Presence, Industry Growth"
2025,West Bengal,Chemicals,1662856.0,8.0,0.0088397790055248,-3.850028646172776,-3.3369963801700986,66.67,33.33,8.33,63.0,58.33,45.93,38.85,52.23,8.0,10.0,8.0,Moderate Opportunity,"Economic Strength, Underpenetration"
2025,Karnataka,Chemicals,2696034.0,8.0,0.0032167269802975,-23.685717163111207,-1.0626542093374325,83.33,16.67,33.33,72.55,16.67,44.51,38.68,55.1,9.0,11.0,7.0,Moderate Opportunity,"Economic Strength, Underpenetration"
2025,Uttarakhand,Chemicals,293455.0,1.0,0.0037735849056603,0.0,3.938861869606192,8.33,62.5,66.67,54.32,25.0,43.36,52.74,40.46,10.0,7.0,10.0,Lower Opportunity,"Startup Momentum, Industry Growth"
2025,Rajasthan,Computer Vision,1521722.0,3.0,0.0028598665395614,44.22495703074083,1.8797659731447205,54.55,100.0,63.64,71.01,90.91,76.02,79.66,73.12,1.0,1.0,3.0,High Opportunity,"Industry Growth, Industry Presence"
2025,Tamil Nadu,Computer Vision,2896553.0,4.0,0.0023201856148491,25.99210498948732,-1.627674744085328,90.91,90.0,27.27,86.7,81.82,75.34,72.93,82.19,2.0,3.0,1.0,High Opportunity,"Economic Strength, Industry Growth"
2025,Gujarat,Computer Vision,2295700.0,4.0,0.0015432098765432,10.064241629820891,4.337346049570767,72.73,70.0,81.82,76.98,54.55,71.21,73.08,72.55,3.0,2.0,4.0,High Opportunity,"Startup Momentum, Underpenetration"
2025,Maharashtra,Computer Vision,3821420.0,3.0,0.0006784260515603,14.471424255333186,-2.7780397840896476,100.0,80.0,18.18,94.98,9.09,60.45,62.45,77.22,4.0,5.0,2.0,Moderate Opportunity,"Economic Strength, Underpenetration"
2025,Andhra Pradesh,Computer Vision,1441786.0,1.0,0.0014388489208633,0.0,22.185576696861546,36.36,45.0,100.0,71.73,45.45,59.71,63.28,55.97,5.0,4.0,7.0,Moderate Opportunity,"Startup Momentum, Underpenetration"
2025,Telangana,Computer Vision,1481185.0,3.0,0.0017867778439547,-9.143970358393016,6.729794326326077,45.45,20.0,90.91,66.35,63.64,57.27,53.91,53.0,6.0,6.0,8.0,Moderate Opportunity,"Startup Momentum, Underpenetration"
2025,Odisha,Computer Vision,751750.0,1.0,0.0021505376344086,0.0,1.0242117102315706,18.18,45.0,45.45,58.48,72.73,47.97,47.9,43.82,7.0,8.0,10.0,Moderate Opportunity,"Industry Presence, Underpenetration"
2025,West Bengal,Computer Vision,1662856.0,1.0,0.0011049723756906,0.0,-3.3369963801700986,63.64,45.0,9.09,85.57,36.36,47.93,45.14,58.31,8.0,9.0,6.0,Moderate Opportunity,"Underpenetration, Economic Strength"
2025,Karnataka,Computer Vision,2696034.0,2.0,0.0008041817450743,-12.64195352637011,-1.0626542093374325,81.82,10.0,36.36,89.64,18.18,47.2,40.52,58.89,9.0,10.0,5.0,Moderate Opportunity,"Underpenetration, Economic Strength"
2025,Madhya Pradesh,Computer Vision,1416661.0,1.0,0.0010604453870625,0.0,1.6432287115958566,27.27,45.0,54.55,67.3,27.27,44.28,48.3,45.55,10.0,7.0,9.0,Lower Opportunity,"Underpenetration, Startup Momentum"
2025,Arunachal Pradesh,Construction,40196.0,6.0,0.24,44.22495703074083,40.572110883624866,7.14,100.0,100.0,30.94,92.86,66.19,76.19,50.71,1.0,1.0,4.0,High Opportunity,"Industry Growth, Startup Momentum"
2025,Andhra Pradesh,Construction,1441786.0,58.0,0.0834532374100719,18.336844122387276,22.185576696861546,50.0,78.57,92.86,23.11,64.29,61.77,66.77,53.36,2.0,2.0,2.0,High Opportunity,"Startup Momentum, Industry Growth"
2025,Gujarat,Construction,2295700.0,182.0,0.070216049382716,16.87514935933374,4.337346049570767,78.57,64.29,64.29,35.23,50.0,58.48,58.48,58.43,3.0,3.0,1.0,High Opportunity,"Economic Strength, Industry Growth"
2025,Madhya Pradesh,Construction,1416661.0,93.0,0.0986214209968186,29.32172759105125,1.6432287115958566,42.86,92.86,42.86,15.06,78.57,54.44,58.37,48.09,4.0,4.0,8.0,High Opportunity,"Industry Growth, Industry Presence"
2025,Jammu & Kashmir,Construction,206673.0,71.0,0.2817460317460317,17.292044753436684,14.020744690430842,14.29,71.43,85.71,0.0,100.0,54.29,57.86,37.14,5.0,5.0,13.0,Moderate Opportunity,"Industry Presence, Startup Momentum"
2025,Bihar,Construction,969815.0,134.0,0.19533527696793,10.617337559120866,9.256208162890168,35.71,57.14,78.57,8.77,85.71,53.18,53.54,41.2,6.0,7.0,10.0,Moderate Opportunity,"Industry Presence, Startup Momentum"
2025,Rajasthan,Construction,1521722.0,81.0,0.0772163965681601,8.738037300289214,1.8797659731447205,64.29,50.0,50.0,29.53,57.14,50.19,48.05,48.86,7.0,8.0,7.0,Moderate Opportunity,"Economic Strength, Industry Presence"
2025,Uttarakhand,Construction,293455.0,23.0,0.0867924528301886,20.94692408966412,3.938861869606192,21.43,85.71,57.14,15.06,71.43,50.16,56.58,40.95,8.0,6.0,11.0,Moderate Opportunity,"Industry Growth, Industry Presence"
2025,Maharashtra,Construction,3821420.0,228.0,0.0515603799185888,1.197718640592571,-2.7780397840896476,100.0,21.43,14.29,49.16,28.57,42.69,33.76,53.32,9.0,11.0,3.0,Moderate Opportunity,"Economic Strength, Underpenetration"
2025,Karnataka,Construction,2696034.0,102.0,0.0410132689987937,6.265856918261115,-1.0626542093374325,85.71,42.86,28.57,41.75,7.14,41.21,39.78,50.38,10.0,10.0,5.0,Moderate Opportunity,"Economic Strength, Industry Growth"
2025,Tamil Nadu,Dating Matrimonial,2896553.0,2.0,0.0011600928074245,0.0,-1.627674744085328,85.71,50.0,42.86,94.53,85.71,71.76,64.26,76.93,1.0,2.0,2.0,High Opportunity,"Underpenetration, Economic Strength"
2025,Maharashtra,Dating Matrimonial,3821420.0,4.0,0.0009045680687471,10.064241629820891,-2.7780397840896476,100.0,100.0,28.57,91.63,28.57,69.76,73.33,83.2,2.0,1.0,1.0,High Opportunity,"Economic Strength, Industry Growth"
2025,Rajasthan,Dating Matrimonial,1521722.0,1.0,0.0009532888465204,0.0,1.8797659731447205,42.86,50.0,85.71,80.96,42.86,60.48,63.69,60.0,3.0,3.0,5.0,Moderate Opportunity,"Startup Momentum, Underpenetration"
2025,Karnataka,Dating Matrimonial,2696034.0,1.0,0.0004020908725371,0.0,-1.0626542093374325,71.43,50.0,57.14,95.12,14.29,57.59,59.38,67.11,4.0,4.0,3.0,Moderate Opportunity,"Underpenetration, Economic Strength"
2025,West Bengal,Dating Matrimonial,1662856.0,1.0,0.0011049723756906,0.0,-3.3369963801700986,57.14,50.0,14.29,85.57,71.43,55.69,51.04,61.39,5.0,6.0,4.0,Moderate Opportunity,"Underpenetration, Industry Presence"
2025,Madhya Pradesh,Dating Matrimonial,1416661.0,1.0,0.0010604453870625,0.0,1.6432287115958566,28.57,50.0,71.43,67.3,57.14,54.89,57.39,51.62,6.0,5.0,6.0,Moderate Opportunity,"Startup Momentum, Underpenetration"
2025,Uttarakhand,Dating Matrimonial,293455.0,2.0,0.0075471698113207,,3.938861869606192,14.29,,100.0,48.85,100.0,,,,,,,Lower Opportunity,"Startup Momentum, Industry Presence"
2025,Gujarat,Design,2295700.0,20.0,0.007716049382716,115.44346900318838,4.337346049570767,76.92,100.0,69.23,53.1,100.0,79.85,80.62,75.93,1.0,1.0,1.0,High Opportunity,"Industry Growth, Industry Presence"
2025,Telangana,Design,1481185.0,10.0,0.0059559261465157,25.99210498948732,6.729794326326077,53.85,76.92,76.92,50.38,69.23,65.46,68.54,61.27,2.0,2.0,5.0,High Opportunity,"Industry Growth, Startup Momentum"
2025,Maharashtra,Design,3821420.0,31.0,0.0070104025327905,0.0,-2.7780397840896476,100.0,53.85,15.38,62.73,84.62,63.32,53.7,69.59,3.0,8.0,2.0,High Opportunity,"Economic Strength, Industry Presence"
2025,Rajasthan,Design,1521722.0,3.0,0.0028598665395614,44.22495703074083,1.8797659731447205,61.54,92.31,53.85,71.01,23.08,60.36,68.43,65.92,4.0,3.0,3.0,High Opportunity,"Industry Growth, Underpenetration"
2025,Uttarakhand,Design,293455.0,2.0,0.0075471698113207,25.99210498948732,3.938861869606192,15.38,76.92,61.54,48.85,92.31,59.0,62.85,50.04,5.0,5.0,10.0,Moderate Opportunity,"Industry Presence, Industry Growth"
2025,Bihar,Design,969815.0,2.0,0.0029154518950437,25.99210498948732,9.256208162890168,30.77,76.92,84.62,57.44,38.46,57.64,66.49,54.16,6.0,4.0,8.0,Moderate Opportunity,"Startup Momentum, Industry Growth"
2025,Tamil Nadu,Design,2896553.0,8.0,0.0046403712296983,-23.685717163111207,-1.627674744085328,92.31,15.38,23.08,77.43,61.54,53.95,42.02,62.46,7.0,12.0,4.0,Moderate Opportunity,"Economic Strength, Underpenetration"
2025,Andhra Pradesh,Design,1441786.0,2.0,0.0028776978417266,-20.62994740159002,22.185576696861546,46.15,23.08,100.0,66.26,30.77,53.25,54.02,51.42,8.0,7.0,9.0,Moderate Opportunity,"Startup Momentum, Underpenetration"
2025,Karnataka,Design,2696034.0,8.0,0.0032167269802975,-7.168223327744416,-1.0626542093374325,84.62,30.77,30.77,72.55,46.15,52.97,46.05,60.99,9.0,10.0,6.0,Moderate Opportunity,"Economic Strength, Underpenetration"
2025,West Bengal,Design,1662856.0,6.0,0.0066298342541436,-5.008574840700353,-3.3369963801700986,69.23,38.46,7.69,67.98,76.92,52.06,43.6,57.32,10.0,11.0,7.0,Moderate Opportunity,"Industry Presence, Economic Strength"
2025,Andhra Pradesh,Education,1441786.0,49.0,0.0705035971223021,17.7673606017982,22.185576696861546,46.15,92.31,100.0,24.83,92.31,71.12,76.12,58.99,1.0,1.0,2.0,High Opportunity,"Startup Momentum, Industry Growth"
2025,Jammu & Kashmir,Education,206673.0,19.0,0.0753968253968253,46.84780191517228,14.020744690430842,7.69,100.0,92.31,14.38,100.0,62.88,71.72,45.85,2.0,2.0,9.0,High Opportunity,"Industry Growth, Industry Presence"
2025,Bihar,Education,969815.0,48.0,0.0699708454810495,10.064241629820891,9.256208162890168,30.77,84.62,84.62,16.28,84.62,60.18,65.56,47.96,3.0,3.0,7.0,High Opportunity,"Industry Growth, Startup Momentum"
2025,Telangana,Education,1481185.0,96.0,0.0571768910065515,6.712357359481946,6.729794326326077,53.85,76.92,76.92,23.47,69.23,60.08,63.16,53.2,4.0,4.0,5.0,High Opportunity,"Industry Growth, Startup Momentum"
2025,Tamil Nadu,Education,2896553.0,102.0,0.0591647331786542,-3.0694412150361616,-1.627674744085328,92.31,53.85,23.08,46.63,76.92,58.56,50.86,62.45,5.0,7.0,1.0,Moderate Opportunity,"Economic Strength, Industry Presence"
2025,Gujarat,Education,2295700.0,64.0,0.0246913580246913,-2.9428998718965427,4.337346049570767,76.92,61.54,69.23,40.62,7.69,51.2,55.43,55.26,6.0,5.0,4.0,Moderate Opportunity,"Economic Strength, Startup Momentum"
2025,Karnataka,Education,2696034.0,137.0,0.0550864495375955,-8.18455003484856,-1.0626542093374325,84.62,30.77,30.77,40.8,61.54,49.7,41.24,53.01,7.0,8.0,6.0,Moderate Opportunity,"Economic Strength, Industry Presence"
2025,Maharashtra,Education,3821420.0,181.0,0.0409317051108095,-7.675510922335027,-2.7780397840896476,100.0,38.46,15.38,49.98,23.08,45.38,39.61,56.53,8.0,9.0,3.0,Moderate Opportunity,"Economic Strength, Underpenetration"
2025,Uttarakhand,Education,293455.0,14.0,0.0528301886792452,-2.273519408117486,3.938861869606192,15.38,69.23,61.54,23.79,53.85,44.76,51.3,37.14,9.0,6.0,11.0,Moderate Opportunity,"Industry Growth, Startup Momentum"
2025,West Bengal,Education,1662856.0,47.0,0.0519337016574585,-3.313722892767479,-3.3369963801700986,69.23,46.15,7.69,39.3,46.15,41.71,37.48,47.18,10.0,10.0,8.0,Moderate Opportunity,"Economic Strength, Industry Growth"
2025,Andhra Pradesh,Enterprise Software,1441786.0,13.0,0.018705035971223,63.032441550291594,22.185576696861546,41.67,100.0,100.0,42.38,83.33,73.48,80.98,63.55,1.0,1.0,1.0,High Opportunity,"Industry Growth, Startup Momentum"
2025,Telangana,Enterprise Software,1481185.0,40.0,0.0238237045860631,15.441567326431937,6.729794326326077,50.0,66.67,75.0,31.43,100.0,64.62,63.37,55.26,2.0,3.0,6.0,High Opportunity,"Industry Presence, Startup Momentum"
2025,Rajasthan,Enterprise Software,1521722.0,17.0,0.0162059103908484,19.348319192733697,1.8797659731447205,58.33,75.0,58.33,46.4,66.67,60.95,62.61,58.92,3.0,5.0,4.0,High Opportunity,"Industry Growth, Industry Presence"
2025,Tamil Nadu,Enterprise Software,2896553.0,32.0,0.0185614849187935,-2.000538994071077,-1.627674744085328,91.67,41.67,25.0,57.44,75.0,58.15,48.99,63.07,4.0,7.0,2.0,Moderate Opportunity,"Economic Strength, Industry Presence"
2025,Gujarat,Enterprise Software,2295700.0,32.0,0.0123456790123456,2.174590985807079,4.337346049570767,75.0,50.0,66.67,47.72,50.0,57.88,56.21,58.48,5.0,6.0,5.0,Moderate Opportunity,"Economic Strength, Startup Momentum"
2025,Jammu & Kashmir,Enterprise Software,206673.0,3.0,0.0119047619047619,44.22495703074083,14.020744690430842,8.33,91.67,91.67,40.75,33.33,53.15,67.32,45.56,6.0,2.0,10.0,Moderate Opportunity,"Industry Growth, Startup Momentum"
2025,Karnataka,Enterprise Software,2696034.0,52.0,0.020908725371934,-8.101269158731018,-1.0626542093374325,83.33,8.33,33.33,47.4,91.67,52.81,38.23,53.39,7.0,11.0,8.0,Moderate Opportunity,"Industry Presence, Economic Strength"
2025,Maharashtra,Enterprise Software,3821420.0,64.0,0.0144730890999547,-5.977942735829133,-2.7780397840896476,100.0,25.0,16.67,55.27,58.33,51.05,39.8,59.08,8.0,9.0,3.0,Moderate Opportunity,"Economic Strength, Industry Presence"
2025,Bihar,Enterprise Software,969815.0,7.0,0.010204081632653,20.507113208761503,9.256208162890168,25.0,83.33,83.33,42.97,16.67,50.26,62.76,47.06,9.0,4.0,9.0,Moderate Opportunity,"Industry Growth, Startup Momentum"
2025,West Bengal,Enterprise Software,1662856.0,11.0,0.0121546961325966,6.917810999860885,-3.3369963801700986,66.67,58.33,8.33,58.21,41.67,46.64,44.98,54.13,10.0,8.0,7.0,Lower Opportunity,"Economic Strength, Industry Growth"
2025,Jammu & Kashmir,Events,206673.0,3.0,0.0119047619047619,44.22495703074083,14.020744690430842,7.69,100.0,92.31,40.75,100.0,68.15,77.0,53.76,1.0,1.0,8.0,High Opportunity,"Industry Growth, Industry Presence"
2025,Andhra Pradesh,Events,1441786.0,4.0,0.0057553956834532,10.064241629820891,22.185576696861546,46.15,46.15,100.0,58.44,76.92,65.53,65.15,58.3,2.0,4.0,7.0,High Opportunity,"Startup Momentum, Industry Presence"
2025,Maharashtra,Events,3821420.0,22.0,0.0049751243781094,30.059144685138705,-2.7780397840896476,100.0,84.62,15.38,66.44,53.85,64.06,62.13,73.78,3.0,6.0,1.0,High Opportunity,"Economic Strength, Industry Growth"
2025,Telangana,Events,1481185.0,7.0,0.004169148302561,32.63524026321307,6.729794326326077,53.85,92.31,76.92,56.35,38.46,63.58,72.04,63.06,4.0,2.0,4.0,High Opportunity,"Industry Growth, Startup Momentum"
2025,Gujarat,Events,2295700.0,9.0,0.0034722222222222,21.644039911467992,4.337346049570767,76.92,69.23,69.23,65.81,30.77,62.39,65.47,66.67,5.0,3.0,2.0,Moderate Opportunity,"Economic Strength, Industry Growth"
2025,Karnataka,Events,2696034.0,14.0,0.0056292722155207,15.867554829548336,-1.0626542093374325,84.62,61.54,30.77,64.59,61.54,60.61,56.76,66.3,6.0,7.0,3.0,Moderate Opportunity,"Economic Strength, Underpenetration"
2025,Uttarakhand,Events,293455.0,2.0,0.0075471698113207,25.99210498948732,3.938861869606192,15.38,76.92,61.54,48.85,92.31,59.0,62.85,50.04,7.0,5.0,10.0,Moderate Opportunity,"Industry Presence, Industry Growth"
2025,West Bengal,Events,1662856.0,6.0,0.0066298342541436,14.471424255333186,-3.3369963801700986,69.23,53.85,7.69,67.98,84.62,56.67,49.75,61.16,8.0,8.0,6.0,Moderate Opportunity,"Industry Presence, Economic Strength"
2025,Rajasthan,Events,1521722.0,6.0,0.0057197330791229,-9.143970358393016,1.8797659731447205,61.54,15.38,53.85,63.36,69.23,52.67,44.6,52.86,9.0,10.0,9.0,Moderate Opportunity,"Industry Presence, Underpenetration"
2025,Tamil Nadu,Events,2896553.0,5.0,0.0029002320185614,0.0,-1.627674744085328,92.31,30.77,23.08,84.31,15.38,49.17,44.17,62.98,10.0,11.0,5.0,Moderate Opportunity,"Economic Strength, Underpenetration"
2025,Gujarat,Fashion,2295700.0,88.0,0.0339506172839506,15.576429093134902,4.337346049570767,76.92,46.15,69.23,38.31,100.0,66.12,58.82,60.72,1.0,4.0,4.0,High Opportunity,"Industry Presence, Economic Strength"
2025,Andhra Pradesh,Fashion,1441786.0,6.0,0.0086330935251798,44.22495703074083,22.185576696861546,46.15,96.15,100.0,54.14,15.38,62.37,75.64,60.86,2.0,1.0,3.0,High Opportunity,"Startup Momentum, Industry Growth"
2025,Telangana,Fashion,1481185.0,29.0,0.0172721858248957,38.144978847331615,6.729794326326077,53.85,84.62,76.92,34.83,53.85,60.81,66.58,56.6,3.0,3.0,5.0,High Opportunity,"Industry Growth, Startup Momentum"
2025,Maharashtra,Fashion,3821420.0,96.0,0.0217096336499321,16.96070952851465,-2.7780397840896476,100.0,53.85,15.38,52.1,69.23,58.11,50.04,64.86,4.0,7.0,1.0,High Opportunity,"Economic Strength, Industry Presence"
2025,Tamil Nadu,Fashion,2896553.0,30.0,0.0174013921113689,10.891823393038823,-1.627674744085328,92.31,38.46,23.08,58.16,61.54,54.71,46.25,61.3,5.0,9.0,2.0,Moderate Opportunity,"Economic Strength, Industry Presence"
2025,Jammu & Kashmir,Fashion,206673.0,3.0,0.0119047619047619,44.22495703074083,14.020744690430842,7.69,96.15,92.31,40.75,30.77,53.53,68.73,46.07,6.0,2.0,8.0,Moderate Opportunity,"Industry Growth, Startup Momentum"
2025,Rajasthan,Fashion,1521722.0,33.0,0.0314585319351763,5.629519164543795,1.8797659731447205,61.54,15.38,53.85,38.04,92.31,52.22,41.84,47.56,7.0,10.0,7.0,Moderate Opportunity,"Industry Presence, Economic Strength"
2025,Uttarakhand,Fashion,293455.0,7.0,0.0264150943396226,20.507113208761503,3.938861869606192,15.38,65.38,61.54,34.37,76.92,50.72,54.37,41.85,8.0,6.0,11.0,Moderate Opportunity,"Industry Presence, Industry Growth"
2025,Bihar,Fashion,969815.0,7.0,0.010204081632653,20.507113208761503,9.256208162890168,30.77,65.38,84.62,42.97,23.08,49.36,58.02,45.97,9.0,5.0,9.0,Moderate Opportunity,"Startup Momentum, Industry Growth"
2025,Karnataka,Fashion,2696034.0,42.0,0.0168878166465621,6.265856918261115,-1.0626542093374325,84.62,23.08,30.77,49.93,46.15,46.91,38.83,52.67,10.0,11.0,6.0,Moderate Opportunity,"Economic Strength, Underpenetration"
2025,Tamil Nadu,Finance Technology,2896553.0,60.0,0.0348027842227378,2.3264108093813185,-1.627674744085328,91.67,75.0,25.0,51.06,100.0,68.55,61.88,70.32,1.0,4.0,1.0,High Opportunity,"Industry Presence, Economic Strength"
2025,Rajasthan,Finance Technology,1521722.0,35.0,0.0333651096282173,3.032132495213924,1.8797659731447205,58.33,83.33,58.33,37.45,83.33,64.16,65.41,59.57,2.0,2.0,2.0,High Opportunity,"Industry Growth, Industry Presence"
2025,Bihar,Finance Technology,969815.0,19.0,0.0276967930029154,13.48455252486973,9.256208162890168,25.0,91.67,91.67,26.59,58.33,58.65,68.65,48.81,3.0,1.0,7.0,High Opportunity,"Industry Growth, Startup Momentum"
2025,Karnataka,Finance Technology,2696034.0,84.0,0.0337756332931242,-11.4548784238371,-1.0626542093374325,83.33,33.33,33.33,43.55,91.67,57.04,46.21,57.23,4.0,8.0,3.0,Moderate Opportunity,"Industry Presence, Economic Strength"
2025,Gujarat,Finance Technology,2295700.0,60.0,0.0231481481481481,-1.6131853193803058,4.337346049570767,75.0,50.0,75.0,41.34,41.67,56.6,56.18,56.57,5.0,6.0,5.0,Moderate Opportunity,"Economic Strength, Startup Momentum"
2025,Andhra Pradesh,Finance Technology,1441786.0,10.0,0.014388489208633,0.0,22.185576696861546,41.67,58.33,100.0,45.82,8.33,50.83,59.58,48.74,6.0,5.0,8.0,Moderate Opportunity,"Startup Momentum, Industry Growth"
2025,Maharashtra,Finance Technology,3821420.0,133.0,0.0300768882858435,-14.661313148206023,-2.7780397840896476,100.0,16.67,16.67,50.97,66.67,50.19,36.86,56.96,7.0,11.0,4.0,Moderate Opportunity,"Economic Strength, Industry Presence"
2025,Uttarakhand,Finance Technology,293455.0,5.0,0.0188679245283018,70.99759466766969,3.938861869606192,8.33,100.0,66.67,38.63,33.33,49.39,63.56,44.09,8.0,3.0,9.0,Moderate Opportunity,"Industry Growth, Startup Momentum"
2025,West Bengal,Finance Technology,1662856.0,30.0,0.0331491712707182,-5.896397111897144,-3.3369963801700986,66.67,41.67,8.33,43.74,75.0,47.08,39.58,49.79,9.0,10.0,6.0,Moderate Opportunity,"Industry Presence, Economic Strength"
2025,Madhya Pradesh,Finance Technology,1416661.0,23.0,0.024390243902439,1.492757390610744,1.6432287115958566,33.33,66.67,50.0,28.04,50.0,45.61,49.77,41.75,10.0,7.0,10.0,Lower Opportunity,"Industry Growth, Startup Momentum"
2025,Andhra Pradesh,Food & Beverages,1441786.0,44.0,0.0633093525179856,22.39034103416604,22.185576696861546,50.0,92.31,92.86,26.01,71.43,66.52,72.87,57.69,1.0,1.0,2.0,High Opportunity,"Startup Momentum, Industry Growth"
2025,Bihar,Food & Beverages,969815.0,48.0,0.0699708454810495,18.28992229188444,9.256208162890168,35.71,84.62,78.57,16.28,85.71,60.18,64.66,48.95,2.0,2.0,7.0,High Opportunity,"Industry Presence, Industry Growth"
2025,Maharashtra,Food & Beverages,3821420.0,324.0,0.073270013568521,3.527100998852428,-2.7780397840896476,100.0,38.46,14.29,48.8,92.86,58.88,46.08,63.05,3.0,8.0,1.0,High Opportunity,"Economic Strength, Industry Presence"
2025,Gujarat,Food & Beverages,2295700.0,140.0,0.0540123456790123,10.77206971090552,4.337346049570767,78.57,61.54,64.29,35.87,35.71,55.2,56.21,56.64,4.0,4.0,3.0,High Opportunity,"Economic Strength, Startup Momentum"
2025,Rajasthan,Food & Beverages,1521722.0,63.0,0.0600571973307912,12.710045297240802,1.8797659731447205,64.29,69.23,50.0,31.57,57.14,54.45,55.19,53.32,5.0,5.0,5.0,Moderate Opportunity,"Industry Growth, Economic Strength"
2025,Karnataka,Food & Beverages,2696034.0,158.0,0.0635303578608765,-0.2100846524083266,-1.0626542093374325,85.71,30.77,28.57,40.34,78.57,52.79,42.41,54.69,6.0,9.0,4.0,Moderate Opportunity,"Economic Strength, Industry Presence"
2025,Jammu & Kashmir,Food & Beverages,206673.0,11.0,0.0436507936507936,30.059144685138705,14.020744690430842,14.29,100.0,85.71,23.34,14.29,47.52,63.95,41.29,7.0,3.0,9.0,Moderate Opportunity,"Industry Growth, Startup Momentum"
2025,Telangana,Food & Beverages,1481185.0,87.0,0.0518165574746873,8.560069654394841,6.729794326326077,57.14,53.85,71.43,24.42,21.43,45.65,49.45,44.52,8.0,6.0,8.0,Moderate Opportunity,"Startup Momentum, Economic Strength"
2025,Odisha,Food & Beverages,751750.0,29.0,0.0623655913978494,13.18511959629507,1.0242117102315706,28.57,76.92,35.71,17.01,64.29,44.5,48.54,39.06,9.0,7.0,11.0,Moderate Opportunity,"Industry Growth, Industry Presence"
2025,Uttarakhand,Food & Beverages,293455.0,24.0,0.090566037735849,-1.3515170267812016,3.938861869606192,21.43,23.08,57.14,14.52,100.0,43.23,37.41,31.11,10.0,11.0,13.0,Moderate Opportunity,"Industry Presence, Startup Momentum"
2025,Tamil Nadu,Green Technology,2896553.0,40.0,0.0232018561484918,0.8474980349111538,-1.627674744085328,92.31,76.92,23.08,55.13,92.31,67.95,62.18,71.16,1.0,4.0,1.0,High Opportunity,"Economic Strength, Industry Presence"
2025,Gujarat,Green Technology,2295700.0,52.0,0.0200617283950617,-3.013899970482148,4.337346049570767,76.92,61.54,69.23,42.56,84.62,66.97,63.51,63.54,2.0,3.0,2.0,High Opportunity,"Industry Presence, Economic Strength"
2025,Rajasthan,Green Technology,1521722.0,20.0,0.0190657769304099,5.566719197800074,1.8797659731447205,61.54,84.62,53.85,43.78,69.23,62.6,64.91,60.83,3.0,2.0,5.0,High Opportunity,"Industry Growth, Industry Presence"
2025,Uttarakhand,Green Technology,293455.0,8.0,0.030188679245283,25.99210498948732,3.938861869606192,15.38,100.0,61.54,31.75,100.0,61.73,68.27,50.29,4.0,1.0,8.0,High Opportunity,"Industry Growth, Industry Presence"
2025,Maharashtra,Green Technology,3821420.0,86.0,0.0194482134780642,-4.260580066027575,-2.7780397840896476,100.0,38.46,15.38,53.14,76.92,56.78,45.63,62.87,5.0,9.0,3.0,Moderate Opportunity,"Economic Strength, Industry Presence"
2025,West Bengal,Green Technology,1662856.0,16.0,0.0176795580110497,7.166457967424877,-3.3369963801700986,69.23,92.31,7.69,52.33,61.54,56.62,57.77,61.85,6.0,7.0,4.0,Moderate Opportunity,"Industry Growth, Economic Strength"
2025,Andhra Pradesh,Green Technology,1441786.0,8.0,0.0115107913669064,-3.850028646172776,22.185576696861546,46.15,50.0,100.0,49.16,30.77,55.22,60.02,51.67,7.0,5.0,7.0,Moderate Opportunity,"Startup Momentum, Industry Growth"
2025,Karnataka,Green Technology,2696034.0,43.0,0.0172899075190993,-7.311703891312737,-1.0626542093374325,84.62,23.08,30.77,49.66,53.85,48.39,39.55,53.36,8.0,11.0,6.0,Moderate Opportunity,"Economic Strength, Industry Presence"
2025,Telangana,Green Technology,1481185.0,24.0,0.0142942227516378,-5.008574840700353,6.729794326326077,53.85,30.77,76.92,36.5,38.46,47.3,46.53,44.8,9.0,8.0,9.0,Moderate Opportunity,"Startup Momentum, Economic Strength"
2025,Jammu & Kashmir,Green Technology,206673.0,2.0,0.0079365079365079,0.0,14.020744690430842,7.69,69.23,92.31,45.23,15.38,45.97,58.66,40.49,10.0,6.0,11.0,Moderate Opportunity,"Startup Momentum, Industry Growth"
2025,Andhra Pradesh,Healthcare & Lifesciences,1441786.0,66.0,0.0949640287769784,48.880555295382734,22.185576696861546,50.0,100.0,92.86,21.39,64.29,65.71,73.92,57.13,1.0,1.0,3.0,High Opportunity,"Industry Growth, Startup Momentum"
2025,Telangana,Healthcare & Lifesciences,1481185.0,192.0,0.114353782013103,5.394786126088191,6.729794326326077,57.14,76.92,71.43,20.94,100.0,65.29,64.68,55.95,2.0,2.0,5.0,High Opportunity,"Industry Presence, Industry Growth"
2025,Gujarat,Healthcare & Lifesciences,2295700.0,262.0,0.1010802469135802,1.439988183148233,4.337346049570767,78.57,69.23,64.29,34.37,78.57,65.01,62.89,62.02,3.0,3.0,1.0,High Opportunity,"Economic Strength, Industry Presence"
2025,Rajasthan,Healthcare & Lifesciences,1521722.0,95.0,0.0905624404194471,8.198385552319753,1.8797659731447205,64.29,92.31,50.0,28.49,57.14,58.45,62.65,57.01,4.0,4.0,4.0,High Opportunity,"Industry Growth, Economic Strength"
2025,Maharashtra,Healthcare & Lifesciences,3821420.0,446.0,0.1008593396653098,-2.6887243624386437,-2.7780397840896476,100.0,38.46,14.29,48.53,71.43,54.54,43.88,60.82,5.0,7.0,2.0,Moderate Opportunity,"Economic Strength, Industry Presence"
2025,West Bengal,Healthcare & Lifesciences,1662856.0,96.0,0.1060773480662983,-0.684953003244293,-3.3369963801700986,71.43,53.85,7.14,32.75,92.86,51.6,43.61,52.02,6.0,9.0,7.0,Moderate Opportunity,"Industry Presence, Economic Strength"
2025,Bihar,Healthcare & Lifesciences,969815.0,47.0,0.0685131195335276,5.522714724507494,9.256208162890168,35.71,84.62,78.57,16.64,14.29,45.97,57.59,41.92,7.0,5.0,9.0,Moderate Opportunity,"Industry Growth, Startup Momentum"
2025,Uttarakhand,Healthcare & Lifesciences,293455.0,27.0,0.1018867924528302,-1.2049365987475746,3.938861869606192,21.43,46.15,57.14,13.48,85.71,44.78,43.85,33.99,8.0,8.0,10.0,Moderate Opportunity,"Industry Presence, Startup Momentum"
2025,Tamil Nadu,Healthcare & Lifesciences,2896553.0,134.0,0.0777262180974478,-2.818414356928578,-1.627674744085328,92.86,30.77,21.43,45.86,28.57,43.9,37.44,52.77,9.0,10.0,6.0,Moderate Opportunity,"Economic Strength, Underpenetration"
2025,Karnataka,Healthcare & Lifesciences,2696034.0,215.0,0.0864495375954965,-5.52880118099247,-1.0626542093374325,85.71,15.38,28.57,39.44,50.0,43.82,33.99,48.48,10.0,11.0,8.0,Moderate Opportunity,"Economic Strength, Industry Presence"
2025,Tamil Nadu,House-Hold Services,2896553.0,15.0,0.0087006960556844,10.891823393038823,-1.627674744085328,91.67,72.73,25.0,67.98,83.33,68.14,62.8,73.27,1.0,4.0,1.0,High Opportunity,"Economic Strength, Industry Presence"
2025,Bihar,House-Hold Services,969815.0,6.0,0.0087463556851311,25.99210498948732,9.256208162890168,25.0,86.36,83.33,45.32,91.67,66.34,71.79,55.87,2.0,3.0,6.0,High Opportunity,"Industry Presence, Industry Growth"
2025,Telangana,House-Hold Services,1481185.0,14.0,0.008338296605122,51.82944859378311,6.729794326326077,50.0,100.0,75.0,45.77,58.33,65.82,73.74,62.06,3.0,1.0,3.0,High Opportunity,"Industry Growth, Startup Momentum"
2025,Andhra Pradesh,House-Hold Services,1441786.0,4.0,0.0057553956834532,25.99210498948732,22.185576696861546,41.67,86.36,100.0,58.44,25.0,62.29,73.58,59.8,4.0,2.0,4.0,Moderate Opportunity,"Startup Momentum, Industry Growth"
2025,Maharashtra,House-Hold Services,3821420.0,37.0,0.0083672546359113,3.887332412441835,-2.7780397840896476,100.0,54.55,16.67,60.7,66.67,59.72,52.06,67.45,5.0,6.0,2.0,Moderate Opportunity,"Economic Strength, Industry Presence"
2025,Madhya Pradesh,House-Hold Services,1416661.0,8.0,0.0084835630965005,10.064241629820891,1.6432287115958566,33.33,63.64,50.0,44.73,75.0,53.34,54.55,48.65,6.0,5.0,10.0,Moderate Opportunity,"Industry Presence, Industry Growth"
2025,Rajasthan,House-Hold Services,1521722.0,8.0,0.0076263107721639,0.0,1.8797659731447205,58.33,40.91,58.33,58.39,41.67,51.53,50.58,53.2,7.0,7.0,8.0,Moderate Opportunity,"Underpenetration, Economic Strength"
2025,Gujarat,House-Hold Services,2295700.0,15.0,0.005787037037037,-9.143970358393016,4.337346049570767,75.0,18.18,66.67,58.25,33.33,50.29,45.51,53.61,8.0,9.0,7.0,Moderate Opportunity,"Economic Strength, Startup Momentum"
2025,Karnataka,House-Hold Services,2696034.0,13.0,0.0052271813429835,0.0,-1.0626542093374325,83.33,40.91,33.33,65.76,16.67,48.0,45.8,57.91,9.0,8.0,5.0,Moderate Opportunity,"Economic Strength, Underpenetration"
2025,West Bengal,House-Hold Services,1662856.0,7.0,0.0077348066298342,-8.035860787295979,-3.3369963801700986,66.67,27.27,8.33,65.63,50.0,43.58,36.42,50.98,10.0,10.0,9.0,Lower Opportunity,"Economic Strength, Underpenetration"
2025,Andhra Pradesh,Human Resources,1441786.0,16.0,0.0230215827338129,38.672254870126935,22.185576696861546,46.15,100.0,100.0,38.49,69.23,70.77,79.24,62.32,1.0,1.0,2.0,High Opportunity,"Industry Growth, Startup Momentum"
2025,Gujarat,Human Resources,2295700.0,48.0,0.0185185185185185,25.99210498948732,4.337346049570767,76.92,92.31,69.23,43.65,46.15,65.65,70.65,66.17,2.0,2.0,1.0,High Opportunity,"Industry Growth, Economic Strength"
2025,Bihar,Human Resources,969815.0,26.0,0.0379008746355685,20.123329994304417,9.256208162890168,30.77,76.92,84.62,22.48,92.31,61.42,64.88,49.05,3.0,3.0,6.0,High Opportunity,"Industry Presence, Startup Momentum"
2025,Jammu & Kashmir,Human Resources,206673.0,8.0,0.0317460317460317,16.96070952851465,14.020744690430842,7.69,69.23,92.31,28.13,84.62,56.4,62.16,42.29,4.0,4.0,11.0,High Opportunity,"Startup Momentum, Industry Presence"
2025,Uttarakhand,Human Resources,293455.0,7.0,0.0264150943396226,20.507113208761503,3.938861869606192,15.38,84.62,61.54,34.37,76.92,54.57,61.11,45.7,5.0,5.0,10.0,Moderate Opportunity,"Industry Growth, Industry Presence"
2025,Karnataka,Human Resources,2696034.0,49.0,0.0197024527543224,-1.9612921092163504,-1.0626542093374325,84.62,46.15,30.77,48.21,53.85,52.72,47.34,57.54,6.0,7.0,3.0,Moderate Opportunity,"Economic Strength, Industry Presence"
2025,Telangana,Human Resources,1481185.0,28.0,0.0166765932102441,0.0,6.729794326326077,53.85,57.69,76.92,35.14,30.77,50.87,54.91,49.0,7.0,6.0,7.0,Moderate Opportunity,"Startup Momentum, Industry Growth"
2025,Maharashtra,Human Resources,3821420.0,76.0,0.0171867933061962,-14.826826920641976,-2.7780397840896476,100.0,15.38,15.38,53.73,38.46,44.59,33.82,54.58,8.0,12.0,4.0,Moderate Opportunity,"Economic Strength, Underpenetration"
2025,Madhya Pradesh,Human Resources,1416661.0,45.0,0.0477200424178154,-14.893404498733364,1.6432287115958566,38.46,7.69,46.15,21.35,100.0,42.73,32.35,34.1,9.0,13.0,13.0,Moderate Opportunity,"Industry Presence, Startup Momentum"
2025,Odisha,Human Resources,751750.0,10.0,0.021505376344086,0.0,1.0242117102315706,23.08,57.69,38.46,32.56,61.54,42.67,44.78,38.23,10.0,8.0,12.0,Moderate Opportunity,"Industry Presence, Industry Growth"
2025,Andhra Pradesh,IT Services,1441786.0,96.0,0.1381294964028777,20.402687581758293,22.185576696861546,46.15,100.0,100.0,18.91,92.31,71.47,77.63,58.75,1.0,1.0,2.0,High Opportunity,"Industry Growth, Startup Momentum"
2025,Telangana,IT Services,1481185.0,262.0,0.1560452650387135,13.120393055532652,6.729794326326077,53.85,84.62,76.92,20.4,100.0,67.16,68.31,56.89,2.0,2.0,3.0,High Opportunity,"Industry Presence, Industry Growth"
2025,Karnataka,IT Services,2696034.0,337.0,0.1355046240450342,1.846569665346709,-1.0626542093374325,84.62,53.85,30.77,38.9,84.62,58.55,51.24,59.36,3.0,6.0,1.0,High Opportunity,"Economic Strength, Industry Presence"
2025,Rajasthan,IT Services,1521722.0,101.0,0.09628217349857,8.53373801717916,1.8797659731447205,61.54,69.23,53.85,27.73,46.15,51.7,54.01,50.63,4.0,5.0,6.0,High Opportunity,"Industry Growth, Economic Strength"
2025,Bihar,IT Services,969815.0,52.0,0.075801749271137,15.21476602058922,9.256208162890168,30.77,92.31,84.62,15.2,23.08,49.19,61.89,43.02,5.0,3.0,9.0,Moderate Opportunity,"Industry Growth, Startup Momentum"
2025,Tamil Nadu,IT Services,2896553.0,202.0,0.1171693735498839,-4.234772552159749,-1.627674744085328,92.31,7.69,23.08,44.5,76.92,48.9,34.29,52.58,6.0,12.0,5.0,Moderate Opportunity,"Economic Strength, Industry Presence"
2025,Maharashtra,IT Services,3821420.0,423.0,0.0956580732700135,-1.8958337719055196,-2.7780397840896476,100.0,23.08,15.38,48.62,38.46,45.11,35.49,54.59,7.0,10.0,4.0,Moderate Opportunity,"Economic Strength, Underpenetration"
2025,Jammu & Kashmir,IT Services,206673.0,22.0,0.0873015873015873,11.199004528465784,14.020744690430842,7.69,76.92,92.31,12.21,30.77,43.98,56.29,33.66,8.0,4.0,11.0,Moderate Opportunity,"Startup Momentum, Industry Growth"
2025,Gujarat,IT Services,2295700.0,191.0,0.0736882716049382,-3.7191613255157407,4.337346049570767,76.92,15.38,69.23,35.05,15.38,42.4,38.93,45.13,9.0,9.0,7.0,Moderate Opportunity,"Economic Strength, Startup Momentum"
2025,West Bengal,IT Services,1662856.0,99.0,0.1093922651933701,0.0,-3.3369963801700986,69.23,30.77,7.69,32.43,61.54,40.33,32.25,43.57,10.0,13.0,8.0,Moderate Opportunity,"Economic Strength, Industry Presence"
2025,Andhra Pradesh,Indic Language Startups,1441786.0,2.0,0.0028776978417266,25.99210498948732,22.185576696861546,41.67,95.45,100.0,66.26,58.33,72.34,81.66,67.3,1.0,1.0,3.0,High Opportunity,"Startup Momentum, Industry Growth"
2025,Karnataka,Indic Language Startups,2696034.0,10.0,0.0040209087253719,12.624788044360605,-1.0626542093374325,83.33,81.82,33.33,69.2,66.67,66.87,65.81,72.12,2.0,3.0,2.0,High Opportunity,"Economic Strength, Industry Growth"
2025,Tamil Nadu,Indic Language Startups,2896553.0,7.0,0.004060324825986,-11.209599825739936,-1.627674744085328,91.67,54.55,25.0,80.05,75.0,65.25,58.02,72.43,3.0,5.0,1.0,High Opportunity,"Economic Strength, Underpenetration"
2025,Telangana,Indic Language Startups,1481185.0,4.0,0.0023823704586063,25.99210498948732,6.729794326326077,50.0,95.45,75.0,63.0,41.67,65.02,73.93,64.66,4.0,2.0,5.0,Moderate Opportunity,"Industry Growth, Startup Momentum"
2025,Maharashtra,Indic Language Startups,3821420.0,11.0,0.0024875621890547,-13.506941493716852,-2.7780397840896476,100.0,36.36,16.67,77.57,50.0,56.12,47.41,67.21,5.0,8.0,4.0,Moderate Opportunity,"Economic Strength, Underpenetration"
2025,Gujarat,Indic Language Startups,2295700.0,6.0,0.0023148148148148,-18.294205935675624,4.337346049570767,75.0,18.18,66.67,72.68,33.33,53.17,48.4,57.94,6.0,7.0,6.0,Moderate Opportunity,"Economic Strength, Underpenetration"
2025,West Bengal,Indic Language Startups,1662856.0,5.0,0.005524861878453,-14.501202666165147,-3.3369963801700986,66.67,27.27,8.33,69.88,91.67,52.76,41.44,56.42,7.0,10.0,7.0,Moderate Opportunity,"Industry Presence, Underpenetration"
2025,Odisha,Indic Language Startups,751750.0,2.0,0.0043010752688172,0.0,1.0242117102315706,16.67,68.18,41.67,53.01,83.33,52.57,54.88,47.04,8.0,6.0,10.0,Moderate Opportunity,"Industry Presence, Industry Growth"
2025,Bihar,Indic Language Startups,969815.0,1.0,0.0014577259475218,0.0,9.256208162890168,25.0,68.18,83.33,62.91,8.33,49.55,60.61,49.18,9.0,4.0,9.0,Moderate Opportunity,"Startup Momentum, Industry Growth"
2025,Rajasthan,Indic Language Startups,1521722.0,2.0,0.0019065776930409,-34.13662439916505,1.8797659731447205,58.33,9.09,58.33,75.49,16.67,43.58,40.36,49.46,10.0,11.0,8.0,Lower Opportunity,"Underpenetration, Economic Strength"
2025,Telangana,Internet of Things,1481185.0,15.0,0.0089338892197736,7.721734501594191,6.729794326326077,45.45,90.91,81.82,44.28,90.91,70.67,74.76,62.37,1.0,2.0,3.0,High Opportunity,"Industry Growth, Industry Presence"
2025,Tamil Nadu,Internet of Things,2896553.0,26.0,0.0150812064965197,-3.5745257897990657,-1.627674744085328,90.91,72.73,27.27,59.57,100.0,70.09,63.28,72.42,2.0,3.0,1.0,High Opportunity,"Industry Presence, Economic Strength"
2025,Bihar,Internet of Things,969815.0,5.0,0.0072886297376093,18.56311014966876,9.256208162890168,18.18,100.0,90.91,47.22,63.64,63.99,75.35,55.07,3.0,1.0,8.0,High Opportunity,"Industry Growth, Startup Momentum"
2025,Maharashtra,Internet of Things,3821420.0,32.0,0.0072365445499773,-6.381475844673945,-2.7780397840896476,100.0,63.64,18.18,62.37,54.55,59.75,54.75,68.71,4.0,6.0,2.0,Moderate Opportunity,"Economic Strength, Industry Growth"
2025,Rajasthan,Internet of Things,1521722.0,8.0,0.0076263107721639,-10.07113739547817,1.8797659731447205,54.55,45.45,63.64,58.39,72.73,58.95,56.22,56.61,5.0,4.0,6.0,Moderate Opportunity,"Industry Presence, Startup Momentum"
2025,Gujarat,Internet of Things,2295700.0,7.0,0.0027006172839506,-13.986137246278185,4.337346049570767,72.73,36.36,72.73,70.33,9.09,52.25,53.16,58.37,6.0,7.0,5.0,Moderate Opportunity,"Economic Strength, Startup Momentum"
2025,West Bengal,Internet of Things,1662856.0,5.0,0.005524861878453,0.0,-3.3369963801700986,63.64,81.82,9.09,69.88,36.36,52.16,54.88,60.96,7.0,5.0,4.0,Moderate Opportunity,"Industry Growth, Underpenetration"
2025,Karnataka,Internet of Things,2696034.0,17.0,0.0068355448331322,-23.51872695266296,-1.0626542093374325,81.82,27.27,36.36,60.56,45.45,50.29,43.48,56.35,8.0,10.0,7.0,Moderate Opportunity,"Economic Strength, Underpenetration"
2025,Odisha,Internet of Things,751750.0,4.0,0.0086021505376344,-7.168223327744416,1.0242117102315706,9.09,54.55,45.45,45.18,81.82,47.22,48.58,39.92,9.0,9.0,10.0,Moderate Opportunity,"Industry Presence, Industry Growth"
2025,Andhra Pradesh,Internet of Things,1441786.0,3.0,0.0043165467625899,-24.60525588708462,22.185576696861546,36.36,18.18,100.0,61.78,18.18,46.9,49.17,44.9,10.0,8.0,9.0,Lower Opportunity,"Startup Momentum, Underpenetration"
2025,Tamil Nadu,Logistics,2896553.0,24.0,0.0139211136890951,29.69986344960558,-1.627674744085328,92.31,75.0,23.08,60.2,92.31,68.58,62.52,72.29,1.0,5.0,1.0,High Opportunity,"Economic Strength, Industry Presence"
2025,Andhra Pradesh,Logistics,1441786.0,9.0,0.0129496402877697,21.644039911467992,22.185576696861546,46.15,66.67,92.31,47.26,84.62,67.4,68.94,59.05,2.0,2.0,4.0,High Opportunity,"Startup Momentum, Industry Presence"
2025,Maharashtra,Logistics,3821420.0,52.0,0.0117593848937132,17.566734386037865,-2.7780397840896476,100.0,58.33,15.38,57.21,76.92,61.57,53.4,68.06,3.0,8.0,2.0,High Opportunity,"Economic Strength, Industry Presence"
2025,Bihar,Logistics,969815.0,5.0,0.0072886297376093,70.99759466766969,9.256208162890168,30.77,100.0,84.62,47.22,30.77,58.67,71.75,54.93,4.0,1.0,7.0,High Opportunity,"Industry Growth, Startup Momentum"
2025,Gujarat,Logistics,2295700.0,26.0,0.0100308641975308,15.21476602058922,4.337346049570767,76.92,41.67,69.23,49.84,53.85,58.3,54.94,58.67,5.0,7.0,5.0,Moderate Opportunity,"Economic Strength, Startup Momentum"
2025,Rajasthan,Logistics,1521722.0,7.0,0.0066730219256434,32.63524026321307,1.8797659731447205,61.54,83.33,53.85,61.01,23.08,56.56,63.29,61.12,6.0,4.0,3.0,Moderate Opportunity,"Industry Growth, Economic Strength"
2025,Uttarakhand,Logistics,293455.0,3.0,0.0113207547169811,44.22495703074083,3.938861869606192,15.38,91.67,61.54,44.37,69.23,56.44,64.8,49.34,7.0,3.0,9.0,Moderate Opportunity,"Industry Growth, Industry Presence"
2025,Telangana,Logistics,1481185.0,14.0,0.008338296605122,15.867554829548336,6.729794326326077,53.85,50.0,76.92,45.77,46.15,54.54,55.88,52.19,8.0,6.0,8.0,Moderate Opportunity,"Startup Momentum, Economic Strength"
2025,Karnataka,Logistics,2696034.0,16.0,0.006433453960595,13.30326698854094,-1.0626542093374325,84.62,33.33,30.77,61.87,15.38,45.2,41.73,55.23,9.0,9.0,6.0,Moderate Opportunity,"Economic Strength, Underpenetration"
2025,Madhya Pradesh,Logistics,1416661.0,10.0,0.0106044538706256,3.5744168651286268,1.6432287115958566,38.46,25.0,46.15,41.38,61.54,42.51,38.57,39.72,10.0,10.0,11.0,Moderate Opportunity,"Industry Presence, Startup Momentum"
2025,Gujarat,Marketing,2295700.0,30.0,0.011574074074074,10.891823393038823,4.337346049570767,76.92,76.92,69.23,48.44,46.15,63.53,66.23,64.53,1.0,3.0,1.0,High Opportunity,"Economic Strength, Industry Growth"
2025,Andhra Pradesh,Marketing,1441786.0,6.0,0.0086330935251798,14.471424255333186,22.185576696861546,46.15,100.0,100.0,54.14,15.38,63.14,76.98,61.63,2.0,1.0,4.0,High Opportunity,"Industry Growth, Startup Momentum"
2025,Karnataka,Marketing,2696034.0,34.0,0.0136710896662645,4.260360145884445,-1.0626542093374325,84.62,61.54,30.77,51.88,69.23,59.61,54.99,63.26,3.0,5.0,3.0,High Opportunity,"Economic Strength, Industry Presence"
2025,West Bengal,Marketing,1662856.0,17.0,0.0187845303867403,6.685884434218181,-3.3369963801700986,69.23,69.23,7.69,51.02,92.31,57.9,52.51,59.92,4.0,7.0,5.0,High Opportunity,"Industry Presence, Economic Strength"
2025,Maharashtra,Marketing,3821420.0,64.0,0.0144730890999547,-7.929173755189045,-2.7780397840896476,100.0,38.46,15.38,55.27,76.92,57.21,46.05,63.5,5.0,9.0,2.0,Moderate Opportunity,"Economic Strength, Industry Presence"
2025,Odisha,Marketing,751750.0,11.0,0.0236559139784946,11.199004528465784,1.0242117102315706,23.08,84.62,38.46,31.12,100.0,55.45,57.76,47.03,6.0,4.0,10.0,Moderate Opportunity,"Industry Presence, Industry Growth"
2025,Bihar,Marketing,969815.0,7.0,0.010204081632653,11.86889420813968,9.256208162890168,30.77,92.31,84.62,42.97,23.08,54.75,67.44,51.35,7.0,2.0,7.0,Moderate Opportunity,"Industry Growth, Startup Momentum"
2025,Uttarakhand,Marketing,293455.0,4.0,0.0150943396226415,-7.168223327744416,3.938861869606192,15.38,53.85,61.54,41.02,84.62,51.28,52.44,42.31,8.0,8.0,11.0,Moderate Opportunity,"Industry Presence, Startup Momentum"
2025,Telangana,Marketing,1481185.0,19.0,0.0113162596783799,-7.491681618140877,6.729794326326077,53.85,46.15,76.92,39.98,38.46,51.07,52.61,48.92,9.0,6.0,9.0,Moderate Opportunity,"Startup Momentum, Economic Strength"
2025,Rajasthan,Marketing,1521722.0,14.0,0.0133460438512869,-16.44503441725692,1.8797659731447205,61.54,23.08,53.85,50.43,61.54,50.09,43.93,49.74,10.0,10.0,8.0,Moderate Opportunity,"Economic Strength, Industry Presence"
2025,Andhra Pradesh,Media & Entertainment,1441786.0,7.0,0.0100719424460431,32.63524026321307,22.185576696861546,46.15,92.31,100.0,51.79,30.77,64.2,75.36,60.92,1.0,1.0,4.0,High Opportunity,"Startup Momentum, Industry Growth"
2025,Madhya Pradesh,Media & Entertainment,1416661.0,15.0,0.0159066808059384,35.72088082974532,1.6432287115958566,38.46,100.0,46.15,35.28,92.31,62.44,66.67,55.97,2.0,2.0,5.0,High Opportunity,"Industry Growth, Industry Presence"
2025,Rajasthan,Media & Entertainment,1521722.0,14.0,0.0133460438512869,20.507113208761503,1.8797659731447205,61.54,76.92,53.85,50.43,69.23,62.39,63.55,61.28,3.0,3.0,3.0,High Opportunity,"Industry Growth, Industry Presence"
2025,Telangana,Media & Entertainment,1481185.0,26.0,0.015485407980941,9.139288306110592,6.729794326326077,53.85,53.85,76.92,35.87,76.92,59.48,58.33,53.07,4.0,5.0,6.0,High Opportunity,"Startup Momentum, Industry Presence"
2025,Maharashtra,Media & Entertainment,3821420.0,70.0,0.0158299412030755,-5.896397111897144,-2.7780397840896476,100.0,38.46,15.38,54.32,84.62,58.56,46.63,63.99,5.0,9.0,1.0,Moderate Opportunity,"Economic Strength, Industry Presence"
2025,Odisha,Media & Entertainment,751750.0,10.0,0.021505376344086,25.99210498948732,1.0242117102315706,23.08,84.62,38.46,32.56,100.0,55.74,58.05,47.46,6.0,6.0,10.0,Moderate Opportunity,"Industry Presence, Industry Growth"
2025,Tamil Nadu,Media & Entertainment,2896553.0,22.0,0.0127610208816705,1.5627524178942975,-1.627674744085328,92.31,46.15,23.08,61.51,53.85,55.38,48.84,63.07,7.0,8.0,2.0,Moderate Opportunity,"Economic Strength, Underpenetration"
2025,Bihar,Media & Entertainment,969815.0,8.0,0.0116618075801749,16.96070952851465,9.256208162890168,30.77,69.23,84.62,40.34,46.15,54.22,61.15,48.26,8.0,4.0,9.0,Moderate Opportunity,"Startup Momentum, Industry Growth"
2025,Gujarat,Media & Entertainment,2295700.0,22.0,0.0084876543209876,-12.64195352637011,4.337346049570767,76.92,23.08,69.23,51.79,15.38,47.28,44.97,51.69,9.0,10.0,8.0,Moderate Opportunity,"Economic Strength, Startup Momentum"
2025,Uttarakhand,Media & Entertainment,293455.0,3.0,0.0113207547169811,14.471424255333186,3.938861869606192,15.38,61.54,61.54,44.37,38.46,44.26,51.18,40.23,10.0,7.0,12.0,Moderate Opportunity,"Industry Growth, Startup Momentum"
2025,Gujarat,Nanotechnology,2295700.0,4.0,0.0015432098765432,25.99210498948732,4.337346049570767,57.14,100.0,85.71,76.98,85.71,81.11,86.11,77.38,1.0,1.0,2.0,High Opportunity,"Industry Growth, Startup Momentum"
2025,Tamil Nadu,Nanotechnology,2896553.0,3.0,0.0017401392111368,14.471424255333186,-1.627674744085328,85.71,85.71,42.86,90.05,100.0,80.87,77.3,84.16,2.0,2.0,1.0,High Opportunity,"Industry Presence, Underpenetration"
2025,Maharashtra,Nanotechnology,3821420.0,5.0,0.0011307100859339,-17.79293085565099,-2.7780397840896476,100.0,42.86,28.57,89.24,57.14,63.56,55.7,73.91,3.0,4.0,3.0,Moderate Opportunity,"Economic Strength, Underpenetration"
2025,Karnataka,Nanotechnology,2696034.0,3.0,0.0012062726176115,-30.663872564936533,-1.0626542093374325,71.43,14.29,57.14,85.17,71.43,59.89,50.6,62.69,4.0,6.0,4.0,Moderate Opportunity,"Underpenetration, Economic Strength"
2025,Telangana,Nanotechnology,1481185.0,1.0,0.0005955926146515,0.0,6.729794326326077,14.29,64.29,100.0,76.3,14.29,53.83,65.62,51.46,5.0,3.0,6.0,Moderate Opportunity,"Startup Momentum, Underpenetration"
2025,West Bengal,Nanotechnology,1662856.0,1.0,0.0011049723756906,0.0,-3.3369963801700986,42.86,64.29,14.29,85.57,42.86,49.97,51.76,57.1,6.0,5.0,5.0,Moderate Opportunity,"Underpenetration, Industry Growth"
2025,Rajasthan,Nanotechnology,1521722.0,1.0,0.0009532888465204,-20.62994740159002,1.8797659731447205,28.57,28.57,71.43,80.96,28.57,47.62,49.76,48.57,7.0,7.0,7.0,Lower Opportunity,"Underpenetration, Startup Momentum"
2025,Gujarat,Non- Renewable Energy,2295700.0,17.0,0.0065586419753086,-5.273176281409042,4.337346049570767,75.0,100.0,75.0,55.72,100.0,81.14,82.39,76.72,1.0,1.0,1.0,High Opportunity,"Industry Growth, Industry Presence"
2025,Maharashtra,Non- Renewable Energy,3821420.0,23.0,0.0052012663952962,-28.52912558764058,-2.7780397840896476,100.0,83.33,16.67,65.67,83.33,69.8,64.8,76.37,2.0,4.0,2.0,High Opportunity,"Economic Strength, Industry Growth"
2025,Andhra Pradesh,Non- Renewable Energy,1441786.0,3.0,0.0043165467625899,-35.15006827519721,22.185576696861546,41.67,66.67,100.0,61.78,75.0,69.02,72.36,61.87,3.0,2.0,4.0,High Opportunity,"Startup Momentum, Industry Presence"
2025,Madhya Pradesh,Non- Renewable Energy,1416661.0,6.0,0.0063626723223753,-27.887521484629584,1.6432287115958566,33.33,91.67,50.0,49.71,91.67,63.27,67.02,57.41,4.0,3.0,6.0,Moderate Opportunity,"Industry Growth, Industry Presence"
2025,Telangana,Non- Renewable Energy,1481185.0,3.0,0.0017867778439547,-37.00394750525634,6.729794326326077,50.0,58.33,83.33,66.35,25.0,56.6,62.02,57.41,5.0,5.0,7.0,Moderate Opportunity,"Startup Momentum, Underpenetration"
2025,Bihar,Non- Renewable Energy,969815.0,2.0,0.0029154518950437,-41.51964523574267,9.256208162890168,25.0,50.0,91.67,57.44,50.0,54.82,59.4,48.9,6.0,7.0,10.0,Moderate Opportunity,"Startup Momentum, Underpenetration"
2025,Uttarakhand,Non- Renewable Energy,293455.0,1.0,0.0037735849056603,-30.663872564936533,3.938861869606192,8.33,75.0,66.67,54.32,58.33,52.53,60.45,46.3,7.0,6.0,11.0,Moderate Opportunity,"Industry Growth, Startup Momentum"
2025,Tamil Nadu,Non- Renewable Energy,2896553.0,3.0,0.0017401392111368,-47.72420414252898,-1.627674744085328,91.67,29.17,25.0,90.05,16.67,50.51,45.3,64.51,8.0,8.0,3.0,Moderate Opportunity,"Economic Strength, Underpenetration"
2025,Rajasthan,Non- Renewable Energy,1521722.0,2.0,0.0019065776930409,-57.47096297170098,1.8797659731447205,58.33,8.33,58.33,75.49,33.33,46.76,41.76,50.98,9.0,10.0,9.0,Moderate Opportunity,"Underpenetration, Economic Strength"
2025,Karnataka,Non- Renewable Energy,2696034.0,2.0,0.0008041817450743,-55.03556869773908,-1.0626542093374325,83.33,16.67,33.33,89.64,8.33,46.26,41.26,59.39,10.0,11.0,5.0,Lower Opportunity,"Underpenetration, Economic Strength"
2025,Gujarat,Other Specialty Retailers,2295700.0,66.0,0.0254629629629629,51.44796595961401,4.337346049570767,76.92,76.92,69.23,39.94,100.0,72.6,69.91,67.37,1.0,2.0,1.0,High Opportunity,"Industry Presence, Economic Strength"
2025,Andhra Pradesh,Other Specialty Retailers,1441786.0,9.0,0.0129496402877697,108.0083823051904,22.185576696861546,46.15,100.0,100.0,47.26,46.15,67.91,78.68,62.64,2.0,1.0,3.0,High Opportunity,"Industry Growth, Startup Momentum"
2025,Telangana,Other Specialty Retailers,1481185.0,22.0,0.0131030375223347,63.864254120129175,6.729794326326077,53.85,84.62,76.92,37.81,53.85,61.41,67.18,57.5,3.0,3.0,6.0,High Opportunity,"Industry Growth, Startup Momentum"
2025,Tamil Nadu,Other Specialty Retailers,2896553.0,24.0,0.0139211136890951,33.88659001643391,-1.627674744085328,92.31,46.15,23.08,60.2,69.23,58.19,50.12,64.21,4.0,8.0,2.0,High Opportunity,"Economic Strength, Industry Presence"
2025,West Bengal,Other Specialty Retailers,1662856.0,13.0,0.0143646408839779,48.12480342036851,-3.3369963801700986,69.23,69.23,7.69,56.22,84.62,57.4,52.78,60.71,5.0,6.0,5.0,Moderate Opportunity,"Industry Presence, Economic Strength"
2025,Maharashtra,Other Specialty Retailers,3821420.0,59.0,0.0133423790140208,31.409336113182572,-2.7780397840896476,100.0,38.46,15.38,56.17,61.54,54.31,44.7,62.24,6.0,9.0,4.0,Moderate Opportunity,"Economic Strength, Industry Presence"
2025,Madhya Pradesh,Other Specialty Retailers,1416661.0,15.0,0.0159066808059384,35.72088082974532,1.6432287115958566,38.46,53.85,46.15,35.28,92.31,53.21,50.52,46.74,7.0,7.0,9.0,Moderate Opportunity,"Industry Presence, Industry Growth"
2025,Rajasthan,Other Specialty Retailers,1521722.0,15.0,0.0142993326978074,7.721734501594191,1.8797659731447205,61.54,7.69,53.85,48.94,76.92,49.79,39.79,47.76,8.0,12.0,8.0,Moderate Opportunity,"Industry Presence, Economic Strength"
2025,Jammu & Kashmir,Other Specialty Retailers,206673.0,3.0,0.0119047619047619,44.22495703074083,14.020744690430842,7.69,61.54,92.31,40.75,38.46,48.15,57.38,39.92,9.0,4.0,11.0,Moderate Opportunity,"Startup Momentum, Industry Growth"
2025,Karnataka,Other Specialty Retailers,2696034.0,28.0,0.0112585444310414,29.14320482462449,-1.0626542093374325,84.62,30.77,30.77,53.96,30.77,46.18,40.79,53.88,10.0,10.0,7.0,Moderate Opportunity,"Economic Strength, Underpenetration"
2025,Karnataka,Others,2696034.0,1.0,0.0004020908725371,-75.85018079727416,-1.0626542093374325,100.0,100.0,100.0,95.12,100.0,99.02,99.02,98.53,1.0,1.0,1.0,High Opportunity,"Economic Strength, Industry Growth"
2025,Maharashtra,Passenger Experience,3821420.0,2.0,0.0004522840343735,,-2.7780397840896476,100.0,,50.0,99.46,50.0,,,,,,,Lower Opportunity,"Economic Strength, Underpenetration"
2025,Odisha,Passenger Experience,751750.0,2.0,0.0043010752688172,,1.0242117102315706,50.0,,100.0,53.01,100.0,,,,,,,Lower Opportunity,"Startup Momentum, Industry Presence"
2025,Karnataka,Pets & Animals,2696034.0,15.0,0.0060313630880579,7.721734501594191,-1.0626542093374325,84.62,80.0,30.77,63.09,92.31,70.16,66.0,72.62,1.0,2.0,1.0,High Opportunity,"Industry Presence, Economic Strength"
2025,Bihar,Pets & Animals,969815.0,2.0,0.0029154518950437,25.99210498948732,9.256208162890168,38.46,95.0,84.62,57.44,53.85,65.87,75.12,61.62,2.0,1.0,5.0,High Opportunity,"Industry Growth, Startup Momentum"
2025,Gujarat,Pets & Animals,2295700.0,3.0,0.0011574074074074,0.0,4.337346049570767,76.92,60.0,69.23,80.33,15.38,60.37,63.6,67.64,3.0,4.0,2.0,High Opportunity,"Underpenetration, Economic Strength"
2025,Odisha,Pets & Animals,751750.0,2.0,0.0043010752688172,25.99210498948732,1.0242117102315706,30.77,95.0,38.46,53.01,84.62,60.37,65.01,56.44,4.0,3.0,8.0,High Opportunity,"Industry Growth, Industry Presence"
2025,Maharashtra,Pets & Animals,3821420.0,15.0,0.0033921302578018,-4.086270313974749,-2.7780397840896476,100.0,40.0,15.38,72.91,61.54,57.97,48.58,67.56,5.0,7.0,3.0,Moderate Opportunity,"Economic Strength, Underpenetration"
2025,Rajasthan,Pets & Animals,1521722.0,2.0,0.0019065776930409,0.0,1.8797659731447205,61.54,60.0,53.85,75.49,30.77,56.33,58.79,61.57,6.0,6.0,6.0,Moderate Opportunity,"Underpenetration, Economic Strength"
2025,Telangana,Pets & Animals,1481185.0,3.0,0.0017867778439547,0.0,6.729794326326077,53.85,60.0,76.92,66.35,23.08,56.04,61.19,58.06,7.0,5.0,7.0,Moderate Opportunity,"Startup Momentum, Underpenetration"
2025,Tamil Nadu,Pets & Animals,2896553.0,4.0,0.0023201856148491,-17.017346663375655,-1.627674744085328,92.31,20.0,23.08,86.7,46.15,53.65,43.96,64.63,8.0,8.0,4.0,Moderate Opportunity,"Economic Strength, Underpenetration"
2025,Madhya Pradesh,Pets & Animals,1416661.0,2.0,0.0021208907741251,-12.64195352637011,1.6432287115958566,46.15,30.0,46.15,61.83,38.46,44.52,42.87,46.86,9.0,9.0,10.0,Moderate Opportunity,"Underpenetration, Economic Strength"
2025,West Bengal,Pets & Animals,1662856.0,1.0,0.0011049723756906,-20.62994740159002,-3.3369963801700986,69.23,10.0,7.69,85.57,7.69,36.04,30.23,49.98,10.0,10.0,9.0,Moderate Opportunity,"Underpenetration, Economic Strength"
2025,Gujarat,Professional & Commercial Services,2295700.0,190.0,0.0733024691358024,11.790499722613834,4.337346049570767,76.92,92.31,69.23,35.14,100.0,74.72,74.34,69.0,1.0,1.0,1.0,High Opportunity,"Industry Presence, Industry Growth"
2025,Jammu & Kashmir,Professional & Commercial Services,206673.0,12.0,0.0476190476190476,33.88659001643391,14.020744690430842,7.69,100.0,92.31,22.21,84.62,61.36,71.75,46.66,2.0,2.0,7.0,High Opportunity,"Industry Growth, Startup Momentum"
2025,Karnataka,Professional & Commercial Services,2696034.0,92.0,0.0369923602734217,6.575671665233052,-1.0626542093374325,84.62,84.62,30.77,42.97,46.15,57.82,58.98,62.89,3.0,4.0,2.0,High Opportunity,"Economic Strength, Industry Growth"
2025,Andhra Pradesh,Professional & Commercial Services,1441786.0,20.0,0.0287769784172661,5.566719197800074,22.185576696861546,46.15,73.08,100.0,34.55,30.77,56.91,65.18,51.9,4.0,3.0,5.0,High Opportunity,"Startup Momentum, Industry Growth"
2025,Maharashtra,Professional & Commercial Services,3821420.0,192.0,0.0434192672998643,-6.247734914049841,-2.7780397840896476,100.0,38.46,15.38,49.57,69.23,54.53,44.14,61.02,5.0,9.0,3.0,Moderate Opportunity,"Economic Strength, Industry Presence"
2025,West Bengal,Professional & Commercial Services,1662856.0,51.0,0.056353591160221,-7.28925576834526,-3.3369963801700986,69.23,30.77,7.69,38.31,92.31,47.66,36.51,48.42,6.0,11.0,6.0,Moderate Opportunity,"Industry Presence, Economic Strength"
2025,Madhya Pradesh,Professional & Commercial Services,1416661.0,44.0,0.0466595970307529,-2.174605898703097,1.6432287115958566,38.46,53.85,46.15,21.57,76.92,47.39,46.24,41.09,7.0,8.0,10.0,Moderate Opportunity,"Industry Presence, Industry Growth"
2025,Tamil Nadu,Professional & Commercial Services,2896553.0,66.0,0.0382830626450116,-10.480282556583486,-1.627674744085328,92.31,15.38,23.08,49.66,53.85,46.86,35.7,53.36,8.0,12.0,4.0,Moderate Opportunity,"Economic Strength, Industry Presence"
2025,Telangana,Professional & Commercial Services,1481185.0,47.0,0.0279928528886241,-6.227750569962653,6.729794326326077,53.85,46.15,76.92,30.03,15.38,44.47,48.31,43.62,9.0,5.0,8.0,Moderate Opportunity,"Startup Momentum, Economic Strength"
2025,Odisha,Professional & Commercial Services,751750.0,20.0,0.043010752688172,5.566719197800074,1.0242117102315706,23.08,73.08,38.46,21.3,61.54,43.49,47.91,37.93,10.0,7.0,11.0,Moderate Opportunity,"Industry Growth, Industry Presence"
2025,Karnataka,Real Estate,2696034.0,53.0,0.0213108162444712,15.948637819501933,-1.0626542093374325,84.62,61.54,30.77,47.04,100.0,64.79,57.1,64.88,1.0,5.0,2.0,High Opportunity,"Industry Presence, Economic Strength"
2025,Jammu & Kashmir,Real Estate,206673.0,4.0,0.0158730158730158,58.74010519681994,14.020744690430842,7.69,100.0,92.31,37.4,76.92,62.87,74.02,50.45,2.0,1.0,7.0,High Opportunity,"Industry Growth, Startup Momentum"
2025,Gujarat,Real Estate,2295700.0,28.0,0.0108024691358024,32.63524026321307,4.337346049570767,76.92,84.62,69.23,49.12,30.77,62.13,67.52,64.74,3.0,3.0,3.0,High Opportunity,"Industry Growth, Economic Strength"
2025,Andhra Pradesh,Real Estate,1441786.0,7.0,0.0100719424460431,20.507113208761503,22.185576696861546,46.15,73.08,100.0,51.79,23.08,58.82,67.86,56.31,4.0,2.0,5.0,High Opportunity,"Startup Momentum, Industry Growth"
2025,Bihar,Real Estate,969815.0,13.0,0.0189504373177842,13.040381433805548,9.256208162890168,30.77,46.15,84.62,33.56,92.31,57.48,56.33,46.22,5.0,6.0,9.0,Moderate Opportunity,"Industry Presence, Startup Momentum"
2025,Odisha,Real Estate,751750.0,8.0,0.0172043010752688,38.672254870126935,1.0242117102315706,23.08,92.31,38.46,35.91,84.62,54.87,59.87,48.47,6.0,4.0,8.0,Moderate Opportunity,"Industry Growth, Industry Presence"
2025,Tamil Nadu,Real Estate,2896553.0,14.0,0.0081206496519721,20.507113208761503,-1.627674744085328,92.31,73.08,23.08,69.47,15.38,54.66,56.01,67.0,7.0,7.0,1.0,Moderate Opportunity,"Economic Strength, Industry Growth"
2025,Maharashtra,Real Estate,3821420.0,65.0,0.0146992311171415,9.139288306110592,-2.7780397840896476,100.0,30.77,15.38,54.91,61.54,52.52,41.75,60.32,8.0,11.0,4.0,Moderate Opportunity,"Economic Strength, Industry Presence"
2025,Rajasthan,Real Estate,1521722.0,15.0,0.0142993326978074,10.891823393038823,1.8797659731447205,61.54,38.46,53.85,48.94,53.85,51.33,48.25,51.6,9.0,9.0,6.0,Moderate Opportunity,"Economic Strength, Startup Momentum"
2025,Madhya Pradesh,Real Estate,1416661.0,14.0,0.0148462354188759,15.867554829548336,1.6432287115958566,38.46,53.85,46.15,36.77,69.23,48.89,48.51,44.88,10.0,8.0,10.0,Moderate Opportunity,"Industry Presence, Industry Growth"
2025,Rajasthan,Renewable Energy,1521722.0,72.0,0.0686367969494756,21.644039911467992,1.8797659731447205,61.54,76.92,53.85,30.12,100.0,64.49,62.56,58.27,1.0,3.0,3.0,High Opportunity,"Industry Presence, Industry Growth"
2025,Telangana,Renewable Energy,1481185.0,47.0,0.0279928528886241,30.805554970792628,6.729794326326077,53.85,100.0,76.92,30.03,46.15,61.39,70.24,57.47,2.0,1.0,4.0,High Opportunity,"Industry Growth, Startup Momentum"
2025,Gujarat,Renewable Energy,2295700.0,134.0,0.0516975308641975,5.846244030911274,4.337346049570767,76.92,30.77,69.23,36.14,92.31,61.07,52.23,56.23,3.0,7.0,5.0,High Opportunity,"Industry Presence, Economic Strength"
2025,Andhra Pradesh,Renewable Energy,1441786.0,19.0,0.0273381294964028,23.85623296301709,22.185576696861546,46.15,84.62,100.0,35.41,30.77,59.39,69.39,54.47,4.0,2.0,6.0,High Opportunity,"Startup Momentum, Industry Growth"
2025,Tamil Nadu,Renewable Energy,2896553.0,73.0,0.0423433874709976,12.698350957532734,-1.627674744085328,92.31,53.85,23.08,49.03,76.92,59.04,51.34,63.17,5.0,8.0,1.0,Moderate Opportunity,"Economic Strength, Industry Presence"
2025,Maharashtra,Renewable Energy,3821420.0,155.0,0.0350520126639529,10.14325403429346,-2.7780397840896476,100.0,46.15,15.38,50.34,69.23,56.22,46.99,62.79,6.0,9.0,2.0,Moderate Opportunity,"Economic Strength, Industry Presence"
2025,Bihar,Renewable Energy,969815.0,22.0,0.032069970845481,16.260329205681458,9.256208162890168,30.77,61.54,84.62,24.42,53.85,51.04,56.04,42.71,7.0,6.0,8.0,Moderate Opportunity,"Startup Momentum, Industry Growth"
2025,Jammu & Kashmir,Renewable Energy,206673.0,7.0,0.0277777777777777,20.507113208761503,14.020744690430842,7.69,69.23,92.31,30.76,38.46,47.69,58.07,38.46,8.0,5.0,12.0,Moderate Opportunity,"Startup Momentum, Industry Growth"
2025,Madhya Pradesh,Renewable Energy,1416661.0,42.0,0.0445387062566277,9.487978497197226,1.6432287115958566,38.46,38.46,46.15,22.12,84.62,45.96,41.73,38.94,9.0,10.0,11.0,Moderate Opportunity,"Industry Presence, Startup Momentum"
2025,Uttarakhand,Renewable Energy,293455.0,6.0,0.0226415094339622,25.99210498948732,3.938861869606192,15.38,92.31,61.54,36.73,15.38,44.27,58.11,41.79,10.0,4.0,9.0,Moderate Opportunity,"Industry Growth, Startup Momentum"
2025,Andhra Pradesh,Retail,1441786.0,14.0,0.0201438848920863,51.82944859378311,22.185576696861546,46.15,100.0,100.0,41.2,53.85,68.24,78.24,61.59,1.0,1.0,1.0,High Opportunity,"Industry Growth, Startup Momentum"
2025,Bihar,Retail,969815.0,19.0,0.0276967930029154,28.283371042560155,9.256208162890168,30.77,84.62,84.62,26.59,100.0,65.32,69.17,52.59,2.0,2.0,7.0,High Opportunity,"Industry Presence, Industry Growth"
2025,Uttarakhand,Retail,293455.0,7.0,0.0264150943396226,32.63524026321307,3.938861869606192,15.38,92.31,61.54,34.37,92.31,59.18,65.34,48.77,3.0,3.0,8.0,High Opportunity,"Industry Growth, Industry Presence"
2025,Karnataka,Retail,2696034.0,57.0,0.02291917973462,1.8185790714934311,-1.0626542093374325,84.62,53.85,30.77,46.63,69.23,57.02,51.25,60.14,4.0,6.0,2.0,High Opportunity,"Economic Strength, Industry Presence"
2025,Gujarat,Retail,2295700.0,36.0,0.0138888888888888,1.9235467531193209,4.337346049570767,76.92,61.54,69.23,46.45,15.38,53.91,57.37,57.78,5.0,4.0,3.0,Moderate Opportunity,"Economic Strength, Startup Momentum"
2025,Telangana,Retail,1481185.0,35.0,0.0208457415128052,-1.8352782071564544,6.729794326326077,53.85,30.77,76.92,32.79,61.54,51.17,48.1,45.99,6.0,8.0,10.0,Moderate Opportunity,"Startup Momentum, Industry Presence"
2025,West Bengal,Retail,1662856.0,23.0,0.0254143646408839,0.0,-3.3369963801700986,69.23,46.15,7.69,46.31,84.62,50.8,42.72,53.12,7.0,10.0,6.0,Moderate Opportunity,"Industry Presence, Economic Strength"
2025,Tamil Nadu,Retail,2896553.0,33.0,0.0191415313225058,-7.724115558366041,-1.627674744085328,92.31,23.08,23.08,57.08,46.15,48.34,39.11,56.35,8.0,11.0,4.0,Moderate Opportunity,"Economic Strength, Underpenetration"
2025,Odisha,Retail,751750.0,11.0,0.0236559139784946,3.228011545636722,1.0242117102315706,23.08,69.23,38.46,31.12,76.92,47.76,50.07,41.64,9.0,7.0,12.0,Moderate Opportunity,"Industry Presence, Industry Growth"
2025,Madhya Pradesh,Retail,1416661.0,18.0,0.0190880169671261,6.265856918261115,1.6432287115958566,38.46,76.92,46.15,31.66,38.46,46.33,52.49,44.88,10.0,5.0,11.0,Moderate Opportunity,"Industry Growth, Startup Momentum"
2025,Andhra Pradesh,Robotics,1441786.0,8.0,0.0115107913669064,58.74010519681994,22.185576696861546,41.67,95.83,100.0,49.16,100.0,77.33,82.54,66.42,1.0,1.0,4.0,High Opportunity,"Startup Momentum, Industry Presence"
2025,Rajasthan,Robotics,1521722.0,4.0,0.0038131553860819,58.74010519681994,1.8797659731447205,58.33,95.83,58.33,67.66,50.0,66.03,72.49,67.8,2.0,2.0,2.0,High Opportunity,"Industry Growth, Underpenetration"
2025,Gujarat,Robotics,2295700.0,9.0,0.0034722222222222,21.644039911467992,4.337346049570767,75.0,75.0,75.0,65.81,33.33,64.83,68.99,68.08,3.0,3.0,1.0,High Opportunity,"Economic Strength, Industry Growth"
2025,Tamil Nadu,Robotics,2896553.0,16.0,0.0092807424593967,-2.000538994071077,-1.627674744085328,91.67,33.33,25.0,66.76,83.33,60.02,48.77,65.03,4.0,9.0,5.0,Moderate Opportunity,"Economic Strength, Industry Presence"
2025,Maharashtra,Robotics,3821420.0,21.0,0.0047489823609226,-1.5387062487870915,-2.7780397840896476,100.0,41.67,16.67,67.12,66.67,58.42,48.84,66.8,5.0,8.0,3.0,Moderate Opportunity,"Economic Strength, Underpenetration"
2025,Bihar,Robotics,969815.0,2.0,0.0029154518950437,25.99210498948732,9.256208162890168,25.0,83.33,91.67,57.44,25.0,56.49,68.57,53.07,6.0,4.0,8.0,Moderate Opportunity,"Startup Momentum, Industry Growth"
2025,Telangana,Robotics,1481185.0,9.0,0.0053603335318642,-9.143970358393016,6.729794326326077,50.0,16.67,83.33,51.83,75.0,55.37,49.53,49.72,7.0,7.0,9.0,Moderate Opportunity,"Startup Momentum, Industry Presence"
2025,Karnataka,Robotics,2696034.0,11.0,0.0044229995979091,-2.858721945809062,-1.0626542093374325,83.33,25.0,33.33,67.75,58.33,53.55,44.8,59.49,8.0,11.0,6.0,Moderate Opportunity,"Economic Strength, Underpenetration"
2025,Odisha,Robotics,751750.0,5.0,0.010752688172043,18.56311014966876,1.0242117102315706,16.67,66.67,41.67,42.79,91.67,51.89,53.14,44.5,9.0,5.0,10.0,Moderate Opportunity,"Industry Presence, Industry Growth"
2025,West Bengal,Robotics,1662856.0,1.0,0.0011049723756906,0.0,-3.3369963801700986,66.67,54.17,8.33,85.57,16.67,46.28,46.49,59.0,10.0,10.0,7.0,Lower Opportunity,"Underpenetration, Economic Strength"
2025,Andhra Pradesh,Safety,1441786.0,3.0,0.0043165467625899,44.22495703074083,22.185576696861546,40.0,90.0,100.0,61.78,80.0,74.36,80.86,66.53,1.0,1.0,4.0,High Opportunity,"Startup Momentum, Industry Growth"
2025,Bihar,Safety,969815.0,4.0,0.0058309037900874,58.74010519681994,9.256208162890168,20.0,100.0,90.0,49.62,100.0,71.92,79.42,59.88,2.0,2.0,6.0,High Opportunity,"Industry Growth, Industry Presence"
2025,Gujarat,Safety,2295700.0,10.0,0.003858024691358,25.99210498948732,4.337346049570767,70.0,75.0,70.0,64.36,60.0,67.87,69.62,68.31,3.0,3.0,3.0,High Opportunity,"Industry Growth, Economic Strength"
2025,West Bengal,Safety,1662856.0,4.0,0.0044198895027624,25.99210498948732,-3.3369963801700986,60.0,75.0,10.0,72.27,90.0,61.45,58.2,64.68,4.0,4.0,5.0,Moderate Opportunity,"Industry Presence, Industry Growth"
2025,Maharashtra,Safety,3821420.0,18.0,0.0040705563093622,0.0,-2.7780397840896476,100.0,45.0,20.0,69.29,70.0,60.86,51.61,68.79,5.0,6.0,2.0,Moderate Opportunity,"Economic Strength, Industry Presence"
2025,Tamil Nadu,Safety,2896553.0,4.0,0.0023201856148491,0.0,-1.627674744085328,90.0,45.0,30.0,86.7,40.0,58.34,53.59,69.01,6.0,5.0,1.0,Moderate Opportunity,"Economic Strength, Underpenetration"
2025,Madhya Pradesh,Safety,1416661.0,3.0,0.0031813361611876,0.0,1.6432287115958566,30.0,45.0,60.0,57.35,50.0,48.47,50.22,46.2,7.0,7.0,9.0,Moderate Opportunity,"Startup Momentum, Underpenetration"
2025,Karnataka,Safety,2696034.0,4.0,0.0016083634901487,-7.168223327744416,-1.0626542093374325,80.0,20.0,40.0,81.82,20.0,48.36,43.36,58.55,8.0,10.0,7.0,Moderate Opportunity,"Underpenetration, Economic Strength"
2025,Telangana,Safety,1481185.0,2.0,0.0011911852293031,-30.663872564936533,6.729794326326077,50.0,10.0,80.0,70.83,10.0,44.17,43.67,47.25,9.0,9.0,8.0,Lower Opportunity,"Startup Momentum, Underpenetration"
2025,Odisha,Safety,751750.0,1.0,0.0021505376344086,0.0,1.0242117102315706,10.0,45.0,50.0,58.48,30.0,38.7,43.95,37.54,10.0,8.0,10.0,Lower Opportunity,"Underpenetration, Startup Momentum"
2025,Andhra Pradesh,Security Solutions,1441786.0,6.0,0.0086330935251798,25.99210498948732,22.185576696861546,46.15,92.31,100.0,54.14,53.85,69.29,78.14,63.93,1.0,1.0,2.0,High Opportunity,"Startup Momentum, Industry Growth"
2025,Bihar,Security Solutions,969815.0,12.0,0.0174927113702623,6.265856918261115,9.256208162890168,30.77,76.92,84.62,34.42,92.31,63.81,67.27,52.63,2.0,3.0,8.0,High Opportunity,"Industry Presence, Startup Momentum"
2025,Madhya Pradesh,Security Solutions,1416661.0,21.0,0.0222693531283138,14.471424255333186,1.6432287115958566,38.46,84.62,46.15,29.49,100.0,59.74,60.9,51.92,3.0,4.0,9.0,High Opportunity,"Industry Presence, Industry Growth"
2025,Uttarakhand,Security Solutions,293455.0,3.0,0.0113207547169811,44.22495703074083,3.938861869606192,15.38,100.0,61.54,44.37,69.23,58.1,67.72,51.0,4.0,2.0,10.0,High Opportunity,"Industry Growth, Industry Presence"
2025,Maharashtra,Security Solutions,3821420.0,38.0,0.0085933966530981,4.814946962807354,-2.7780397840896476,100.0,61.54,15.38,60.38,46.15,56.69,52.08,66.58,5.0,7.0,1.0,Moderate Opportunity,"Economic Strength, Industry Growth"
2025,Karnataka,Security Solutions,2696034.0,25.0,0.0100522718134298,0.0,-1.0626542093374325,84.62,50.0,30.77,55.0,61.54,56.38,50.81,61.11,6.0,8.0,3.0,Moderate Opportunity,"Economic Strength, Industry Presence"
2025,Gujarat,Security Solutions,2295700.0,18.0,0.0069444444444444,-1.7860974765877446,4.337346049570767,76.92,38.46,69.23,54.64,30.77,54.0,52.47,57.16,7.0,6.0,6.0,Moderate Opportunity,"Economic Strength, Startup Momentum"
2025,Rajasthan,Security Solutions,1521722.0,7.0,0.0066730219256434,5.272659960939663,1.8797659731447205,61.54,69.23,53.85,61.01,23.08,53.74,58.36,58.3,8.0,5.0,4.0,Moderate Opportunity,"Industry Growth, Economic Strength"
2025,West Bengal,Security Solutions,1662856.0,12.0,0.0132596685082872,-2.6328111832561674,-3.3369963801700986,69.23,30.77,7.69,57.08,84.62,49.88,39.49,53.28,9.0,11.0,7.0,Moderate Opportunity,"Industry Presence, Economic Strength"
2025,Odisha,Security Solutions,751750.0,6.0,0.0129032258064516,0.0,1.0242117102315706,23.08,50.0,38.46,40.89,76.92,45.87,45.29,40.73,10.0,9.0,12.0,Moderate Opportunity,"Industry Presence, Industry Growth"
2025,Rajasthan,Social Impact,1521722.0,17.0,0.0162059103908484,34.41579152532328,1.8797659731447205,64.29,84.62,50.0,46.4,85.71,66.2,66.4,63.7,1.0,1.0,3.0,High Opportunity,"Industry Presence, Industry Growth"
2025,Tamil Nadu,Social Impact,2896553.0,7.0,0.004060324825986,32.63524026321307,-1.627674744085328,92.86,73.08,21.43,80.05,28.57,59.2,59.09,71.49,2.0,6.0,1.0,High Opportunity,"Economic Strength, Underpenetration"
2025,Bihar,Social Impact,969815.0,7.0,0.010204081632653,32.63524026321307,9.256208162890168,35.71,73.08,78.57,42.97,64.29,58.92,63.81,52.51,3.0,3.0,8.0,High Opportunity,"Startup Momentum, Industry Growth"
2025,Andhra Pradesh,Social Impact,1441786.0,3.0,0.0043165467625899,14.471424255333186,22.185576696861546,50.0,53.85,92.86,61.78,35.71,58.84,62.99,57.16,4.0,4.0,4.0,High Opportunity,"Startup Momentum, Underpenetration"
2025,Maharashtra,Social Impact,3821420.0,42.0,0.0094979647218453,20.507113208761503,-2.7780397840896476,100.0,61.54,14.29,59.75,57.14,58.54,52.77,67.37,5.0,7.0,2.0,Moderate Opportunity,"Economic Strength, Industry Growth"
2025,Uttarakhand,Social Impact,293455.0,4.0,0.0150943396226415,58.74010519681994,3.938861869606192,21.43,92.31,57.14,41.02,78.57,58.09,64.8,50.77,6.0,2.0,9.0,Moderate Opportunity,"Industry Growth, Industry Presence"
2025,Odisha,Social Impact,751750.0,11.0,0.0236559139784946,76.51741676630314,1.0242117102315706,28.57,100.0,35.71,31.12,92.86,57.65,62.29,50.76,7.0,5.0,10.0,Moderate Opportunity,"Industry Growth, Industry Presence"
2025,Telangana,Social Impact,1481185.0,14.0,0.008338296605122,8.37067626618271,6.729794326326077,57.14,38.46,71.43,45.77,50.0,52.56,51.19,50.71,8.0,8.0,11.0,Moderate Opportunity,"Startup Momentum, Economic Strength"
2025,West Bengal,Social Impact,1662856.0,10.0,0.011049723756906,12.624788044360605,-3.3369963801700986,71.43,46.15,7.14,59.66,71.43,51.16,44.16,56.41,9.0,10.0,5.0,Moderate Opportunity,"Economic Strength, Industry Presence"
2025,Gujarat,Social Impact,2295700.0,10.0,0.003858024691358,7.721734501594191,4.337346049570767,78.57,30.77,64.29,64.36,7.14,49.03,48.28,56.18,10.0,9.0,6.0,Moderate Opportunity,"Economic Strength, Underpenetration"
2025,Karnataka,Social Network,2696034.0,17.0,0.0068355448331322,-5.273176281409042,-1.0626542093374325,83.33,63.64,25.0,60.56,100.0,66.51,58.97,68.4,1.0,6.0,3.0,High Opportunity,"Industry Presence, Economic Strength"
2025,Tamil Nadu,Social Network,2896553.0,4.0,0.0023201856148491,0.0,-1.627674744085328,91.67,86.36,16.67,86.7,41.67,64.61,65.07,76.62,2.0,2.0,1.0,High Opportunity,"Economic Strength, Underpenetration"
2025,Bihar,Social Network,969815.0,2.0,0.0029154518950437,0.0,9.256208162890168,33.33,86.36,83.33,57.44,50.0,62.09,70.88,57.84,3.0,1.0,6.0,High Opportunity,"Industry Growth, Startup Momentum"
2025,Maharashtra,Social Network,3821420.0,15.0,0.0033921302578018,-13.279626234163976,-2.7780397840896476,100.0,54.55,8.33,72.91,66.67,60.49,52.42,70.28,4.0,7.0,2.0,Moderate Opportunity,"Economic Strength, Underpenetration"
2025,Andhra Pradesh,Social Network,1441786.0,1.0,0.0014388489208633,-20.62994740159002,22.185576696861546,50.0,40.91,100.0,71.73,33.33,59.19,62.0,58.03,5.0,4.0,5.0,Moderate Opportunity,"Startup Momentum, Underpenetration"
2025,Odisha,Social Network,751750.0,2.0,0.0043010752688172,0.0,1.0242117102315706,25.0,86.36,33.33,53.01,91.67,57.87,60.83,53.18,6.0,5.0,9.0,Moderate Opportunity,"Industry Presence, Industry Growth"
2025,Madhya Pradesh,Social Network,1416661.0,3.0,0.0031813361611876,0.0,1.6432287115958566,41.67,86.36,41.67,57.35,58.33,57.08,62.11,56.98,7.0,3.0,7.0,Moderate Opportunity,"Industry Growth, Industry Presence"
2025,Gujarat,Social Network,2295700.0,1.0,0.0003858024691358,-51.92501432308638,4.337346049570767,75.0,18.18,66.67,90.28,8.33,51.69,49.42,60.72,8.0,9.0,4.0,Moderate Opportunity,"Underpenetration, Economic Strength"
2025,Telangana,Social Network,1481185.0,2.0,0.0011911852293031,-34.13662439916505,6.729794326326077,58.33,27.27,75.0,70.83,25.0,51.29,50.79,54.2,9.0,8.0,8.0,Moderate Opportunity,"Startup Momentum, Underpenetration"
2025,Uttarakhand,Social Network,293455.0,1.0,0.0037735849056603,-20.62994740159002,3.938861869606192,16.67,40.91,58.33,54.32,75.0,49.05,48.93,42.81,10.0,10.0,11.0,Lower Opportunity,"Industry Presence, Startup Momentum"
2025,Karnataka,Sports,2696034.0,29.0,0.0116606353035786,38.144978847331615,-1.0626542093374325,83.33,90.0,33.33,53.64,100.0,72.06,68.89,72.43,1.0,2.0,1.0,High Opportunity,"Industry Presence, Industry Growth"
2025,Bihar,Sports,969815.0,3.0,0.0043731778425655,44.22495703074083,9.256208162890168,33.33,100.0,83.33,52.96,58.33,65.59,75.59,60.06,2.0,1.0,5.0,High Opportunity,"Industry Growth, Startup Momentum"
2025,Maharashtra,Sports,3821420.0,32.0,0.0072365445499773,1.0639096385713032,-2.7780397840896476,100.0,70.0,16.67,62.37,75.0,64.81,58.64,71.88,3.0,4.0,2.0,High Opportunity,"Economic Strength, Industry Presence"
2025,Gujarat,Sports,2295700.0,7.0,0.0027006172839506,0.0,4.337346049570767,75.0,55.0,66.67,70.33,25.0,58.4,59.98,63.77,4.0,3.0,4.0,Moderate Opportunity,"Economic Strength, Underpenetration"
2025,Tamil Nadu,Sports,2896553.0,7.0,0.004060324825986,0.0,-1.627674744085328,91.67,55.0,25.0,80.05,33.33,57.01,54.01,68.35,5.0,6.0,3.0,Moderate Opportunity,"Economic Strength, Underpenetration"
2025,Rajasthan,Sports,1521722.0,5.0,0.0047664442326024,-10.609646490343238,1.8797659731447205,58.33,30.0,50.0,65.26,66.67,54.05,48.55,54.75,6.0,9.0,6.0,Moderate Opportunity,"Industry Presence, Underpenetration"
2025,Telangana,Sports,1481185.0,7.0,0.004169148302561,-4.353440861380542,6.729794326326077,50.0,40.0,75.0,56.35,41.67,52.6,53.19,51.57,7.0,7.0,7.0,Moderate Opportunity,"Startup Momentum, Underpenetration"
2025,Odisha,Sports,751750.0,2.0,0.0043010752688172,25.99210498948732,1.0242117102315706,25.0,80.0,41.67,53.01,50.0,49.93,56.52,48.57,8.0,5.0,10.0,Moderate Opportunity,"Industry Growth, Underpenetration"
2025,Andhra Pradesh,Sports,1441786.0,1.0,0.0014388489208633,-20.62994740159002,22.185576696861546,41.67,15.0,100.0,71.73,16.67,49.01,50.43,48.69,9.0,8.0,9.0,Moderate Opportunity,"Startup Momentum, Underpenetration"
2025,West Bengal,Sports,1662856.0,1.0,0.0011049723756906,-20.62994740159002,-3.3369963801700986,66.67,15.0,8.33,85.57,8.33,36.78,31.95,50.34,10.0,10.0,8.0,Lower Opportunity,"Underpenetration, Economic Strength"
2025,Andhra Pradesh,Technology Hardware,1441786.0,22.0,0.0316546762589928,40.10196653276936,22.185576696861546,46.15,100.0,100.0,33.24,76.92,71.26,78.96,61.51,1.0,1.0,2.0,High Opportunity,"Industry Growth, Startup Momentum"
2025,Gujarat,Technology Hardware,2295700.0,115.0,0.0443672839506172,-3.506967132979477,4.337346049570767,76.92,38.46,69.23,36.41,100.0,64.2,55.74,58.61,2.0,3.0,4.0,High Opportunity,"Industry Presence, Economic Strength"
2025,Telangana,Technology Hardware,1481185.0,49.0,0.0291840381179273,15.260907301461168,6.729794326326077,53.85,92.31,76.92,29.4,61.54,62.8,68.96,57.28,3.0,2.0,5.0,High Opportunity,"Industry Growth, Startup Momentum"
2025,Karnataka,Technology Hardware,2696034.0,84.0,0.0337756332931242,-1.1628961411624283,-1.0626542093374325,84.62,46.15,30.77,43.55,84.62,57.94,49.48,59.22,4.0,8.0,3.0,High Opportunity,"Economic Strength, Industry Presence"
2025,Maharashtra,Technology Hardware,3821420.0,152.0,0.0343735866123925,-4.769300718637126,-2.7780397840896476,100.0,30.77,15.38,50.43,92.31,57.78,43.93,62.05,5.0,10.0,1.0,Moderate Opportunity,"Economic Strength, Industry Presence"
2025,Tamil Nadu,Technology Hardware,2896553.0,54.0,0.031322505800464,-6.937870580189354,-1.627674744085328,92.31,23.08,23.08,51.83,69.23,51.9,40.37,57.09,6.0,11.0,6.0,Moderate Opportunity,"Economic Strength, Industry Presence"
2025,West Bengal,Technology Hardware,1662856.0,26.0,0.0287292817679558,2.7040024624839676,-3.3369963801700986,69.23,76.92,7.69,45.14,53.85,50.57,50.18,55.85,7.0,7.0,7.0,Moderate Opportunity,"Industry Growth, Economic Strength"
2025,Madhya Pradesh,Technology Hardware,1416661.0,20.0,0.0212089077412513,7.721734501594191,1.6432287115958566,38.46,84.62,46.15,30.12,38.46,47.56,54.87,45.96,8.0,6.0,8.0,Moderate Opportunity,"Industry Growth, Startup Momentum"
2025,Bihar,Technology Hardware,969815.0,8.0,0.0116618075801749,0.0,9.256208162890168,30.77,61.54,84.62,40.34,15.38,46.53,55.38,43.64,9.0,4.0,10.0,Moderate Opportunity,"Startup Momentum, Industry Growth"
2025,Jammu & Kashmir,Technology Hardware,206673.0,2.0,0.0079365079365079,0.0,14.020744690430842,7.69,61.54,92.31,45.23,7.69,42.89,55.2,38.18,10.0,5.0,11.0,Moderate Opportunity,"Startup Momentum, Industry Growth"
2025,Gujarat,Telecommunication & Networking,2295700.0,16.0,0.0061728395061728,2.174590985807079,4.337346049570767,76.92,84.62,69.23,57.03,61.54,69.87,72.18,70.19,1.0,3.0,1.0,High Opportunity,"Industry Growth, Economic Strength"
2025,Andhra Pradesh,Telecommunication & Networking,1441786.0,4.0,0.0057553956834532,0.0,22.185576696861546,46.15,76.92,100.0,58.44,53.85,67.07,73.61,62.15,2.0,1.0,4.0,High Opportunity,"Startup Momentum, Industry Growth"
2025,Jammu & Kashmir,Telecommunication & Networking,206673.0,3.0,0.0119047619047619,14.471424255333186,14.020744690430842,7.69,92.31,92.31,40.75,92.31,65.07,73.53,51.46,3.0,2.0,9.0,High Opportunity,"Industry Growth, Startup Momentum"
2025,Madhya Pradesh,Telecommunication & Networking,1416661.0,12.0,0.0127253446447507,33.88659001643391,1.6432287115958566,38.46,100.0,46.15,38.81,100.0,64.68,68.15,57.8,4.0,4.0,7.0,High Opportunity,"Industry Growth, Industry Presence"
2025,Karnataka,Telecommunication & Networking,2696034.0,17.0,0.0068355448331322,-1.8872447186110584,-1.0626542093374325,84.62,69.23,30.77,60.56,69.23,62.88,59.42,67.4,5.0,6.0,3.0,Moderate Opportunity,"Economic Strength, Industry Growth"
2025,Tamil Nadu,Telecommunication & Networking,2896553.0,15.0,0.0087006960556844,-4.086270313974749,-1.627674744085328,92.31,53.85,23.08,67.98,76.92,62.83,55.13,68.86,6.0,7.0,2.0,Moderate Opportunity,"Economic Strength, Industry Presence"
2025,Telangana,Telecommunication & Networking,1481185.0,9.0,0.0053603335318642,-3.451061539437028,6.729794326326077,53.85,61.54,76.92,51.83,46.15,58.06,61.14,56.32,7.0,5.0,8.0,Moderate Opportunity,"Startup Momentum, Industry Growth"
2025,West Bengal,Telecommunication & Networking,1662856.0,8.0,0.0088397790055248,-7.168223327744416,-3.3369963801700986,69.23,46.15,7.69,63.0,84.62,54.14,46.06,58.13,8.0,8.0,6.0,Moderate Opportunity,"Industry Presence, Economic Strength"
2025,Maharashtra,Telecommunication & Networking,3821420.0,21.0,0.0047489823609226,-19.328567698772815,-2.7780397840896476,100.0,30.77,15.38,67.12,38.46,50.35,41.89,61.67,9.0,9.0,5.0,Moderate Opportunity,"Economic Strength, Underpenetration"
2025,Rajasthan,Telecommunication & Networking,1521722.0,3.0,0.0028598665395614,-24.60525588708462,1.8797659731447205,61.54,15.38,53.85,71.01,15.38,43.43,40.74,49.76,10.0,10.0,10.0,Moderate Opportunity,"Underpenetration, Economic Strength"
2025,Gujarat,Textiles & Apparel,2295700.0,96.0,0.037037037037037,13.30326698854094,4.337346049570767,76.92,46.15,69.23,37.45,100.0,65.95,58.64,60.47,1.0,6.0,2.0,High Opportunity,"Industry Presence, Economic Strength"
2025,Rajasthan,Textiles & Apparel,1521722.0,37.0,0.0352716873212583,24.87707213199899,1.8797659731447205,61.54,76.92,53.85,36.73,92.31,64.27,63.11,59.48,2.0,4.0,4.0,High Opportunity,"Industry Presence, Industry Growth"
2025,Andhra Pradesh,Textiles & Apparel,1441786.0,4.0,0.0057553956834532,25.99210498948732,22.185576696861546,46.15,88.46,100.0,58.44,7.69,60.15,73.03,59.84,3.0,1.0,3.0,High Opportunity,"Startup Momentum, Industry Growth"
2025,Uttarakhand,Textiles & Apparel,293455.0,7.0,0.0264150943396226,32.63524026321307,3.938861869606192,15.38,100.0,61.54,34.37,84.62,59.18,67.26,49.54,4.0,2.0,8.0,High Opportunity,"Industry Growth, Industry Presence"
2025,Maharashtra,Textiles & Apparel,3821420.0,95.0,0.0214834916327453,12.908478885262076,-2.7780397840896476,100.0,38.46,15.38,52.46,69.23,55.11,44.72,61.89,5.0,9.0,1.0,Moderate Opportunity,"Economic Strength, Industry Presence"
2025,Telangana,Textiles & Apparel,1481185.0,14.0,0.008338296605122,20.507113208761503,6.729794326326077,53.85,69.23,76.92,45.77,23.08,53.77,60.31,53.73,6.0,5.0,6.0,Moderate Opportunity,"Startup Momentum, Industry Growth"
2025,Jammu & Kashmir,Textiles & Apparel,206673.0,2.0,0.0079365079365079,25.99210498948732,14.020744690430842,7.69,88.46,92.31,45.23,15.38,49.81,65.39,44.34,7.0,3.0,10.0,Moderate Opportunity,"Startup Momentum, Industry Growth"
2025,Bihar,Textiles & Apparel,969815.0,10.0,0.0145772594752186,18.56311014966876,9.256208162890168,30.77,61.54,84.62,37.0,30.77,48.94,56.25,44.18,8.0,7.0,11.0,Moderate Opportunity,"Startup Momentum, Industry Growth"
2025,Tamil Nadu,Textiles & Apparel,2896553.0,36.0,0.0208816705336426,-3.451061539437028,-1.627674744085328,92.31,7.69,23.08,56.17,61.54,48.16,35.08,54.54,9.0,11.0,5.0,Moderate Opportunity,"Economic Strength, Industry Presence"
2025,Karnataka,Textiles & Apparel,2696034.0,38.0,0.0152794531564133,2.779188435502311,-1.0626542093374325,84.62,23.08,30.77,50.57,38.46,45.5,38.19,52.09,10.0,10.0,7.0,Moderate Opportunity,"Economic Strength, Underpenetration"
2025,Telangana,Toys and Games,1481185.0,11.0,0.0065515187611673,40.10196653276936,6.729794326326077,50.0,100.0,75.0,48.94,91.67,73.12,77.7,66.35,1.0,1.0,4.0,High Opportunity,"Industry Growth, Industry Presence"
2025,Gujarat,Toys and Games,2295700.0,18.0,0.0069444444444444,11.457607795906144,4.337346049570767,75.0,55.56,66.67,54.64,100.0,70.37,64.54,66.67,2.0,4.0,2.0,High Opportunity,"Industry Presence, Economic Strength"
2025,Maharashtra,Toys and Games,3821420.0,26.0,0.0058796924468566,20.123329994304417,-2.7780397840896476,100.0,77.78,16.67,64.5,75.0,66.79,61.79,74.07,3.0,5.0,1.0,High Opportunity,"Economic Strength, Industry Growth"
2025,Rajasthan,Toys and Games,1521722.0,5.0,0.0047664442326024,35.72088082974532,1.8797659731447205,58.33,88.89,50.0,65.26,66.67,65.83,69.16,66.52,4.0,3.0,3.0,Moderate Opportunity,"Industry Growth, Industry Presence"
2025,Andhra Pradesh,Toys and Games,1441786.0,3.0,0.0043165467625899,14.471424255333186,22.185576696861546,41.67,66.67,100.0,61.78,50.0,64.02,69.86,59.37,5.0,2.0,7.0,Moderate Opportunity,"Startup Momentum, Industry Growth"
2025,Karnataka,Toys and Games,2696034.0,15.0,0.0060313630880579,2.3264108093813185,-1.0626542093374325,83.33,33.33,33.33,63.09,83.33,59.29,49.29,62.26,6.0,7.0,6.0,Moderate Opportunity,"Economic Strength, Industry Presence"
2025,Tamil Nadu,Toys and Games,2896553.0,6.0,0.0034802784222737,6.265856918261115,-1.627674744085328,91.67,44.44,25.0,82.41,25.0,53.7,49.95,66.11,7.0,6.0,5.0,Moderate Opportunity,"Economic Strength, Underpenetration"
2025,West Bengal,Toys and Games,1662856.0,4.0,0.0044198895027624,0.0,-3.3369963801700986,66.67,22.22,8.33,72.27,58.33,45.57,36.82,52.79,8.0,8.0,8.0,Moderate Opportunity,"Underpenetration, Economic Strength"
2025,Madhya Pradesh,Toys and Games,1416661.0,2.0,0.0021208907741251,-26.319370027192267,1.6432287115958566,33.33,11.11,41.67,61.83,16.67,32.92,31.67,36.6,9.0,9.0,9.0,Moderate Opportunity,"Underpenetration, Startup Momentum"
2025,Bihar,Toys and Games,969815.0,1.0,0.0014577259475218,,9.256208162890168,25.0,,83.33,62.91,8.33,,,,,,,Lower Opportunity,"Startup Momentum, Underpenetration"
2025,Gujarat,Transportation & Storage,2295700.0,31.0,0.0119598765432098,0.0,4.337346049570767,75.0,70.83,75.0,48.08,75.0,68.78,68.16,66.09,1.0,3.0,2.0,High Opportunity,"Economic Strength, Startup Momentum"
2025,Rajasthan,Transportation & Storage,1521722.0,14.0,0.0133460438512869,8.37067626618271,1.8797659731447205,58.33,91.67,58.33,50.43,83.33,68.42,70.92,65.13,2.0,2.0,3.0,High Opportunity,"Industry Growth, Industry Presence"
2025,Andhra Pradesh,Transportation & Storage,1441786.0,8.0,0.0115107913669064,4.551591714942038,22.185576696861546,41.67,83.33,100.0,49.16,58.33,66.5,74.0,59.75,3.0,1.0,6.0,High Opportunity,"Startup Momentum, Industry Growth"
2025,Karnataka,Transportation & Storage,2696034.0,22.0,0.0088459991958182,8.974425081854953,-1.0626542093374325,83.33,100.0,33.33,56.63,41.67,62.99,67.16,69.49,4.0,4.0,1.0,Moderate Opportunity,"Industry Growth, Economic Strength"
2025,Maharashtra,Transportation & Storage,3821420.0,62.0,0.0140208050655811,-8.898412327330064,-2.7780397840896476,100.0,25.0,16.67,55.72,91.67,57.81,43.23,62.55,5.0,10.0,4.0,Moderate Opportunity,"Economic Strength, Industry Presence"
2025,West Bengal,Transportation & Storage,1662856.0,14.0,0.0154696132596685,-4.353440861380542,-3.3369963801700986,66.67,58.33,8.33,55.04,100.0,57.68,50.18,59.01,6.0,7.0,7.0,Moderate Opportunity,"Industry Presence, Economic Strength"
2025,Telangana,Transportation & Storage,1481185.0,16.0,0.0095294818344252,-5.567360858263315,6.729794326326077,50.0,41.67,83.33,43.06,50.0,53.61,54.03,49.58,7.0,6.0,8.0,Moderate Opportunity,"Startup Momentum, Economic Strength"
2025,Bihar,Transportation & Storage,969815.0,6.0,0.0087463556851311,0.0,9.256208162890168,25.0,70.83,91.67,45.32,33.33,53.23,62.61,47.76,8.0,5.0,9.0,Moderate Opportunity,"Startup Momentum, Industry Growth"
2025,Tamil Nadu,Transportation & Storage,2896553.0,13.0,0.0075406032482598,-6.687221079568795,-1.627674744085328,91.67,33.33,25.0,70.65,25.0,49.13,43.71,60.36,9.0,9.0,5.0,Moderate Opportunity,"Economic Strength, Underpenetration"
2025,Madhya Pradesh,Transportation & Storage,1416661.0,11.0,0.0116648992576882,-5.416268377977785,1.6432287115958566,33.33,50.0,50.0,39.94,66.67,47.99,47.99,43.65,10.0,8.0,10.0,Lower Opportunity,"Industry Presence, Industry Growth"
2025,Jammu & Kashmir,Travel & Tourism,206673.0,14.0,0.0555555555555555,91.29311827723888,14.020744690430842,14.29,100.0,85.71,20.17,92.86,62.61,71.18,48.19,1.0,1.0,7.0,High Opportunity,"Industry Growth, Industry Presence"
2025,Maharashtra,Travel & Tourism,3821420.0,72.0,0.0162822252374491,21.644039911467992,-2.7780397840896476,100.0,84.62,14.29,54.09,50.0,60.6,59.01,69.58,2.0,4.0,1.0,High Opportunity,"Economic Strength, Industry Growth"
2025,Andhra Pradesh,Travel & Tourism,1441786.0,9.0,0.0129496402877697,14.471424255333186,22.185576696861546,50.0,57.69,92.86,47.26,28.57,55.28,60.72,52.86,3.0,3.0,4.0,High Opportunity,"Startup Momentum, Industry Growth"
2025,Tamil Nadu,Travel & Tourism,2896553.0,22.0,0.0127610208816705,19.16803444819315,-1.627674744085328,92.86,76.92,21.43,61.51,21.43,54.83,56.01,65.98,4.0,5.0,2.0,High Opportunity,"Economic Strength, Industry Growth"
2025,Uttarakhand,Travel & Tourism,293455.0,20.0,0.0754716981132075,15.441567326431937,3.938861869606192,21.43,69.23,57.14,17.14,100.0,52.99,54.09,41.13,5.0,6.0,11.0,Moderate Opportunity,"Industry Presence, Industry Growth"
2025,Bihar,Travel & Tourism,969815.0,7.0,0.010204081632653,32.63524026321307,9.256208162890168,35.71,92.31,78.57,42.97,7.14,51.34,64.83,50.64,6.0,2.0,6.0,Moderate Opportunity,"Industry Growth, Startup Momentum"
2025,Gujarat,Travel & Tourism,2295700.0,37.0,0.0142746913580246,11.07406172153178,4.337346049570767,78.57,30.77,64.29,46.04,35.71,51.08,47.48,53.54,7.0,8.0,3.0,Moderate Opportunity,"Economic Strength, Startup Momentum"
2025,Rajasthan,Travel & Tourism,1521722.0,18.0,0.0171591992373689,4.0041911525952045,1.8797659731447205,64.29,15.38,50.0,45.32,57.14,46.43,39.09,46.67,8.0,11.0,9.0,Moderate Opportunity,"Economic Strength, Industry Presence"
2025,Karnataka,Travel & Tourism,2696034.0,36.0,0.0144752714113389,6.265856918261115,-1.0626542093374325,85.71,23.08,28.57,51.29,42.86,46.3,38.33,52.86,9.0,12.0,5.0,Moderate Opportunity,"Economic Strength, Underpenetration"
2025,Odisha,Travel & Tourism,751750.0,12.0,0.0258064516129032,14.471424255333186,1.0242117102315706,28.57,57.69,35.71,29.99,78.57,46.11,45.83,40.53,10.0,9.0,13.0,Moderate Opportunity,"Industry Presence, Industry Growth"
2025,Gujarat,Waste Management,2295700.0,43.0,0.0165895061728395,19.814528297901845,4.337346049570767,78.57,76.92,64.29,44.82,71.43,67.21,66.96,65.97,1.0,2.0,1.0,High Opportunity,"Economic Strength, Industry Growth"
2025,Andhra Pradesh,Waste Management,1441786.0,9.0,0.0129496402877697,44.22495703074083,22.185576696861546,50.0,92.31,92.86,47.26,50.0,66.49,74.97,61.93,2.0,1.0,3.0,High Opportunity,"Startup Momentum, Industry Growth"
2025,Tamil Nadu,Waste Management,2896553.0,32.0,0.0185614849187935,8.576704663796253,-1.627674744085328,92.86,46.15,21.43,57.44,92.86,62.15,51.57,65.75,3.0,8.0,2.0,High Opportunity,"Economic Strength, Industry Presence"
2025,Odisha,Waste Management,751750.0,8.0,0.0172043010752688,58.74010519681994,1.0242117102315706,28.57,100.0,35.71,35.91,85.71,57.18,62.54,51.49,4.0,3.0,7.0,High Opportunity,"Industry Growth, Industry Presence"
2025,Rajasthan,Waste Management,1521722.0,17.0,0.0162059103908484,9.354129979287684,1.8797659731447205,64.29,53.85,50.0,46.4,64.29,55.76,53.48,55.4,5.0,7.0,5.0,Moderate Opportunity,"Economic Strength, Industry Presence"
2025,Madhya Pradesh,Waste Management,1416661.0,16.0,0.016967126193001,13.30326698854094,1.6432287115958566,42.86,69.23,42.86,34.06,78.57,53.51,53.9,49.06,6.0,6.0,9.0,Moderate Opportunity,"Industry Presence, Industry Growth"
2025,Bihar,Waste Management,969815.0,7.0,0.010204081632653,11.86889420813968,9.256208162890168,35.71,61.54,78.57,42.97,28.57,49.47,56.2,46.63,7.0,5.0,11.0,Moderate Opportunity,"Startup Momentum, Industry Growth"
2025,Jammu & Kashmir,Waste Management,206673.0,2.0,0.0079365079365079,25.99210498948732,14.020744690430842,14.29,84.62,85.71,45.23,7.14,47.4,62.23,44.06,8.0,4.0,12.0,Moderate Opportunity,"Startup Momentum, Industry Growth"
2025,Telangana,Waste Management,1481185.0,14.0,0.008338296605122,8.37067626618271,6.729794326326077,57.14,38.46,71.43,45.77,21.43,46.85,48.33,47.85,9.0,9.0,10.0,Moderate Opportunity,"Startup Momentum, Economic Strength"
2025,Maharashtra,Waste Management,3821420.0,57.0,0.0128900949796472,-3.2810806630399703,-2.7780397840896476,100.0,15.38,14.29,56.45,42.86,45.79,34.53,55.72,10.0,12.0,4.0,Moderate Opportunity,"Economic Strength, Underpenetration"
