year,state,industry,industry_startups,industry_share,industry_cagr_3y,startup_cagr_3y,startup_nsva_ratio,nsva_growth,industry_hhi,underpenetration_score,ml_growth_probability,ml_high_growth_prediction,ml_growth_category
2025,Andhra Pradesh,Animation,1.0,0.0014388489208633,-20.62994740159002,22.185576696861546,0.0004820410241186,10.399372728226396,0.0573201665219968,71.73224785165084,89.53,1,Very High
2025,Andhra Pradesh,Sports,1.0,0.0014388489208633,-20.62994740159002,22.185576696861546,0.0004820410241186,10.399372728226396,0.0573201665219968,71.73224785165084,89.53,1,Very High
2025,Andhra Pradesh,Social Network,1.0,0.0014388489208633,-20.62994740159002,22.185576696861546,0.0004820410241186,10.399372728226396,0.0573201665219968,71.73224785165084,89.53,1,Very High
2025,Andhra Pradesh,Design,2.0,0.0028776978417266,-20.62994740159002,22.185576696861546,0.0004820410241186,10.399372728226396,0.0573201665219968,66.25961103573044,84.94,1,Very High
2025,Andhra Pradesh,Internet of Things,3.0,0.0043165467625899,-24.60525588708462,22.185576696861546,0.0004820410241186,10.399372728226396,0.0573201665219968,61.78199909543194,81.29,1,Very High
2025,Andhra Pradesh,Non- Renewable Energy,3.0,0.0043165467625899,-35.15006827519721,22.185576696861546,0.0004820410241186,10.399372728226396,0.0573201665219968,61.78199909543194,80.18,1,Very High
2025,Andhra Pradesh,Computer Vision,1.0,0.0014388489208633,0.0,22.185576696861546,0.0004820410241186,10.399372728226396,0.0573201665219968,71.73224785165084,79.42,1,Very High
2025,Uttarakhand,Transportation & Storage,1.0,0.0037735849056603,-20.62994740159002,3.938861869606192,0.0009030345368114,9.471175009139545,0.0496325455837244,54.31931252826775,79.41,1,Very High
2025,Uttarakhand,Telecommunication & Networking,1.0,0.0037735849056603,-20.62994740159002,3.938861869606192,0.0009030345368114,9.471175009139545,0.0496325455837244,54.31931252826775,79.41,1,Very High
2025,Uttarakhand,Social Network,1.0,0.0037735849056603,-20.62994740159002,3.938861869606192,0.0009030345368114,9.471175009139545,0.0496325455837244,54.31931252826775,79.41,1,Very High
2025,Bihar,Aeronautics Aerospace & Defence,1.0,0.0014577259475218,-50.0,9.256208162890168,0.0007073514020715,11.778902951641212,0.0700724079084287,62.9127091813659,78.33,1,Very High
2025,Bihar,Telecommunication & Networking,1.0,0.0014577259475218,-47.72420414252898,9.256208162890168,0.0007073514020715,11.778902951641212,0.0700724079084287,62.9127091813659,78.33,1,Very High
2025,Odisha,AR VR (Augmented + Virtual Reality),1.0,0.0021505376344086,-20.62994740159002,1.0242117102315706,0.0006185567010309,9.35118057090989,0.0488810569918982,58.48032564450475,78.27,1,Very High
2025,Odisha,Events,1.0,0.0021505376344086,-20.62994740159002,1.0242117102315706,0.0006185567010309,9.35118057090989,0.0488810569918982,58.48032564450475,78.27,1,Very High
2025,Uttarakhand,Non- Renewable Energy,1.0,0.0037735849056603,-30.663872564936533,3.938861869606192,0.0009030345368114,9.471175009139545,0.0496325455837244,54.31931252826775,78.13,1,Very High
2025,West Bengal,AR VR (Augmented + Virtual Reality),2.0,0.0022099447513812,-20.62994740159002,-3.3369963801700986,0.0005442443603054,9.761862799651745,0.0462750957579987,80.09950248756219,77.13,1,Very High
2025,Odisha,Design,1.0,0.0021505376344086,-30.663872564936533,1.0242117102315706,0.0006185567010309,9.35118057090989,0.0488810569918982,58.48032564450475,77.0,1,Very High
2025,Odisha,House-Hold Services,2.0,0.0043010752688172,-26.319370027192267,1.0242117102315706,0.0006185567010309,9.35118057090989,0.0488810569918982,53.00768882858434,76.88,1,Very High
2025,Odisha,Logistics,1.0,0.0021505376344086,-37.00394750525634,1.0242117102315706,0.0006185567010309,9.35118057090989,0.0488810569918982,58.48032564450475,76.18,1,Very High
2025,Bihar,Green Technology,2.0,0.0029154518950437,-34.13662439916505,9.256208162890168,0.0007073514020715,11.778902951641212,0.0700724079084287,57.440072365445495,75.85,1,Very High
2025,Odisha,Chemicals,2.0,0.0043010752688172,-34.13662439916505,1.0242117102315706,0.0006185567010309,9.35118057090989,0.0488810569918982,53.00768882858434,75.77,1,Very High
2025,Odisha,Transportation & Storage,2.0,0.0043010752688172,-34.13662439916505,1.0242117102315706,0.0006185567010309,9.35118057090989,0.0488810569918982,53.00768882858434,75.77,1,Very High
2025,Bihar,Non- Renewable Energy,2.0,0.0029154518950437,-41.51964523574267,9.256208162890168,0.0007073514020715,11.778902951641212,0.0700724079084287,57.440072365445495,75.69,1,Very High
2025,Odisha,Non- Renewable Energy,2.0,0.0043010752688172,-44.96787918508956,1.0242117102315706,0.0006185567010309,9.35118057090989,0.0488810569918982,53.00768882858434,75.55,1,Very High
2025,West Bengal,Non- Renewable Energy,2.0,0.0022099447513812,-47.72420414252898,-3.3369963801700986,0.0005442443603054,9.761862799651745,0.0462750957579987,80.09950248756219,75.39,1,Very High
2025,Madhya Pradesh,Toys and Games,2.0,0.0021208907741251,-26.319370027192267,1.6432287115958566,0.0006656497214224,10.63610286543446,0.0476732427695397,61.8272274988693,75.3,1,Very High
2025,Rajasthan,Indic Language Startups,2.0,0.0019065776930409,-34.13662439916505,1.8797659731447205,0.0006893506172612,9.1368224768257,0.0441855304594216,75.4862053369516,75.24,1,Very High
2025,Rajasthan,Nanotechnology,1.0,0.0009532888465204,-20.62994740159002,1.8797659731447205,0.0006893506172612,9.1368224768257,0.0441855304594216,80.95884215287201,75.21,1,Very High
2025,Jammu & Kashmir,Aeronautics Aerospace & Defence,1.0,0.0039682539682539,-20.62994740159002,14.020744690430842,0.001219317472529,8.734058672503053,0.0911796868679223,50.70104025327906,75.1,1,Very High
2025,Rajasthan,Non- Renewable Energy,2.0,0.0019065776930409,-57.47096297170098,1.8797659731447205,0.0006893506172612,9.1368224768257,0.0441855304594216,75.4862053369516,75.08,1,Very High
2025,Madhya Pradesh,Robotics,1.0,0.0010604453870625,-44.96787918508956,1.6432287115958566,0.0006656497214224,10.63610286543446,0.0476732427695397,67.29986431478969,75.01,1,Very High
2025,Uttarakhand,Education,14.0,0.0528301886792452,-2.273519408117486,3.938861869606192,0.0009030345368114,9.471175009139545,0.0496325455837244,23.790140208050655,74.95,1,High
2025,West Bengal,Pets & Animals,1.0,0.0011049723756906,-20.62994740159002,-3.3369963801700986,0.0005442443603054,9.761862799651745,0.0462750957579987,85.57213930348259,74.74,1,High
2025,West Bengal,Sports,1.0,0.0011049723756906,-20.62994740159002,-3.3369963801700986,0.0005442443603054,9.761862799651745,0.0462750957579987,85.57213930348259,74.74,1,High
2025,Odisha,Telecommunication & Networking,2.0,0.0043010752688172,-12.64195352637011,1.0242117102315706,0.0006185567010309,9.35118057090989,0.0488810569918982,53.00768882858434,74.64,1,High
2025,Bihar,Chemicals,2.0,0.0029154518950437,-12.64195352637011,9.256208162890168,0.0007073514020715,11.778902951641212,0.0700724079084287,57.440072365445495,74.29,1,High
2025,Jammu & Kashmir,Marketing,1.0,0.0039682539682539,-30.663872564936533,14.020744690430842,0.001219317472529,8.734058672503053,0.0911796868679223,50.70104025327906,73.88,1,High
2025,Rajasthan,Social Network,1.0,0.0009532888465204,-53.5841116638722,1.8797659731447205,0.0006893506172612,9.1368224768257,0.0441855304594216,80.95884215287201,73.81,1,High
2025,Tamil Nadu,Non- Renewable Energy,3.0,0.0017401392111368,-47.72420414252898,-1.627674744085328,0.0005951902140233,12.855777513961096,0.0469167874344047,90.0497512437811,73.73,1,High
2025,Uttarakhand,Robotics,1.0,0.0037735849056603,0.0,3.938861869606192,0.0009030345368114,9.471175009139545,0.0496325455837244,54.31931252826775,73.42,1,High
2025,Uttarakhand,Advertising,1.0,0.0037735849056603,0.0,3.938861869606192,0.0009030345368114,9.471175009139545,0.0496325455837244,54.31931252826775,73.42,1,High
2025,Uttarakhand,Chemicals,1.0,0.0037735849056603,0.0,3.938861869606192,0.0009030345368114,9.471175009139545,0.0496325455837244,54.31931252826775,73.42,1,High
2025,Uttarakhand,Real Estate,1.0,0.0037735849056603,0.0,3.938861869606192,0.0009030345368114,9.471175009139545,0.0496325455837244,54.31931252826775,73.42,1,High
2025,West Bengal,Art & Photography,1.0,0.0011049723756906,-50.0,-3.3369963801700986,0.0005442443603054,9.761862799651745,0.0462750957579987,85.57213930348259,73.28,1,High
2025,West Bengal,Indic Language Startups,5.0,0.005524861878453,-14.501202666165147,-3.3369963801700986,0.0005442443603054,9.761862799651745,0.0462750957579987,69.87788331071914,72.97,1,High
2025,Madhya Pradesh,Indic Language Startups,2.0,0.0021208907741251,-12.64195352637011,1.6432287115958566,0.0006656497214224,10.63610286543446,0.0476732427695397,61.8272274988693,72.85,1,High
2025,Madhya Pradesh,Pets & Animals,2.0,0.0021208907741251,-12.64195352637011,1.6432287115958566,0.0006656497214224,10.63610286543446,0.0476732427695397,61.8272274988693,72.85,1,High
2025,Bihar,Indic Language Startups,1.0,0.0014577259475218,0.0,9.256208162890168,0.0007073514020715,11.778902951641212,0.0700724079084287,62.9127091813659,72.73,1,High
2025,Tamil Nadu,Pets & Animals,4.0,0.0023201856148491,-17.017346663375655,-1.627674744085328,0.0005951902140233,12.855777513961096,0.0469167874344047,86.70284938941657,72.43,1,High
2025,West Bengal,Analytics,3.0,0.0033149171270718,-15.65673346982508,-3.3369963801700986,0.0005442443603054,9.761862799651745,0.0462750957579987,75.62189054726367,72.4,1,High
2025,Odisha,Indic Language Startups,2.0,0.0043010752688172,0.0,1.0242117102315706,0.0006185567010309,9.35118057090989,0.0488810569918982,53.00768882858434,72.36,1,High
2025,Odisha,Social Network,2.0,0.0043010752688172,0.0,1.0242117102315706,0.0006185567010309,9.35118057090989,0.0488810569918982,53.00768882858434,72.36,1,High
2025,Odisha,Computer Vision,1.0,0.0021505376344086,0.0,1.0242117102315706,0.0006185567010309,9.35118057090989,0.0488810569918982,58.48032564450475,71.89,1,High
2025,Odisha,Safety,1.0,0.0021505376344086,0.0,1.0242117102315706,0.0006185567010309,9.35118057090989,0.0488810569918982,58.48032564450475,71.89,1,High
2025,Uttarakhand,Agriculture,17.0,0.0641509433962264,-5.273176281409042,3.938861869606192,0.0009030345368114,9.471175009139545,0.0496325455837244,19.76481230212573,71.79,1,High
2025,Andhra Pradesh,Biotechnology,5.0,0.0071942446043165,7.721734501594191,22.185576696861546,0.0004820410241186,10.399372728226396,0.0573201665219968,56.03799185888738,71.71,1,High
2025,Jammu & Kashmir,Security Solutions,2.0,0.0079365079365079,-26.319370027192267,14.020744690430842,0.001219317472529,8.734058672503053,0.0911796868679223,45.228403437358665,71.71,1,High
2025,Madhya Pradesh,Internet of Things,5.0,0.0053022269353128,-27.276369646286092,1.6432287115958566,0.0006656497214224,10.63610286543446,0.0476732427695397,51.60560832202623,71.6,1,High
2025,Odisha,Renewable Energy,15.0,0.032258064516129,-4.086270313974749,1.0242117102315706,0.0006185567010309,9.35118057090989,0.0488810569918982,26.45861601085481,71.55,1,High
2025,Karnataka,Others,1.0,0.0004020908725371,-75.85018079727416,-1.0626542093374325,0.0009224661113324,12.962539312227705,0.0481290778174793,95.11533242876529,71.5,1,High
2025,West Bengal,Biotechnology,3.0,0.0033149171270718,-9.143970358393016,-3.3369963801700986,0.0005442443603054,9.761862799651745,0.0462750957579987,75.62189054726367,71.49,1,High
2025,Odisha,Construction,27.0,0.0580645161290322,-1.2049365987475746,1.0242117102315706,0.0006185567010309,9.35118057090989,0.0488810569918982,17.639077340569877,71.23,1,High
2025,West Bengal,Logistics,7.0,0.0077348066298342,-18.64487889528523,-3.3369963801700986,0.0005442443603054,9.761862799651745,0.0462750957579987,65.62641338760741,71.14,1,High
2025,Rajasthan,Telecommunication & Networking,3.0,0.0028598665395614,-24.60525588708462,1.8797659731447205,0.0006893506172612,9.1368224768257,0.0441855304594216,71.0085933966531,71.12,1,High
2025,Karnataka,Computer Vision,2.0,0.0008041817450743,-12.64195352637011,-1.0626542093374325,0.0009224661113324,12.962539312227705,0.0481290778174793,89.64269561284488,70.91,1,High
2025,Odisha,Education,21.0,0.0451612903225806,-15.65673346982508,1.0242117102315706,0.0006185567010309,9.35118057090989,0.0488810569918982,20.669380370872908,70.88,1,High
2025,Tamil Nadu,Dating Matrimonial,2.0,0.0011600928074245,0.0,-1.627674744085328,0.0005951902140233,12.855777513961096,0.0469167874344047,94.52736318407962,70.87,1,High
2025,Andhra Pradesh,Telecommunication & Networking,4.0,0.0057553956834532,0.0,22.185576696861546,0.0004820410241186,10.399372728226396,0.0573201665219968,58.43509724106739,70.77,1,High
2025,Bihar,Biotechnology,2.0,0.0029154518950437,0.0,9.256208162890168,0.0007073514020715,11.778902951641212,0.0700724079084287,57.440072365445495,70.72,1,High
2025,Bihar,Social Network,2.0,0.0029154518950437,0.0,9.256208162890168,0.0007073514020715,11.778902951641212,0.0700724079084287,57.440072365445495,70.72,1,High
2025,Bihar,Events,2.0,0.0029154518950437,0.0,9.256208162890168,0.0007073514020715,11.778902951641212,0.0700724079084287,57.440072365445495,70.72,1,High
2025,Karnataka,Non- Renewable Energy,2.0,0.0008041817450743,-55.03556869773908,-1.0626542093374325,0.0009224661113324,12.962539312227705,0.0481290778174793,89.64269561284488,70.65,1,High
2025,Telangana,Art & Photography,1.0,0.0005955926146515,-30.663872564936533,6.729794326326077,0.0011335518520643,10.875937761528975,0.0538338533218349,76.30031659882405,70.59,1,High
2025,Tamil Nadu,AR VR (Augmented + Virtual Reality),8.0,0.0046403712296983,-22.21777625343594,-1.627674744085328,0.0005951902140233,12.855777513961096,0.0469167874344047,77.43102668475804,70.29,1,High
2025,Andhra Pradesh,Automotive,8.0,0.0115107913669064,-25.048764643136913,22.185576696861546,0.0004820410241186,10.399372728226396,0.0573201665219968,49.16327453640887,70.29,1,High
2025,Telangana,Safety,2.0,0.0011911852293031,-30.663872564936533,6.729794326326077,0.0011335518520643,10.875937761528975,0.0538338533218349,70.82767978290367,70.23,1,High
2025,Tamil Nadu,Design,8.0,0.0046403712296983,-23.685717163111207,-1.627674744085328,0.0005951902140233,12.855777513961096,0.0469167874344047,77.43102668475804,70.22,1,High
2025,Madhya Pradesh,Architecture Interior Design,4.0,0.0042417815482502,-17.017346663375655,1.6432287115958566,0.0006656497214224,10.63610286543446,0.0476732427695397,54.00271370420624,70.14,1,High
2025,Uttarakhand,Automotive,5.0,0.0188679245283018,-5.896397111897144,3.938861869606192,0.0009030345368114,9.471175009139545,0.0496325455837244,38.62505653550429,69.94,1,High
2025,Uttarakhand,Marketing,4.0,0.0150943396226415,-7.168223327744416,3.938861869606192,0.0009030345368114,9.471175009139545,0.0496325455837244,41.02216191768431,69.91,1,High
2025,Uttarakhand,Waste Management,4.0,0.0150943396226415,-7.168223327744416,3.938861869606192,0.0009030345368114,9.471175009139545,0.0496325455837244,41.02216191768431,69.91,1,High
2025,Odisha,Technology Hardware,11.0,0.0236559139784946,0.0,1.0242117102315706,0.0006185567010309,9.35118057090989,0.0488810569918982,31.117141564902763,69.89,1,High
2025,Odisha,Human Resources,10.0,0.021505376344086,0.0,1.0242117102315706,0.0006185567010309,9.35118057090989,0.0488810569918982,32.56445047489824,69.85,1,High
2025,Andhra Pradesh,Events,4.0,0.0057553956834532,10.064241629820891,22.185576696861546,0.0004820410241186,10.399372728226396,0.0573201665219968,58.43509724106739,69.85,1,High
2025,Odisha,Art & Photography,3.0,0.0064516129032258,-9.143970358393016,1.0242117102315706,0.0006185567010309,9.35118057090989,0.0488810569918982,48.53007688828585,69.72,1,High
2025,Telangana,Social Network,2.0,0.0011911852293031,-34.13662439916505,6.729794326326077,0.0011335518520643,10.875937761528975,0.0538338533218349,70.82767978290367,69.56,1,High
2025,Odisha,Finance Technology,8.0,0.0172043010752688,-14.941925943401968,1.0242117102315706,0.0006185567010309,9.35118057090989,0.0488810569918982,35.91135232926278,69.54,1,High
2025,Jammu & Kashmir,Green Technology,2.0,0.0079365079365079,0.0,14.020744690430842,0.001219317472529,8.734058672503053,0.0911796868679223,45.228403437358665,69.52,1,High
2025,Jammu & Kashmir,Technology Hardware,2.0,0.0079365079365079,0.0,14.020744690430842,0.001219317472529,8.734058672503053,0.0911796868679223,45.228403437358665,69.52,1,High
2025,Jammu & Kashmir,Social Impact,1.0,0.0039682539682539,0.0,14.020744690430842,0.001219317472529,8.734058672503053,0.0911796868679223,50.70104025327906,69.45,1,High
2025,Jammu & Kashmir,Art & Photography,1.0,0.0039682539682539,0.0,14.020744690430842,0.001219317472529,8.734058672503053,0.0911796868679223,50.70104025327906,69.45,1,High
2025,Jammu & Kashmir,Design,1.0,0.0039682539682539,0.0,14.020744690430842,0.001219317472529,8.734058672503053,0.0911796868679223,50.70104025327906,69.45,1,High
2025,Jammu & Kashmir,Architecture Interior Design,1.0,0.0039682539682539,0.0,14.020744690430842,0.001219317472529,8.734058672503053,0.0911796868679223,50.70104025327906,69.45,1,High
2025,Odisha,Enterprise Software,4.0,0.0086021505376344,-7.168223327744416,1.0242117102315706,0.0006185567010309,9.35118057090989,0.0488810569918982,45.183175033921295,69.37,1,High
2025,Odisha,Internet of Things,4.0,0.0086021505376344,-7.168223327744416,1.0242117102315706,0.0006185567010309,9.35118057090989,0.0488810569918982,45.183175033921295,69.37,1,High
2025,West Bengal,House-Hold Services,7.0,0.0077348066298342,-8.035860787295979,-3.3369963801700986,0.0005442443603054,9.761862799651745,0.0462750957579987,65.62641338760741,69.23,1,High
2025,Odisha,Biotechnology,7.0,0.0150537634408602,0.0,1.0242117102315706,0.0006185567010309,9.35118057090989,0.0488810569918982,38.53459972862957,69.15,1,High
2025,Madhya Pradesh,Education,34.0,0.0360551431601272,-11.46922236084106,1.6432287115958566,0.0006656497214224,10.63610286543446,0.0476732427695397,24.06151062867481,69.15,1,High
2025,Madhya Pradesh,Non- Renewable Energy,6.0,0.0063626723223753,-27.887521484629584,1.6432287115958566,0.0006656497214224,10.63610286543446,0.0476732427695397,49.70601537765717,69.1,1,High
2025,Andhra Pradesh,Marketing,6.0,0.0086330935251798,14.471424255333186,22.185576696861546,0.0004820410241186,10.399372728226396,0.0573201665219968,54.13839891451831,68.81,1,High
2025,Odisha,Green Technology,5.0,0.010752688172043,-10.609646490343238,1.0242117102315706,0.0006185567010309,9.35118057090989,0.0488810569918982,42.78606965174129,68.8,1,High
2025,Madhya Pradesh,Aeronautics Aerospace & Defence,5.0,0.0053022269353128,-14.501202666165147,1.6432287115958566,0.0006656497214224,10.63610286543446,0.0476732427695397,51.60560832202623,68.76,1,High
2025,Jammu & Kashmir,Media & Entertainment,2.0,0.0079365079365079,-12.64195352637011,14.020744690430842,0.001219317472529,8.734058672503053,0.0911796868679223,45.228403437358665,68.75,1,High
2025,Jammu & Kashmir,Retail,2.0,0.0079365079365079,-12.64195352637011,14.020744690430842,0.001219317472529,8.734058672503053,0.0911796868679223,45.228403437358665,68.75,1,High
2025,Madhya Pradesh,Marketing,12.0,0.0127253446447507,-10.961580659838132,1.6432287115958566,0.0006656497214224,10.63610286543446,0.0476732427695397,38.80597014925373,68.58,1,High
2025,West Bengal,Telecommunication & Networking,8.0,0.0088397790055248,-7.168223327744416,-3.3369963801700986,0.0005442443603054,9.761862799651745,0.0462750957579987,63.00316598824062,68.49,1,High
2025,Odisha,Security Solutions,6.0,0.0129032258064516,0.0,1.0242117102315706,0.0006185567010309,9.35118057090989,0.0488810569918982,40.886476707372225,68.47,1,High
2025,Madhya Pradesh,Professional & Commercial Services,44.0,0.0466595970307529,-2.174605898703097,1.6432287115958566,0.0006656497214224,10.63610286543446,0.0476732427695397,21.57394843962009,68.47,1,High
2025,Rajasthan,Sports,5.0,0.0047664442326024,-10.609646490343238,1.8797659731447205,0.0006893506172612,9.1368224768257,0.0441855304594216,65.26458616010855,68.36,1,High
2025,Madhya Pradesh,Advertising,5.0,0.0053022269353128,-10.609646490343238,1.6432287115958566,0.0006656497214224,10.63610286543446,0.0476732427695397,51.60560832202623,68.33,1,High
2025,West Bengal,Design,6.0,0.0066298342541436,-5.008574840700353,-3.3369963801700986,0.0005442443603054,9.761862799651745,0.0462750957579987,67.97829036635007,68.29,1,High
2025,Madhya Pradesh,Computer Vision,1.0,0.0010604453870625,0.0,1.6432287115958566,0.0006656497214224,10.63610286543446,0.0476732427695397,67.29986431478969,68.28,1,High
2025,Madhya Pradesh,Design,1.0,0.0010604453870625,0.0,1.6432287115958566,0.0006656497214224,10.63610286543446,0.0476732427695397,67.29986431478969,68.28,1,High
2025,Madhya Pradesh,Dating Matrimonial,1.0,0.0010604453870625,0.0,1.6432287115958566,0.0006656497214224,10.63610286543446,0.0476732427695397,67.29986431478969,68.28,1,High
2025,West Bengal,Chemicals,8.0,0.0088397790055248,-3.850028646172776,-3.3369963801700986,0.0005442443603054,9.761862799651745,0.0462750957579987,63.00316598824062,68.21,1,High
2025,Andhra Pradesh,Green Technology,8.0,0.0115107913669064,-3.850028646172776,22.185576696861546,0.0004820410241186,10.399372728226396,0.0573201665219968,49.16327453640887,68.0,1,High
2025,Uttarakhand,Design,2.0,0.0075471698113207,25.99210498948732,3.938861869606192,0.0009030345368114,9.471175009139545,0.0496325455837244,48.84667571234736,67.83,1,High
2025,Uttarakhand,Art & Photography,2.0,0.0075471698113207,25.99210498948732,3.938861869606192,0.0009030345368114,9.471175009139545,0.0496325455837244,48.84667571234736,67.83,1,High
2025,Tamil Nadu,Social Network,4.0,0.0023201856148491,0.0,-1.627674744085328,0.0005951902140233,12.855777513961096,0.0469167874344047,86.70284938941657,67.83,1,High
2025,Tamil Nadu,Safety,4.0,0.0023201856148491,0.0,-1.627674744085328,0.0005951902140233,12.855777513961096,0.0469167874344047,86.70284938941657,67.83,1,High
2025,Uttarakhand,Other Specialty Retailers,2.0,0.0075471698113207,25.99210498948732,3.938861869606192,0.0009030345368114,9.471175009139545,0.0496325455837244,48.84667571234736,67.83,1,High
2025,Uttarakhand,Events,2.0,0.0075471698113207,25.99210498948732,3.938861869606192,0.0009030345368114,9.471175009139545,0.0496325455837244,48.84667571234736,67.83,1,High
2025,Uttarakhand,Technology Hardware,4.0,0.0150943396226415,-23.685717163111207,3.938861869606192,0.0009030345368114,9.471175009139545,0.0496325455837244,41.02216191768431,67.83,1,High
2025,Odisha,Pets & Animals,2.0,0.0043010752688172,25.99210498948732,1.0242117102315706,0.0006185567010309,9.35118057090989,0.0488810569918982,53.00768882858434,67.72,1,High
2025,Odisha,Sports,2.0,0.0043010752688172,25.99210498948732,1.0242117102315706,0.0006185567010309,9.35118057090989,0.0488810569918982,53.00768882858434,67.72,1,High
2025,Madhya Pradesh,Automotive,14.0,0.0148462354188759,-16.44503441725692,1.6432287115958566,0.0006656497214224,10.63610286543446,0.0476732427695397,36.77069199457259,67.72,1,High
2025,West Bengal,Toys and Games,4.0,0.0044198895027624,0.0,-3.3369963801700986,0.0005442443603054,9.761862799651745,0.0462750957579987,72.27498869289914,67.64,1,High
2025,Uttarakhand,Biotechnology,3.0,0.0113207547169811,0.0,3.938861869606192,0.0009030345368114,9.471175009139545,0.0496325455837244,44.36906377204885,67.63,1,High
2025,Gujarat,Animation,1.0,0.0003858024691358,-20.62994740159002,4.337346049570767,0.0011290673868536,10.110849494387985,0.0469623358821563,90.2758932609679,67.62,1,High
2025,Madhya Pradesh,Green Technology,16.0,0.016967126193001,-3.850028646172776,1.6432287115958566,0.0006656497214224,10.63610286543446,0.0476732427695397,34.05698778833107,67.58,1,High
2025,Andhra Pradesh,Advertising,3.0,0.0043165467625899,14.471424255333186,22.185576696861546,0.0004820410241186,10.399372728226396,0.0573201665219968,61.78199909543194,67.44,1,High
2025,Andhra Pradesh,Toys and Games,3.0,0.0043165467625899,14.471424255333186,22.185576696861546,0.0004820410241186,10.399372728226396,0.0573201665219968,61.78199909543194,67.44,1,High
2025,Andhra Pradesh,Social Impact,3.0,0.0043165467625899,14.471424255333186,22.185576696861546,0.0004820410241186,10.399372728226396,0.0573201665219968,61.78199909543194,67.44,1,High
2025,Andhra Pradesh,Finance Technology,10.0,0.014388489208633,0.0,22.185576696861546,0.0004820410241186,10.399372728226396,0.0573201665219968,45.81637268204432,67.41,1,High
2025,Tamil Nadu,Indic Language Startups,7.0,0.004060324825986,-11.209599825739936,-1.627674744085328,0.0005951902140233,12.855777513961096,0.0469167874344047,80.05427408412484,67.25,1,High
2025,Tamil Nadu,Architecture Interior Design,7.0,0.004060324825986,-11.209599825739936,-1.627674744085328,0.0005951902140233,12.855777513961096,0.0469167874344047,80.05427408412484,67.25,1,High
2025,Andhra Pradesh,AR VR (Augmented + Virtual Reality),2.0,0.0028776978417266,25.99210498948732,22.185576696861546,0.0004820410241186,10.399372728226396,0.0573201665219968,66.25961103573044,67.19,1,High
2025,West Bengal,Internet of Things,5.0,0.005524861878453,0.0,-3.3369963801700986,0.0005442443603054,9.761862799651745,0.0462750957579987,69.87788331071914,67.19,1,High
2025,Andhra Pradesh,Indic Language Startups,2.0,0.0028776978417266,25.99210498948732,22.185576696861546,0.0004820410241186,10.399372728226396,0.0573201665219968,66.25961103573044,67.19,1,High
2025,Andhra Pradesh,Architecture Interior Design,2.0,0.0028776978417266,25.99210498948732,22.185576696861546,0.0004820410241186,10.399372728226396,0.0573201665219968,66.25961103573044,67.19,1,High
2025,Rajasthan,Events,6.0,0.0057197330791229,-9.143970358393016,1.8797659731447205,0.0006893506172612,9.1368224768257,0.0441855304594216,63.364993215739496,67.02,1,High
2025,Tamil Nadu,Marketing,19.0,0.0110208816705336,-21.975462464605755,-1.627674744085328,0.0005951902140233,12.855777513961096,0.0469167874344047,63.68159203980101,66.91,1,High
2025,Gujarat,Social Network,1.0,0.0003858024691358,-51.92501432308638,4.337346049570767,0.0011290673868536,10.110849494387985,0.0469623358821563,90.2758932609679,66.85,1,High
2025,West Bengal,Media & Entertainment,12.0,0.0132596685082872,-17.017346663375655,-3.3369963801700986,0.0005442443603054,9.761862799651745,0.0462750957579987,57.078245137946624,66.75,1,High
2025,Madhya Pradesh,Human Resources,45.0,0.0477200424178154,-14.893404498733364,1.6432287115958566,0.0006656497214224,10.63610286543446,0.0476732427695397,21.347806422433287,66.7,1,High
2025,Karnataka,Dating Matrimonial,1.0,0.0004020908725371,0.0,-1.0626542093374325,0.0009224661113324,12.962539312227705,0.0481290778174793,95.11533242876529,66.59,1,High
2025,Madhya Pradesh,Social Impact,5.0,0.0053022269353128,-5.896397111897144,1.6432287115958566,0.0006656497214224,10.63610286543446,0.0476732427695397,51.60560832202623,66.52,1,High
2025,Madhya Pradesh,Events,4.0,0.0042417815482502,0.0,1.6432287115958566,0.0006656497214224,10.63610286543446,0.0476732427695397,54.00271370420624,66.13,1,High
2025,Odisha,Professional & Commercial Services,20.0,0.043010752688172,5.566719197800074,1.0242117102315706,0.0006185567010309,9.35118057090989,0.0488810569918982,21.302578018995927,66.07,1,High
2025,Madhya Pradesh,Analytics,3.0,0.0031813361611876,0.0,1.6432287115958566,0.0006656497214224,10.63610286543446,0.0476732427695397,57.34961555857079,66.03,1,High
2025,Madhya Pradesh,Safety,3.0,0.0031813361611876,0.0,1.6432287115958566,0.0006656497214224,10.63610286543446,0.0476732427695397,57.34961555857079,66.03,1,High
2025,Madhya Pradesh,Social Network,3.0,0.0031813361611876,0.0,1.6432287115958566,0.0006656497214224,10.63610286543446,0.0476732427695397,57.34961555857079,66.03,1,High
2025,Bihar,Automotive,12.0,0.0174927113702623,-2.6328111832561674,9.256208162890168,0.0007073514020715,11.778902951641212,0.0700724079084287,34.418815015829935,66.01,1,High
2025,Tamil Nadu,Security Solutions,7.0,0.004060324825986,-8.035860787295979,-1.627674744085328,0.0005951902140233,12.855777513961096,0.0469167874344047,80.05427408412484,65.93,1,High
2025,Madhya Pradesh,Enterprise Software,10.0,0.0106044538706256,-3.127069384853576,1.6432287115958566,0.0006656497214224,10.63610286543446,0.0476732427695397,41.38398914518318,65.85,1,High
2025,Uttarakhand,IT Services,17.0,0.0641509433962264,4.260360145884445,3.938861869606192,0.0009030345368114,9.471175009139545,0.0496325455837244,19.76481230212573,65.82,1,High
2025,West Bengal,Architecture Interior Design,8.0,0.0088397790055248,4.551591714942038,-3.3369963801700986,0.0005442443603054,9.761862799651745,0.0462750957579987,63.00316598824062,65.8,1,High
2025,Andhra Pradesh,House-Hold Services,4.0,0.0057553956834532,25.99210498948732,22.185576696861546,0.0004820410241186,10.399372728226396,0.0573201665219968,58.43509724106739,65.64,1,High
2025,Andhra Pradesh,Textiles & Apparel,4.0,0.0057553956834532,25.99210498948732,22.185576696861546,0.0004820410241186,10.399372728226396,0.0573201665219968,58.43509724106739,65.64,1,High
2025,Rajasthan,Internet of Things,8.0,0.0076263107721639,-10.07113739547817,1.8797659731447205,0.0006893506172612,9.1368224768257,0.0441855304594216,58.38986883763005,65.59,1,High
2025,Bihar,Professional & Commercial Services,19.0,0.0276967930029154,-17.632055554628234,9.256208162890168,0.0007073514020715,11.778902951641212,0.0700724079084287,26.594301221166894,65.53,1,High
2025,Tamil Nadu,Robotics,16.0,0.0092807424593967,-2.000538994071077,-1.627674744085328,0.0005951902140233,12.855777513961096,0.0469167874344047,66.75712347354138,65.5,1,High
2025,Tamil Nadu,Transportation & Storage,13.0,0.0075406032482598,-6.687221079568795,-1.627674744085328,0.0005951902140233,12.855777513961096,0.0469167874344047,70.64676616915423,65.48,1,High
2025,Karnataka,Analytics,6.0,0.0024125452352231,-24.60525588708462,-1.0626542093374325,0.0009224661113324,12.962539312227705,0.0481290778174793,77.52148349163275,65.46,1,High
2025,Madhya Pradesh,Transportation & Storage,11.0,0.0116648992576882,-5.416268377977785,1.6432287115958566,0.0006656497214224,10.63610286543446,0.0476732427695397,39.9366802351877,65.27,1,High
2025,Tamil Nadu,Events,5.0,0.0029002320185614,0.0,-1.627674744085328,0.0005951902140233,12.855777513961096,0.0469167874344047,84.30574400723656,65.27,1,High
2025,Madhya Pradesh,Chemicals,11.0,0.0116648992576882,0.0,1.6432287115958566,0.0006656497214224,10.63610286543446,0.0476732427695397,39.9366802351877,65.21,1,High
2025,Uttarakhand,Professional & Commercial Services,9.0,0.0339622641509433,4.0041911525952045,3.938861869606192,0.0009030345368114,9.471175009139545,0.0496325455837244,29.850746268656714,65.18,1,High
2025,Telangana,Nanotechnology,1.0,0.0005955926146515,0.0,6.729794326326077,0.0011335518520643,10.875937761528975,0.0538338533218349,76.30031659882405,65.07,1,High
2025,Karnataka,Nanotechnology,3.0,0.0012062726176115,-30.663872564936533,-1.0626542093374325,0.0009224661113324,12.962539312227705,0.0481290778174793,85.16508367254636,65.07,1,High
2025,Rajasthan,Aeronautics Aerospace & Defence,5.0,0.0047664442326024,-5.896397111897144,1.8797659731447205,0.0006893506172612,9.1368224768257,0.0441855304594216,65.26458616010855,65.04,1,High
2025,West Bengal,Security Solutions,12.0,0.0132596685082872,-2.6328111832561674,-3.3369963801700986,0.0005442443603054,9.761862799651745,0.0462750957579987,57.078245137946624,65.01,1,High
2025,Rajasthan,House-Hold Services,8.0,0.0076263107721639,0.0,1.8797659731447205,0.0006893506172612,9.1368224768257,0.0441855304594216,58.38986883763005,64.97,1,High
2025,Rajasthan,Professional & Commercial Services,30.0,0.0285986653956148,-8.373967292582096,1.8797659731447205,0.0006893506172612,9.1368224768257,0.0441855304594216,39.12256897331525,64.93,1,High
2025,Bihar,Technology Hardware,8.0,0.0116618075801749,0.0,9.256208162890168,0.0007073514020715,11.778902951641212,0.0700724079084287,40.34373586612393,64.85,1,High
2025,Telangana,Analytics,5.0,0.0029779630732578,-20.62994740159002,6.729794326326077,0.0011335518520643,10.875937761528975,0.0538338533218349,60.60606060606061,64.76,1,High
2025,Tamil Nadu,Advertising,8.0,0.0046403712296983,0.0,-1.627674744085328,0.0005951902140233,12.855777513961096,0.0469167874344047,77.43102668475804,64.73,1,High
2025,West Bengal,Professional & Commercial Services,51.0,0.056353591160221,-7.28925576834526,-3.3369963801700986,0.0005442443603054,9.761862799651745,0.0462750957579987,38.30845771144278,64.68,1,High
2025,Bihar,Transportation & Storage,6.0,0.0087463556851311,0.0,9.256208162890168,0.0007073514020715,11.778902951641212,0.0700724079084287,45.31886024423338,64.64,1,High
2025,Rajasthan,Finance Technology,35.0,0.0333651096282173,3.032132495213924,1.8797659731447205,0.0006893506172612,9.1368224768257,0.0441855304594216,37.44911804613298,64.61,1,High
2025,West Bengal,Education,47.0,0.0519337016574585,-3.313722892767479,-3.3369963801700986,0.0005442443603054,9.761862799651745,0.0462750957579987,39.30348258706467,64.61,1,High
2025,Rajasthan,Automotive,12.0,0.0114394661582459,-25.482018457013,1.8797659731447205,0.0006893506172612,9.1368224768257,0.0441855304594216,52.46494798733605,64.52,1,High
2025,Madhya Pradesh,Finance Technology,23.0,0.024390243902439,1.492757390610744,1.6432287115958566,0.0006656497214224,10.63610286543446,0.0476732427695397,28.04161013116236,64.51,1,High
2025,West Bengal,Real Estate,10.0,0.011049723756906,-3.127069384853576,-3.3369963801700986,0.0005442443603054,9.761862799651745,0.0462750957579987,59.65626413387608,64.43,1,High
2025,Jammu & Kashmir,Waste Management,2.0,0.0079365079365079,25.99210498948732,14.020744690430842,0.001219317472529,8.734058672503053,0.0911796868679223,45.228403437358665,64.4,1,High
2025,Jammu & Kashmir,Textiles & Apparel,2.0,0.0079365079365079,25.99210498948732,14.020744690430842,0.001219317472529,8.734058672503053,0.0911796868679223,45.228403437358665,64.4,1,High
2025,Jammu & Kashmir,AI,2.0,0.0079365079365079,25.99210498948732,14.020744690430842,0.001219317472529,8.734058672503053,0.0911796868679223,45.228403437358665,64.4,1,High
2025,Rajasthan,Pets & Animals,2.0,0.0019065776930409,0.0,1.8797659731447205,0.0006893506172612,9.1368224768257,0.0441855304594216,75.4862053369516,64.25,1,High
2025,Karnataka,Internet of Things,17.0,0.0068355448331322,-23.51872695266296,-1.0626542093374325,0.0009224661113324,12.962539312227705,0.0481290778174793,60.560832202623246,64.22,1,High
2025,Karnataka,Safety,4.0,0.0016083634901487,-7.168223327744416,-1.0626542093374325,0.0009224661113324,12.962539312227705,0.0481290778174793,81.81818181818183,64.22,1,High
2025,Tamil Nadu,Telecommunication & Networking,15.0,0.0087006960556844,-4.086270313974749,-1.627674744085328,0.0005951902140233,12.855777513961096,0.0469167874344047,67.97829036635007,63.93,1,High
2025,West Bengal,Computer Vision,1.0,0.0011049723756906,0.0,-3.3369963801700986,0.0005442443603054,9.761862799651745,0.0462750957579987,85.57213930348259,63.92,1,High
2025,West Bengal,Dating Matrimonial,1.0,0.0011049723756906,0.0,-3.3369963801700986,0.0005442443603054,9.761862799651745,0.0462750957579987,85.57213930348259,63.92,1,High
2025,West Bengal,Robotics,1.0,0.0011049723756906,0.0,-3.3369963801700986,0.0005442443603054,9.761862799651745,0.0462750957579987,85.57213930348259,63.92,1,High
2025,West Bengal,Nanotechnology,1.0,0.0011049723756906,0.0,-3.3369963801700986,0.0005442443603054,9.761862799651745,0.0462750957579987,85.57213930348259,63.92,1,High
2025,Madhya Pradesh,Logistics,10.0,0.0106044538706256,3.5744168651286268,1.6432287115958566,0.0006656497214224,10.63610286543446,0.0476732427695397,41.38398914518318,63.9,1,High
2025,West Bengal,Food & Beverages,52.0,0.0574585635359116,-8.101269158731018,-3.3369963801700986,0.0005442443603054,9.761862799651745,0.0462750957579987,37.8561736770692,63.7,1,High
2025,West Bengal,Aeronautics Aerospace & Defence,8.0,0.0088397790055248,10.064241629820891,-3.3369963801700986,0.0005442443603054,9.761862799651745,0.0462750957579987,63.00316598824062,63.69,1,High
2025,Jammu & Kashmir,Healthcare & Lifesciences,11.0,0.0436507936507936,0.0,14.020744690430842,0.001219317472529,8.734058672503053,0.0911796868679223,23.33785617367707,63.66,1,High
2025,Tamil Nadu,Biotechnology,17.0,0.009860788863109,4.260360145884445,-1.627674744085328,0.0005951902140233,12.855777513961096,0.0469167874344047,65.44549977385799,63.63,1,High
2025,West Bengal,Human Resources,13.0,0.0143646408839779,-8.55397960832336,-3.3369963801700986,0.0005442443603054,9.761862799651745,0.0462750957579987,56.21890547263681,63.57,1,High
2025,Rajasthan,Architecture Interior Design,6.0,0.0057197330791229,0.0,1.8797659731447205,0.0006893506172612,9.1368224768257,0.0441855304594216,63.364993215739496,63.48,1,High
2025,Andhra Pradesh,Security Solutions,6.0,0.0086330935251798,25.99210498948732,22.185576696861546,0.0004820410241186,10.399372728226396,0.0573201665219968,54.13839891451831,63.4,1,High
2025,Uttarakhand,Media & Entertainment,3.0,0.0113207547169811,14.471424255333186,3.938861869606192,0.0009030345368114,9.471175009139545,0.0496325455837244,44.36906377204885,63.36,1,High
2025,West Bengal,Finance Technology,30.0,0.0331491712707182,-5.896397111897144,-3.3369963801700986,0.0005442443603054,9.761862799651745,0.0462750957579987,43.735866123925824,63.35,1,High
2025,Rajasthan,Fashion,33.0,0.0314585319351763,5.629519164543795,1.8797659731447205,0.0006893506172612,9.1368224768257,0.0441855304594216,38.03708729081863,63.31,1,High
2025,Rajasthan,Advertising,7.0,0.0066730219256434,-4.353440861380542,1.8797659731447205,0.0006893506172612,9.1368224768257,0.0441855304594216,61.01311623699684,63.29,1,High
2025,Andhra Pradesh,Transportation & Storage,8.0,0.0115107913669064,4.551591714942038,22.185576696861546,0.0004820410241186,10.399372728226396,0.0573201665219968,49.16327453640887,63.02,1,High
2025,Tamil Nadu,Sports,7.0,0.004060324825986,0.0,-1.627674744085328,0.0005951902140233,12.855777513961096,0.0469167874344047,80.05427408412484,62.78,1,High
2025,Rajasthan,Education,51.0,0.0486177311725452,-15.323357409482153,1.8797659731447205,0.0006893506172612,9.1368224768257,0.0441855304594216,33.6951605608322,62.68,1,High
2025,West Bengal,Transportation & Storage,14.0,0.0154696132596685,-4.353440861380542,-3.3369963801700986,0.0005442443603054,9.761862799651745,0.0462750957579987,55.042966983265494,62.67,1,High
2025,Bihar,Design,2.0,0.0029154518950437,25.99210498948732,9.256208162890168,0.0007073514020715,11.778902951641212,0.0700724079084287,57.440072365445495,62.65,1,High
2025,Bihar,AR VR (Augmented + Virtual Reality),2.0,0.0029154518950437,25.99210498948732,9.256208162890168,0.0007073514020715,11.778902951641212,0.0700724079084287,57.440072365445495,62.65,1,High
2025,Bihar,Pets & Animals,2.0,0.0029154518950437,25.99210498948732,9.256208162890168,0.0007073514020715,11.778902951641212,0.0700724079084287,57.440072365445495,62.65,1,High
2025,Bihar,Robotics,2.0,0.0029154518950437,25.99210498948732,9.256208162890168,0.0007073514020715,11.778902951641212,0.0700724079084287,57.440072365445495,62.65,1,High
2025,Tamil Nadu,Analytics,11.0,0.0063805104408352,-2.858721945809062,-1.627674744085328,0.0005951902140233,12.855777513961096,0.0469167874344047,72.636815920398,62.53,1,High
2025,Karnataka,Chemicals,8.0,0.0032167269802975,-23.685717163111207,-1.0626542093374325,0.0009224661113324,12.962539312227705,0.0481290778174793,72.5463591135233,62.53,1,High
2025,West Bengal,Events,6.0,0.0066298342541436,14.471424255333186,-3.3369963801700986,0.0005442443603054,9.761862799651745,0.0462750957579987,67.97829036635007,62.49,1,High
2025,Odisha,Robotics,5.0,0.010752688172043,18.56311014966876,1.0242117102315706,0.0006185567010309,9.35118057090989,0.0488810569918982,42.78606965174129,62.49,1,High
2025,Odisha,Retail,11.0,0.0236559139784946,3.228011545636722,1.0242117102315706,0.0006185567010309,9.35118057090989,0.0488810569918982,31.117141564902763,62.37,1,High
2025,Rajasthan,Art & Photography,7.0,0.0066730219256434,5.272659960939663,1.8797659731447205,0.0006893506172612,9.1368224768257,0.0441855304594216,61.01311623699684,62.24,1,High
2025,Rajasthan,Security Solutions,7.0,0.0066730219256434,5.272659960939663,1.8797659731447205,0.0006893506172612,9.1368224768257,0.0441855304594216,61.01311623699684,62.24,1,High
2025,Tamil Nadu,Human Resources,20.0,0.0116009280742459,-13.591572720467935,-1.627674744085328,0.0005951902140233,12.855777513961096,0.0469167874344047,62.822252374491185,62.17,1,High
2025,West Bengal,Healthcare & Lifesciences,96.0,0.1060773480662983,-0.684953003244293,-3.3369963801700986,0.0005442443603054,9.761862799651745,0.0462750957579987,32.74536408864767,62.14,1,High
2025,West Bengal,IT Services,99.0,0.1093922651933701,0.0,-3.3369963801700986,0.0005442443603054,9.761862799651745,0.0462750957579987,32.42876526458616,62.13,1,High
2025,Madhya Pradesh,House-Hold Services,8.0,0.0084835630965005,10.064241629820891,1.6432287115958566,0.0006656497214224,10.63610286543446,0.0476732427695397,44.73089099954772,62.08,1,High
2025,Madhya Pradesh,Renewable Energy,42.0,0.0445387062566277,9.487978497197226,1.6432287115958566,0.0006656497214224,10.63610286543446,0.0476732427695397,22.116689280868375,61.91,1,High
2025,Madhya Pradesh,Fashion,15.0,0.0159066808059384,7.721734501594191,1.6432287115958566,0.0006656497214224,10.63610286543446,0.0476732427695397,35.27815468113975,61.67,1,High
2025,Tamil Nadu,Chemicals,13.0,0.0075406032482598,5.726427034643122,-1.627674744085328,0.0005951902140233,12.855777513961096,0.0469167874344047,70.64676616915423,61.59,1,High
2025,Rajasthan,Technology Hardware,17.0,0.0162059103908484,-15.323357409482153,1.8797659731447205,0.0006893506172612,9.1368224768257,0.0441855304594216,46.404341926729984,61.58,1,High
2025,Odisha,Textiles & Apparel,8.0,0.0172043010752688,10.064241629820891,1.0242117102315706,0.0006185567010309,9.35118057090989,0.0488810569918982,35.91135232926278,61.37,1,High
2025,Andhra Pradesh,Professional & Commercial Services,20.0,0.0287769784172661,5.566719197800074,22.185576696861546,0.0004820410241186,10.399372728226396,0.0573201665219968,34.55450022614202,61.11,1,High
2025,Odisha,Architecture Interior Design,4.0,0.0086021505376344,25.99210498948732,1.0242117102315706,0.0006185567010309,9.35118057090989,0.0488810569918982,45.183175033921295,61.02,1,High
2025,Odisha,Fashion,4.0,0.0086021505376344,25.99210498948732,1.0242117102315706,0.0006185567010309,9.35118057090989,0.0488810569918982,45.183175033921295,61.02,1,High
2025,Madhya Pradesh,Retail,18.0,0.0190880169671261,6.265856918261115,1.6432287115958566,0.0006656497214224,10.63610286543446,0.0476732427695397,31.659882406151063,60.97,1,High
2025,West Bengal,Automotive,16.0,0.0176795580110497,-12.64195352637011,-3.3369963801700986,0.0005442443603054,9.761862799651745,0.0462750957579987,52.32926277702396,60.94,1,High
2025,West Bengal,Enterprise Software,11.0,0.0121546961325966,6.917810999860885,-3.3369963801700986,0.0005442443603054,9.761862799651745,0.0462750957579987,58.2089552238806,60.91,1,High
2025,West Bengal,Agriculture,56.0,0.061878453038674,6.776758314981257,-3.3369963801700986,0.0005442443603054,9.761862799651745,0.0462750957579987,37.268204432383534,60.9,1,High
2025,Bihar,Marketing,7.0,0.010204081632653,11.86889420813968,9.256208162890168,0.0007073514020715,11.778902951641212,0.0700724079084287,42.96698326549072,60.84,1,High
2025,Bihar,Waste Management,7.0,0.010204081632653,11.86889420813968,9.256208162890168,0.0007073514020715,11.778902951641212,0.0700724079084287,42.96698326549072,60.84,1,High
2025,Madhya Pradesh,Healthcare & Lifesciences,65.0,0.0689289501590668,-5.896397111897144,1.6432287115958566,0.0006656497214224,10.63610286543446,0.0476732427695397,17.27725011307101,60.65,1,High
2025,Karnataka,Design,8.0,0.0032167269802975,-7.168223327744416,-1.0626542093374325,0.0009224661113324,12.962539312227705,0.0481290778174793,72.5463591135233,60.64,1,High
2025,Bihar,Other Specialty Retailers,4.0,0.0058309037900874,10.064241629820891,9.256208162890168,0.0007073514020715,11.778902951641212,0.0700724079084287,49.61555857078245,60.55,1,High
2025,Rajasthan,Marketing,14.0,0.0133460438512869,-16.44503441725692,1.8797659731447205,0.0006893506172612,9.1368224768257,0.0441855304594216,50.42966983265491,60.55,1,High
2025,Tamil Nadu,House-Hold Services,15.0,0.0087006960556844,10.891823393038823,-1.627674744085328,0.0005951902140233,12.855777513961096,0.0469167874344047,67.97829036635007,60.27,1,High
2025,Rajasthan,Dating Matrimonial,1.0,0.0009532888465204,0.0,1.8797659731447205,0.0006893506172612,9.1368224768257,0.0441855304594216,80.95884215287201,60.23,1,High
2025,Rajasthan,AR VR (Augmented + Virtual Reality),6.0,0.0057197330791229,14.471424255333186,1.8797659731447205,0.0006893506172612,9.1368224768257,0.0441855304594216,63.364993215739496,60.19,1,High
2025,Telangana,Security Solutions,8.0,0.0047647409172126,-3.850028646172776,6.729794326326077,0.0011335518520643,10.875937761528975,0.0538338533218349,53.73134328358209,60.15,1,High
2025,West Bengal,Construction,59.0,0.0651933701657458,4.299659192254368,-3.3369963801700986,0.0005442443603054,9.761862799651745,0.0462750957579987,36.81592039800994,60.12,1,High
2025,Telangana,AR VR (Augmented + Virtual Reality),9.0,0.0053603335318642,-13.69456260028179,6.729794326326077,0.0011335518520643,10.875937761528975,0.0538338533218349,51.83175033921303,60.03,1,High
2025,Madhya Pradesh,Technology Hardware,20.0,0.0212089077412513,7.721734501594191,1.6432287115958566,0.0006656497214224,10.63610286543446,0.0476732427695397,30.122116689280865,59.96,1,Moderate
2025,West Bengal,Waste Management,10.0,0.011049723756906,7.721734501594191,-3.3369963801700986,0.0005442443603054,9.761862799651745,0.0462750957579987,59.65626413387608,59.91,1,Moderate
2025,Rajasthan,Agriculture,65.0,0.0619637750238322,1.5875661868801405,1.8797659731447205,0.0006893506172612,9.1368224768257,0.0441855304594216,30.936227951153327,59.9,1,Moderate
2025,Uttarakhand,Food & Beverages,24.0,0.090566037735849,-1.3515170267812016,3.938861869606192,0.0009030345368114,9.471175009139545,0.0496325455837244,14.518317503392131,59.77,1,Moderate
2025,Karnataka,Robotics,11.0,0.0044229995979091,-2.858721945809062,-1.0626542093374325,0.0009224661113324,12.962539312227705,0.0481290778174793,67.75214834916328,59.73,1,Moderate
2025,Karnataka,AR VR (Augmented + Virtual Reality),11.0,0.0044229995979091,-7.724115558366041,-1.0626542093374325,0.0009224661113324,12.962539312227705,0.0481290778174793,67.75214834916328,59.7,1,Moderate
2025,Bihar,Security Solutions,12.0,0.0174927113702623,6.265856918261115,9.256208162890168,0.0007073514020715,11.778902951641212,0.0700724079084287,34.418815015829935,59.66,1,Moderate
2025,West Bengal,Fashion,27.0,0.0298342541436464,5.490166075087788,-3.3369963801700986,0.0005442443603054,9.761862799651745,0.0462750957579987,44.73089099954772,59.66,1,Moderate
2025,West Bengal,Technology Hardware,26.0,0.0287292817679558,2.7040024624839676,-3.3369963801700986,0.0005442443603054,9.761862799651745,0.0462750957579987,45.13794663048395,59.64,1,Moderate
2025,Telangana,Sports,7.0,0.004169148302561,-4.353440861380542,6.729794326326077,0.0011335518520643,10.875937761528975,0.0538338533218349,56.3545906829489,59.63,1,Moderate
2025,West Bengal,Retail,23.0,0.0254143646408839,0.0,-3.3369963801700986,0.0005442443603054,9.761862799651745,0.0462750957579987,46.313885119855264,59.61,1,Moderate
2025,Karnataka,House-Hold Services,13.0,0.0052271813429835,0.0,-1.0626542093374325,0.0009224661113324,12.962539312227705,0.0481290778174793,65.76209859791949,59.6,1,Moderate
2025,Madhya Pradesh,Food & Beverages,56.0,0.0593849416755037,7.561909734969574,1.6432287115958566,0.0006656497214224,10.63610286543446,0.0476732427695397,18.995929443690635,59.49,1,Moderate
2025,Andhra Pradesh,Travel & Tourism,9.0,0.0129496402877697,14.471424255333186,22.185576696861546,0.0004820410241186,10.399372728226396,0.0573201665219968,47.2636815920398,59.35,1,Moderate
2025,Rajasthan,Human Resources,15.0,0.0142993326978074,-11.985101445609192,1.8797659731447205,0.0006893506172612,9.1368224768257,0.0441855304594216,48.937132519222075,59.24,1,Moderate
2025,Tamil Nadu,Animation,3.0,0.0017401392111368,14.471424255333186,-1.627674744085328,0.0005951902140233,12.855777513961096,0.0469167874344047,90.0497512437811,59.21,1,Moderate
2025,Tamil Nadu,Nanotechnology,3.0,0.0017401392111368,14.471424255333186,-1.627674744085328,0.0005951902140233,12.855777513961096,0.0469167874344047,90.0497512437811,59.21,1,Moderate
2025,Uttarakhand,Renewable Energy,6.0,0.0226415094339622,25.99210498948732,3.938861869606192,0.0009030345368114,9.471175009139545,0.0496325455837244,36.72546359113523,59.14,1,Moderate
2025,Bihar,Internet of Things,5.0,0.0072886297376093,18.56311014966876,9.256208162890168,0.0007073514020715,11.778902951641212,0.0700724079084287,47.218453188602446,59.08,1,Moderate
2025,Rajasthan,Construction,81.0,0.0772163965681601,8.738037300289214,1.8797659731447205,0.0006893506172612,9.1368224768257,0.0441855304594216,29.53414744459521,59.03,1,Moderate
2025,Telangana,Telecommunication & Networking,9.0,0.0053603335318642,-3.451061539437028,6.729794326326077,0.0011335518520643,10.875937761528975,0.0538338533218349,51.83175033921303,58.99,1,Moderate
2025,Odisha,Healthcare & Lifesciences,39.0,0.0838709677419354,-3.2022229686390125,1.0242117102315706,0.0006185567010309,9.35118057090989,0.0488810569918982,13.749434644957034,58.98,1,Moderate
2025,Jammu & Kashmir,Telecommunication & Networking,3.0,0.0119047619047619,14.471424255333186,14.020744690430842,0.001219317472529,8.734058672503053,0.0911796868679223,40.75079149706015,58.97,1,Moderate
2025,Uttarakhand,Healthcare & Lifesciences,27.0,0.1018867924528302,-1.2049365987475746,3.938861869606192,0.0009030345368114,9.471175009139545,0.0496325455837244,13.478064224332876,58.95,1,Moderate
2025,Telangana,Robotics,9.0,0.0053603335318642,-9.143970358393016,6.729794326326077,0.0011335518520643,10.875937761528975,0.0538338533218349,51.83175033921303,58.79,1,Moderate
2025,Karnataka,Social Impact,10.0,0.0040209087253719,-5.896397111897144,-1.0626542093374325,0.0009224661113324,12.962539312227705,0.0481290778174793,69.19945725915876,58.72,1,Moderate
2025,Telangana,Non- Renewable Energy,3.0,0.0017867778439547,-37.00394750525634,6.729794326326077,0.0011335518520643,10.875937761528975,0.0538338533218349,66.35006784260517,58.52,1,Moderate
2025,West Bengal,Renewable Energy,22.0,0.0243093922651933,-8.797188257761302,-3.3369963801700986,0.0005442443603054,9.761862799651745,0.0462750957579987,47.08276797829038,58.37,1,Moderate
2025,Rajasthan,Retail,20.0,0.0190657769304099,-1.6131853193803058,1.8797659731447205,0.0006893506172612,9.1368224768257,0.0441855304594216,43.78109452736319,58.34,1,Moderate
2025,Telangana,Computer Vision,3.0,0.0017867778439547,-9.143970358393016,6.729794326326077,0.0011335518520643,10.875937761528975,0.0538338533218349,66.35006784260517,58.29,1,Moderate
2025,West Bengal,Travel & Tourism,17.0,0.0187845303867403,-5.273176281409042,-3.3369963801700986,0.0005442443603054,9.761862799651745,0.0462750957579987,51.01763907734057,58.29,1,Moderate
2025,Andhra Pradesh,Fashion,6.0,0.0086330935251798,44.22495703074083,22.185576696861546,0.0004820410241186,10.399372728226396,0.0573201665219968,54.13839891451831,58.25,1,Moderate
2025,Andhra Pradesh,Safety,3.0,0.0043165467625899,44.22495703074083,22.185576696861546,0.0004820410241186,10.399372728226396,0.0573201665219968,61.78199909543194,58.02,1,Moderate
2025,Andhra Pradesh,Chemicals,3.0,0.0043165467625899,44.22495703074083,22.185576696861546,0.0004820410241186,10.399372728226396,0.0573201665219968,61.78199909543194,58.02,1,Moderate
2025,Odisha,Marketing,11.0,0.0236559139784946,11.199004528465784,1.0242117102315706,0.0006185567010309,9.35118057090989,0.0488810569918982,31.117141564902763,57.86,1,Moderate
2025,West Bengal,Safety,4.0,0.0044198895027624,25.99210498948732,-3.3369963801700986,0.0005442443603054,9.761862799651745,0.0462750957579987,72.27498869289914,57.85,1,Moderate
2025,Tamil Nadu,Media & Entertainment,22.0,0.0127610208816705,1.5627524178942975,-1.627674744085328,0.0005951902140233,12.855777513961096,0.0469167874344047,61.51062867480779,57.83,1,Moderate
2025,Tamil Nadu,Education,102.0,0.0591647331786542,-3.0694412150361616,-1.627674744085328,0.0005951902140233,12.855777513961096,0.0469167874344047,46.630483943916786,57.79,1,Moderate
2025,Tamil Nadu,Internet of Things,26.0,0.0150812064965197,-3.5745257897990657,-1.627674744085328,0.0005951902140233,12.855777513961096,0.0469167874344047,59.565807327001366,57.69,1,Moderate
2025,Rajasthan,Healthcare & Lifesciences,95.0,0.0905624404194471,8.198385552319753,1.8797659731447205,0.0006893506172612,9.1368224768257,0.0441855304594216,28.493894165535956,57.66,1,Moderate
2025,Telangana,Pets & Animals,3.0,0.0017867778439547,0.0,6.729794326326077,0.0011335518520643,10.875937761528975,0.0538338533218349,66.35006784260517,57.66,1,Moderate
2025,Tamil Nadu,Toys and Games,6.0,0.0034802784222737,6.265856918261115,-1.627674744085328,0.0005951902140233,12.855777513961096,0.0469167874344047,82.4061510628675,57.59,1,Moderate
2025,West Bengal,Textiles & Apparel,23.0,0.0254143646408839,1.492757390610744,-3.3369963801700986,0.0005442443603054,9.761862799651745,0.0462750957579987,46.313885119855264,57.59,1,Moderate
2025,Gujarat,Indic Language Startups,6.0,0.0023148148148148,-18.294205935675624,4.337346049570767,0.0011290673868536,10.110849494387985,0.0469623358821563,72.68204432383537,57.52,1,Moderate
2025,Bihar,Media & Entertainment,8.0,0.0116618075801749,16.96070952851465,9.256208162890168,0.0007073514020715,11.778902951641212,0.0700724079084287,40.34373586612393,57.46,1,Moderate
2025,Karnataka,Food & Beverages,158.0,0.0635303578608765,-0.2100846524083266,-1.0626542093374325,0.0009224661113324,12.962539312227705,0.0481290778174793,40.34373586612393,57.31,1,Moderate
2025,Karnataka,Education,137.0,0.0550864495375955,-8.18455003484856,-1.0626542093374325,0.0009224661113324,12.962539312227705,0.0481290778174793,40.79601990049751,57.26,1,Moderate
2025,Uttarakhand,Finance Technology,5.0,0.0188679245283018,70.99759466766969,3.938861869606192,0.0009030345368114,9.471175009139545,0.0496325455837244,38.62505653550429,57.19,1,Moderate
2025,Gujarat,Internet of Things,7.0,0.0027006172839506,-13.986137246278185,4.337346049570767,0.0011290673868536,10.110849494387985,0.0469623358821563,70.33016734509272,57.03,1,Moderate
2025,Gujarat,AR VR (Augmented + Virtual Reality),7.0,0.0027006172839506,-13.986137246278185,4.337346049570767,0.0011290673868536,10.110849494387985,0.0469623358821563,70.33016734509272,57.03,1,Moderate
2025,Karnataka,Telecommunication & Networking,17.0,0.0068355448331322,-1.8872447186110584,-1.0626542093374325,0.0009224661113324,12.962539312227705,0.0481290778174793,60.560832202623246,56.93,1,Moderate
2025,Tamil Nadu,Agriculture,109.0,0.0632250580046403,-1.4838989489907697,-1.627674744085328,0.0005951902140233,12.855777513961096,0.0469167874344047,46.359113523292635,56.86,1,Moderate
2025,Karnataka,Social Network,17.0,0.0068355448331322,-5.273176281409042,-1.0626542093374325,0.0009224661113324,12.962539312227705,0.0481290778174793,60.560832202623246,56.86,1,Moderate
2025,Tamil Nadu,Food & Beverages,91.0,0.052784222737819,-4.044901436865079,-1.627674744085328,0.0005951902140233,12.855777513961096,0.0469167874344047,47.94210764360018,56.75,1,Moderate
2025,Gujarat,Art & Photography,6.0,0.0023148148148148,-9.143970358393016,4.337346049570767,0.0011290673868536,10.110849494387985,0.0469623358821563,72.68204432383537,56.73,1,Moderate
2025,Maharashtra,Nanotechnology,5.0,0.0011307100859339,-17.79293085565099,-2.7780397840896476,0.001157161474007,9.708209957459356,0.0435596205241435,89.23563998190865,56.65,1,Moderate
2025,Gujarat,Pets & Animals,3.0,0.0011574074074074,0.0,4.337346049570767,0.0011290673868536,10.110849494387985,0.0469623358821563,80.325644504749,56.63,1,Moderate
2025,Tamil Nadu,Healthcare & Lifesciences,134.0,0.0777262180974478,-2.818414356928578,-1.627674744085328,0.0005951902140233,12.855777513961096,0.0469167874344047,45.86160108548169,56.61,1,Moderate
2025,Madhya Pradesh,Real Estate,14.0,0.0148462354188759,15.867554829548336,1.6432287115958566,0.0006656497214224,10.63610286543446,0.0476732427695397,36.77069199457259,56.57,1,Moderate
2025,Tamil Nadu,Art & Photography,9.0,0.0052204176334106,14.471424255333186,-1.627674744085328,0.0005951902140233,12.855777513961096,0.0469167874344047,75.53143374038896,56.54,1,Moderate
2025,Karnataka,Biotechnology,17.0,0.0068355448331322,-8.23534978515731,-1.0626542093374325,0.0009224661113324,12.962539312227705,0.0481290778174793,60.560832202623246,56.5,1,Moderate
2025,Rajasthan,Green Technology,20.0,0.0190657769304099,5.566719197800074,1.8797659731447205,0.0006893506172612,9.1368224768257,0.0441855304594216,43.78109452736319,56.47,1,Moderate
2025,Maharashtra,AR VR (Augmented + Virtual Reality),6.0,0.0013568521031207,-26.319370027192267,-2.7780397840896476,0.001157161474007,9.708209957459356,0.0435596205241435,87.33604703753959,56.46,1,Moderate
2025,Karnataka,Agriculture,105.0,0.0422195416164053,-5.137464314008189,-1.0626542093374325,0.0009224661113324,12.962539312227705,0.0481290778174793,41.61013116236997,56.45,1,Moderate
2025,Maharashtra,Telecommunication & Networking,21.0,0.0047489823609226,-19.328567698772815,-2.7780397840896476,0.001157161474007,9.708209957459356,0.0435596205241435,67.11895070104026,56.41,1,Moderate
2025,Bihar,Healthcare & Lifesciences,47.0,0.0685131195335276,5.522714724507494,9.256208162890168,0.0007073514020715,11.778902951641212,0.0700724079084287,16.64405246494799,56.36,1,Moderate
2025,Rajasthan,Food & Beverages,63.0,0.0600571973307912,12.710045297240802,1.8797659731447205,0.0006893506172612,9.1368224768257,0.0441855304594216,31.569425599276347,56.32,1,Moderate
2025,Bihar,House-Hold Services,6.0,0.0087463556851311,25.99210498948732,9.256208162890168,0.0007073514020715,11.778902951641212,0.0700724079084287,45.31886024423338,56.27,1,Moderate
2025,Rajasthan,Travel & Tourism,18.0,0.0171591992373689,4.0041911525952045,1.8797659731447205,0.0006893506172612,9.1368224768257,0.0441855304594216,45.318860244233385,56.17,1,Moderate
2025,Uttarakhand,Security Solutions,3.0,0.0113207547169811,44.22495703074083,3.938861869606192,0.0009030345368114,9.471175009139545,0.0496325455837244,44.36906377204885,56.1,1,Moderate
2025,Uttarakhand,Logistics,3.0,0.0113207547169811,44.22495703074083,3.938861869606192,0.0009030345368114,9.471175009139545,0.0496325455837244,44.36906377204885,56.1,1,Moderate
2025,Tamil Nadu,Computer Vision,4.0,0.0023201856148491,25.99210498948732,-1.627674744085328,0.0005951902140233,12.855777513961096,0.0469167874344047,86.70284938941657,56.02,1,Moderate
2025,Telangana,Indic Language Startups,4.0,0.0023823704586063,25.99210498948732,6.729794326326077,0.0011335518520643,10.875937761528975,0.0538338533218349,63.00316598824062,55.85,1,Moderate
2025,Tamil Nadu,Enterprise Software,32.0,0.0185614849187935,-2.000538994071077,-1.627674744085328,0.0005951902140233,12.855777513961096,0.0469167874344047,57.4400723654455,55.81,1,Moderate
2025,Karnataka,Toys and Games,15.0,0.0060313630880579,2.3264108093813185,-1.0626542093374325,0.0009224661113324,12.962539312227705,0.0481290778174793,63.09362279511534,55.8,1,Moderate
2025,Telangana,Transportation & Storage,16.0,0.0095294818344252,-5.567360858263315,6.729794326326077,0.0011335518520643,10.875937761528975,0.0538338533218349,43.05744007236545,55.79,1,Moderate
2025,Karnataka,Construction,102.0,0.0410132689987937,6.265856918261115,-1.0626542093374325,0.0009224661113324,12.962539312227705,0.0481290778174793,41.74581637268204,55.79,1,Moderate
2025,West Bengal,Social Impact,10.0,0.011049723756906,12.624788044360605,-3.3369963801700986,0.0005442443603054,9.761862799651745,0.0462750957579987,59.65626413387608,55.77,1,Moderate
2025,Odisha,Food & Beverages,29.0,0.0623655913978494,13.18511959629507,1.0242117102315706,0.0006185567010309,9.35118057090989,0.0488810569918982,17.00587969244685,55.76,1,Moderate
2025,Maharashtra,Non- Renewable Energy,23.0,0.0052012663952962,-28.52912558764058,-2.7780397840896476,0.001157161474007,9.708209957459356,0.0435596205241435,65.67164179104478,55.75,1,Moderate
2025,Tamil Nadu,Retail,33.0,0.0191415313225058,-7.724115558366041,-1.627674744085328,0.0005951902140233,12.855777513961096,0.0469167874344047,57.07824513794664,55.72,1,Moderate
2025,Telangana,Marketing,19.0,0.0113162596783799,-7.491681618140877,6.729794326326077,0.0011335518520643,10.875937761528975,0.0538338533218349,39.98190863862506,55.7,1,Moderate
2025,Tamil Nadu,Aeronautics Aerospace & Defence,33.0,0.0191415313225058,-3.74187335661752,-1.627674744085328,0.0005951902140233,12.855777513961096,0.0469167874344047,57.07824513794664,55.68,1,Moderate
2025,Andhra Pradesh,Real Estate,7.0,0.0100719424460431,20.507113208761503,22.185576696861546,0.0004820410241186,10.399372728226396,0.0573201665219968,51.78652193577567,55.68,1,Moderate
2025,Madhya Pradesh,Waste Management,16.0,0.016967126193001,13.30326698854094,1.6432287115958566,0.0006656497214224,10.63610286543446,0.0476732427695397,34.05698778833107,55.66,1,Moderate
2025,West Bengal,Green Technology,16.0,0.0176795580110497,7.166457967424877,-3.3369963801700986,0.0005442443603054,9.761862799651745,0.0462750957579987,52.32926277702396,55.63,1,Moderate
2025,West Bengal,Advertising,7.0,0.0077348066298342,20.507113208761503,-3.3369963801700986,0.0005442443603054,9.761862799651745,0.0462750957579987,65.62641338760741,55.62,1,Moderate
2025,Tamil Nadu,Textiles & Apparel,36.0,0.0208816705336426,-3.451061539437028,-1.627674744085328,0.0005951902140233,12.855777513961096,0.0469167874344047,56.17367706919946,55.62,1,Moderate
2025,Telangana,Architecture Interior Design,12.0,0.0071471113758189,2.9428498400178693,6.729794326326077,0.0011335518520643,10.875937761528975,0.0538338533218349,47.80642243328811,55.58,1,Moderate
2025,Karnataka,Finance Technology,84.0,0.0337756332931242,-11.4548784238371,-1.0626542093374325,0.0009224661113324,12.962539312227705,0.0481290778174793,43.55495251017639,55.49,1,Moderate
2025,Karnataka,Advertising,17.0,0.0068355448331322,4.260360145884445,-1.0626542093374325,0.0009224661113324,12.962539312227705,0.0481290778174793,60.560832202623246,55.31,1,Moderate
2025,Madhya Pradesh,Travel & Tourism,17.0,0.0180275715800636,12.31106834675555,1.6432287115958566,0.0006656497214224,10.63610286543446,0.0476732427695397,32.74536408864767,55.3,1,Moderate
2025,Rajasthan,IT Services,101.0,0.09628217349857,8.53373801717916,1.8797659731447205,0.0006893506172612,9.1368224768257,0.0441855304594216,27.725011307100857,55.17,1,Moderate
2025,Tamil Nadu,IT Services,202.0,0.1171693735498839,-4.234772552159749,-1.627674744085328,0.0005951902140233,12.855777513961096,0.0469167874344047,44.50474898236092,55.1,1,Moderate
2025,Maharashtra,Animation,6.0,0.0013568521031207,-18.294205935675624,-2.7780397840896476,0.001157161474007,9.708209957459356,0.0435596205241435,87.33604703753959,55.07,1,Moderate
2025,Jammu & Kashmir,Human Resources,8.0,0.0317460317460317,16.96070952851465,14.020744690430842,0.001219317472529,8.734058672503053,0.0911796868679223,28.132066938037088,55.03,1,Moderate
2025,Telangana,Green Technology,24.0,0.0142942227516378,-5.008574840700353,6.729794326326077,0.0011335518520643,10.875937761528975,0.0538338533218349,36.49932157394844,55.0,1,Moderate
2025,Telangana,Real Estate,24.0,0.0142942227516378,-2.6328111832561674,6.729794326326077,0.0011335518520643,10.875937761528975,0.0538338533218349,36.49932157394844,54.8,1,Moderate
2025,West Bengal,Marketing,17.0,0.0187845303867403,6.685884434218181,-3.3369963801700986,0.0005442443603054,9.761862799651745,0.0462750957579987,51.01763907734057,54.68,1,Moderate
2025,Rajasthan,Waste Management,17.0,0.0162059103908484,9.354129979287684,1.8797659731447205,0.0006893506172612,9.1368224768257,0.0441855304594216,46.404341926729984,54.67,1,Moderate
2025,Karnataka,Technology Hardware,84.0,0.0337756332931242,-1.1628961411624283,-1.0626542093374325,0.0009224661113324,12.962539312227705,0.0481290778174793,43.55495251017639,54.65,1,Moderate
2025,Bihar,Renewable Energy,22.0,0.032069970845481,16.260329205681458,9.256208162890168,0.0007073514020715,11.778902951641212,0.0700724079084287,24.42333785617368,54.49,1,Moderate
2025,Madhya Pradesh,Animation,3.0,0.0031813361611876,44.22495703074083,1.6432287115958566,0.0006656497214224,10.63610286543446,0.0476732427695397,57.34961555857079,54.48,1,Moderate
2025,Karnataka,Healthcare & Lifesciences,215.0,0.0864495375954965,-5.52880118099247,-1.0626542093374325,0.0009224661113324,12.962539312227705,0.0481290778174793,39.439167797376754,54.46,1,Moderate
2025,Rajasthan,Transportation & Storage,14.0,0.0133460438512869,8.37067626618271,1.8797659731447205,0.0006893506172612,9.1368224768257,0.0441855304594216,50.42966983265491,54.41,1,Moderate
2025,Tamil Nadu,Professional & Commercial Services,66.0,0.0382830626450116,-10.480282556583486,-1.627674744085328,0.0005951902140233,12.855777513961096,0.0469167874344047,49.66078697421982,54.39,1,Moderate
2025,Tamil Nadu,Construction,76.0,0.0440835266821345,0.8929043886532817,-1.627674744085328,0.0005951902140233,12.855777513961096,0.0469167874344047,48.80144730890999,54.39,1,Moderate
2025,Telangana,Animation,3.0,0.0017867778439547,14.471424255333186,6.729794326326077,0.0011335518520643,10.875937761528975,0.0538338533218349,66.35006784260517,54.37,1,Moderate
2025,Bihar,Enterprise Software,7.0,0.010204081632653,20.507113208761503,9.256208162890168,0.0007073514020715,11.778902951641212,0.0700724079084287,42.96698326549072,54.26,1,Moderate
2025,Bihar,Fashion,7.0,0.010204081632653,20.507113208761503,9.256208162890168,0.0007073514020715,11.778902951641212,0.0700724079084287,42.96698326549072,54.26,1,Moderate
2025,Odisha,Other Specialty Retailers,5.0,0.010752688172043,70.99759466766969,1.0242117102315706,0.0006185567010309,9.35118057090989,0.0488810569918982,42.78606965174129,54.25,1,Moderate
2025,Karnataka,Professional & Commercial Services,92.0,0.0369923602734217,6.575671665233052,-1.0626542093374325,0.0009224661113324,12.962539312227705,0.0481290778174793,42.96698326549073,54.22,1,Moderate
2025,Tamil Nadu,Technology Hardware,54.0,0.031322505800464,-6.937870580189354,-1.627674744085328,0.0005951902140233,12.855777513961096,0.0469167874344047,51.83175033921303,54.17,1,Moderate
2025,Bihar,Textiles & Apparel,10.0,0.0145772594752186,18.56311014966876,9.256208162890168,0.0007073514020715,11.778902951641212,0.0700724079084287,36.99683401175939,54.16,1,Moderate
2025,Rajasthan,Biotechnology,3.0,0.0028598665395614,14.471424255333186,1.8797659731447205,0.0006893506172612,9.1368224768257,0.0441855304594216,71.0085933966531,54.15,1,Moderate
2025,Rajasthan,Textiles & Apparel,37.0,0.0352716873212583,24.87707213199899,1.8797659731447205,0.0006893506172612,9.1368224768257,0.0441855304594216,36.72546359113523,54.13,1,Moderate
2025,Rajasthan,Other Specialty Retailers,15.0,0.0142993326978074,7.721734501594191,1.8797659731447205,0.0006893506172612,9.1368224768257,0.0441855304594216,48.937132519222075,54.11,1,Moderate
2025,Karnataka,Pets & Animals,15.0,0.0060313630880579,7.721734501594191,-1.0626542093374325,0.0009224661113324,12.962539312227705,0.0481290778174793,63.09362279511534,54.1,1,Moderate
2025,Telangana,Finance Technology,31.0,0.0184633710541989,-12.32657878219534,6.729794326326077,0.0011335518520643,10.875937761528975,0.0538338533218349,34.102216191768434,54.05,1,Moderate
2025,Tamil Nadu,Green Technology,40.0,0.0232018561484918,0.8474980349111538,-1.627674744085328,0.0005951902140233,12.855777513961096,0.0469167874344047,55.13342379014021,54.02,1,Moderate
2025,Maharashtra,Indic Language Startups,11.0,0.0024875621890547,-13.506941493716852,-2.7780397840896476,0.001157161474007,9.708209957459356,0.0435596205241435,77.56671189507011,53.94,1,Moderate
2025,Bihar,Human Resources,26.0,0.0379008746355685,20.123329994304417,9.256208162890168,0.0007073514020715,11.778902951641212,0.0700724079084287,22.478516508367257,53.89,1,Moderate
2025,Odisha,Travel & Tourism,12.0,0.0258064516129032,14.471424255333186,1.0242117102315706,0.0006185567010309,9.35118057090989,0.0488810569918982,29.986431478968782,53.89,1,Moderate
2025,Tamil Nadu,Automotive,47.0,0.0272621809744779,-1.37948654429203,-1.627674744085328,0.0005951902140233,12.855777513961096,0.0469167874344047,53.73134328358209,53.88,1,Moderate
2025,Karnataka,Waste Management,20.0,0.0080418174507438,1.724476819110099,-1.0626542093374325,0.0009224661113324,12.962539312227705,0.0481290778174793,57.93758480325645,53.86,1,Moderate
2025,Karnataka,IT Services,337.0,0.1355046240450342,1.846569665346709,-1.0626542093374325,0.0009224661113324,12.962539312227705,0.0481290778174793,38.89642695612846,53.84,1,Moderate
2025,Tamil Nadu,Waste Management,32.0,0.0185614849187935,8.576704663796253,-1.627674744085328,0.0005951902140233,12.855777513961096,0.0469167874344047,57.4400723654455,53.78,1,Moderate
2025,Odisha,Aeronautics Aerospace & Defence,8.0,0.0172043010752688,25.99210498948732,1.0242117102315706,0.0006185567010309,9.35118057090989,0.0488810569918982,35.91135232926278,53.77,1,Moderate
2025,Andhra Pradesh,Logistics,9.0,0.0129496402877697,21.644039911467992,22.185576696861546,0.0004820410241186,10.399372728226396,0.0573201665219968,47.2636815920398,53.68,1,Moderate
2025,Karnataka,Animation,3.0,0.0012062726176115,14.471424255333186,-1.0626542093374325,0.0009224661113324,12.962539312227705,0.0481290778174793,85.16508367254636,53.5,1,Moderate
2025,Andhra Pradesh,Media & Entertainment,7.0,0.0100719424460431,32.63524026321307,22.185576696861546,0.0004820410241186,10.399372728226396,0.0573201665219968,51.78652193577567,53.35,1,Moderate
2025,Gujarat,Analytics,9.0,0.0034722222222222,0.0,4.337346049570767,0.0011290673868536,10.110849494387985,0.0469623358821563,65.80732700135685,53.31,1,Moderate
2025,Tamil Nadu,Real Estate,14.0,0.0081206496519721,20.507113208761503,-1.627674744085328,0.0005951902140233,12.855777513961096,0.0469167874344047,69.47082767978291,53.27,1,Moderate
2025,Madhya Pradesh,Textiles & Apparel,19.0,0.0201484623541887,13.48455252486973,1.6432287115958566,0.0006656497214224,10.63610286543446,0.0476732427695397,30.98145635459068,53.26,1,Moderate
2025,Gujarat,Sports,7.0,0.0027006172839506,0.0,4.337346049570767,0.0011290673868536,10.110849494387985,0.0469623358821563,70.33016734509272,53.25,1,Moderate
2025,Jammu & Kashmir,Renewable Energy,7.0,0.0277777777777777,20.507113208761503,14.020744690430842,0.001219317472529,8.734058672503053,0.0911796868679223,30.755314337403888,53.19,1,Moderate
2025,Bihar,Architecture Interior Design,3.0,0.0043731778425655,44.22495703074083,9.256208162890168,0.0007073514020715,11.778902951641212,0.0700724079084287,52.96246042514699,53.18,1,Moderate
2025,Bihar,Sports,3.0,0.0043731778425655,44.22495703074083,9.256208162890168,0.0007073514020715,11.778902951641212,0.0700724079084287,52.96246042514699,53.18,1,Moderate
2025,Tamil Nadu,Finance Technology,60.0,0.0348027842227378,2.3264108093813185,-1.627674744085328,0.0005951902140233,12.855777513961096,0.0469167874344047,51.06286748077793,53.12,1,Moderate
2025,Tamil Nadu,Fashion,30.0,0.0174013921113689,10.891823393038823,-1.627674744085328,0.0005951902140233,12.855777513961096,0.0469167874344047,58.16372682044324,53.08,1,Moderate
2025,Odisha,Advertising,6.0,0.0129032258064516,81.71205928321396,1.0242117102315706,0.0006185567010309,9.35118057090989,0.0488810569918982,40.886476707372225,52.99,1,Moderate
2025,Telangana,Human Resources,28.0,0.0166765932102441,0.0,6.729794326326077,0.0011335518520643,10.875937761528975,0.0538338533218349,35.14246947082768,52.98,1,Moderate
2025,Andhra Pradesh,Agriculture,52.0,0.074820143884892,16.36699011798588,22.185576696861546,0.0004820410241186,10.399372728226396,0.0573201665219968,24.01628222523745,52.95,1,Moderate
2025,Karnataka,Media & Entertainment,24.0,0.0096501809408926,-12.64195352637011,-1.0626542093374325,0.0009224661113324,12.962539312227705,0.0481290778174793,55.314337403889645,52.89,1,Moderate
2025,Bihar,Real Estate,13.0,0.0189504373177842,13.040381433805548,9.256208162890168,0.0007073514020715,11.778902951641212,0.0700724079084287,33.559475350520124,52.84,1,Moderate
2025,Uttarakhand,Travel & Tourism,20.0,0.0754716981132075,15.441567326431937,3.938861869606192,0.0009030345368114,9.471175009139545,0.0496325455837244,17.141564902758926,52.77,1,Moderate
2025,Madhya Pradesh,Security Solutions,21.0,0.0222693531283138,14.471424255333186,1.6432287115958566,0.0006656497214224,10.63610286543446,0.0476732427695397,29.48891904115785,52.77,1,Moderate
2025,Uttarakhand,Social Impact,4.0,0.0150943396226415,58.74010519681994,3.938861869606192,0.0009030345368114,9.471175009139545,0.0496325455837244,41.02216191768431,52.69,1,Moderate
2025,Karnataka,Automotive,51.0,0.0205066344993968,-13.573346939020537,-1.0626542093374325,0.0009224661113324,12.962539312227705,0.0481290778174793,47.85165083672546,52.68,1,Moderate
2025,Jammu & Kashmir,Professional & Commercial Services,12.0,0.0476190476190476,33.88659001643391,14.020744690430842,0.001219317472529,8.734058672503053,0.0911796868679223,22.207146087743094,52.65,1,Moderate
2025,Telangana,Advertising,11.0,0.0065515187611673,16.260329205681458,6.729794326326077,0.0011335518520643,10.875937761528975,0.0538338533218349,48.937132519222075,52.53,1,Moderate
2025,Andhra Pradesh,Education,49.0,0.0705035971223021,17.7673606017982,22.185576696861546,0.0004820410241186,10.399372728226396,0.0573201665219968,24.8303934871099,52.4,1,Moderate
2025,Bihar,Travel & Tourism,7.0,0.010204081632653,32.63524026321307,9.256208162890168,0.0007073514020715,11.778902951641212,0.0700724079084287,42.96698326549072,52.07,1,Moderate
2025,Bihar,Social Impact,7.0,0.010204081632653,32.63524026321307,9.256208162890168,0.0007073514020715,11.778902951641212,0.0700724079084287,42.96698326549072,52.07,1,Moderate
2025,Jammu & Kashmir,Food & Beverages,11.0,0.0436507936507936,30.059144685138705,14.020744690430842,0.001219317472529,8.734058672503053,0.0911796868679223,23.33785617367707,51.92,1,Moderate
2025,Rajasthan,Real Estate,15.0,0.0142993326978074,10.891823393038823,1.8797659731447205,0.0006893506172612,9.1368224768257,0.0441855304594216,48.937132519222075,51.89,1,Moderate
2025,Bihar,Finance Technology,19.0,0.0276967930029154,13.48455252486973,9.256208162890168,0.0007073514020715,11.778902951641212,0.0700724079084287,26.594301221166894,51.88,1,Moderate
2025,Uttarakhand,Green Technology,8.0,0.030188679245283,25.99210498948732,3.938861869606192,0.0009030345368114,9.471175009139545,0.0496325455837244,31.75033921302578,51.7,1,Moderate
2025,Karnataka,Architecture Interior Design,22.0,0.0088459991958182,-1.4708018867451211,-1.0626542093374325,0.0009224661113324,12.962539312227705,0.0481290778174793,56.625961103573054,51.57,1,Moderate
2025,Karnataka,Events,14.0,0.0056292722155207,15.867554829548336,-1.0626542093374325,0.0009224661113324,12.962539312227705,0.0481290778174793,64.58616010854817,51.56,1,Moderate
2025,Uttarakhand,Human Resources,7.0,0.0264150943396226,20.507113208761503,3.938861869606192,0.0009030345368114,9.471175009139545,0.0496325455837244,34.37358661239258,51.37,1,Moderate
2025,Uttarakhand,Fashion,7.0,0.0264150943396226,20.507113208761503,3.938861869606192,0.0009030345368114,9.471175009139545,0.0496325455837244,34.37358661239258,51.37,1,Moderate
2025,Tamil Nadu,Travel & Tourism,22.0,0.0127610208816705,19.16803444819315,-1.627674744085328,0.0005951902140233,12.855777513961096,0.0469167874344047,61.51062867480779,51.33,1,Moderate
2025,Karnataka,Security Solutions,25.0,0.0100522718134298,0.0,-1.0626542093374325,0.0009224661113324,12.962539312227705,0.0481290778174793,54.99773857982814,51.29,1,Moderate
2025,Karnataka,Retail,57.0,0.02291917973462,1.8185790714934311,-1.0626542093374325,0.0009224661113324,12.962539312227705,0.0481290778174793,46.630483943916786,51.23,1,Moderate
2025,Karnataka,Logistics,16.0,0.006433453960595,13.30326698854094,-1.0626542093374325,0.0009224661113324,12.962539312227705,0.0481290778174793,61.87245590230665,51.19,1,Moderate
2025,Karnataka,Enterprise Software,52.0,0.020908725371934,-8.101269158731018,-1.0626542093374325,0.0009224661113324,12.962539312227705,0.0481290778174793,47.399366802351885,51.13,1,Moderate
2025,Jammu & Kashmir,Other Specialty Retailers,3.0,0.0119047619047619,44.22495703074083,14.020744690430842,0.001219317472529,8.734058672503053,0.0911796868679223,40.75079149706015,51.11,1,Moderate
2025,Jammu & Kashmir,Fashion,3.0,0.0119047619047619,44.22495703074083,14.020744690430842,0.001219317472529,8.734058672503053,0.0911796868679223,40.75079149706015,51.11,1,Moderate
2025,Jammu & Kashmir,Events,3.0,0.0119047619047619,44.22495703074083,14.020744690430842,0.001219317472529,8.734058672503053,0.0911796868679223,40.75079149706015,51.11,1,Moderate
2025,Jammu & Kashmir,Enterprise Software,3.0,0.0119047619047619,44.22495703074083,14.020744690430842,0.001219317472529,8.734058672503053,0.0911796868679223,40.75079149706015,51.11,1,Moderate
2025,Odisha,Automotive,10.0,0.021505376344086,18.56311014966876,1.0242117102315706,0.0006185567010309,9.35118057090989,0.0488810569918982,32.56445047489824,51.05,1,Moderate
2025,Telangana,Automotive,36.0,0.0214413341274568,-6.470213835438399,6.729794326326077,0.0011335518520643,10.875937761528975,0.0538338533218349,32.47399366802352,51.04,1,Moderate
2025,Rajasthan,Renewable Energy,72.0,0.0686367969494756,21.644039911467992,1.8797659731447205,0.0006893506172612,9.1368224768257,0.0441855304594216,30.12211668928087,51.0,1,Moderate
2025,Bihar,Safety,4.0,0.0058309037900874,58.74010519681994,9.256208162890168,0.0007073514020715,11.778902951641212,0.0700724079084287,49.61555857078245,50.93,1,Moderate
2025,Bihar,Analytics,4.0,0.0058309037900874,58.74010519681994,9.256208162890168,0.0007073514020715,11.778902951641212,0.0700724079084287,49.61555857078245,50.93,1,Moderate
2025,Gujarat,Aeronautics Aerospace & Defence,17.0,0.0065586419753086,-1.8872447186110584,4.337346049570767,0.0011290673868536,10.110849494387985,0.0469623358821563,55.72139303482587,50.9,1,Moderate
2025,Karnataka,Human Resources,49.0,0.0197024527543224,-1.9612921092163504,-1.0626542093374325,0.0009224661113324,12.962539312227705,0.0481290778174793,48.21347806422433,50.7,1,Moderate
2025,Gujarat,Non- Renewable Energy,17.0,0.0065586419753086,-5.273176281409042,4.337346049570767,0.0011290673868536,10.110849494387985,0.0469623358821563,55.72139303482587,50.7,1,Moderate
2025,Tamil Nadu,Renewable Energy,73.0,0.0423433874709976,12.698350957532734,-1.627674744085328,0.0005951902140233,12.855777513961096,0.0469167874344047,49.02758932609679,50.67,1,Moderate
2025,Telangana,Retail,35.0,0.0208457415128052,-1.8352782071564544,6.729794326326077,0.0011335518520643,10.875937761528975,0.0538338533218349,32.79059249208503,50.62,1,Moderate
2025,Andhra Pradesh,Food & Beverages,44.0,0.0633093525179856,22.39034103416604,22.185576696861546,0.0004820410241186,10.399372728226396,0.0573201665219968,26.006331976481235,50.59,1,Moderate
2025,Karnataka,Aeronautics Aerospace & Defence,50.0,0.0201045436268596,-5.367714092436426,-1.0626542093374325,0.0009224661113324,12.962539312227705,0.0481290778174793,48.0325644504749,50.57,1,Moderate
2025,Karnataka,Green Technology,43.0,0.0172899075190993,-7.311703891312737,-1.0626542093374325,0.0009224661113324,12.962539312227705,0.0481290778174793,49.6607869742198,50.54,1,Moderate
2025,Madhya Pradesh,Telecommunication & Networking,12.0,0.0127253446447507,33.88659001643391,1.6432287115958566,0.0006656497214224,10.63610286543446,0.0476732427695397,38.80597014925373,50.45,1,Moderate
2025,Maharashtra,Art & Photography,13.0,0.0029398462234283,-4.658049800559006,-2.7780397840896476,0.001157161474007,9.708209957459356,0.0435596205241435,75.57666214382634,50.41,1,Moderate
2025,Rajasthan,Logistics,7.0,0.0066730219256434,32.63524026321307,1.8797659731447205,0.0006893506172612,9.1368224768257,0.0441855304594216,61.01311623699684,50.37,1,Moderate
2025,Rajasthan,Chemicals,13.0,0.0123927550047664,13.040381433805548,1.8797659731447205,0.0006893506172612,9.1368224768257,0.0441855304594216,51.60560832202624,50.19,1,Moderate
2025,Bihar,Education,48.0,0.0699708454810495,10.064241629820891,9.256208162890168,0.0007073514020715,11.778902951641212,0.0700724079084287,16.28222523744912,50.1,1,Moderate
2025,Rajasthan,Design,3.0,0.0028598665395614,44.22495703074083,1.8797659731447205,0.0006893506172612,9.1368224768257,0.0441855304594216,71.0085933966531,50.07,1,Moderate
2025,Rajasthan,Computer Vision,3.0,0.0028598665395614,44.22495703074083,1.8797659731447205,0.0006893506172612,9.1368224768257,0.0441855304594216,71.0085933966531,50.07,1,Moderate
2025,Maharashtra,Social Network,15.0,0.0033921302578018,-13.279626234163976,-2.7780397840896476,0.001157161474007,9.708209957459356,0.0435596205241435,72.90818634102216,50.05,1,Moderate
2025,Karnataka,Renewable Energy,43.0,0.0172899075190993,3.3081575495288007,-1.0626542093374325,0.0009224661113324,12.962539312227705,0.0481290778174793,49.6607869742198,49.95,0,Moderate
2025,Odisha,IT Services,52.0,0.1118279569892473,1.3159403820177218,1.0242117102315706,0.0006185567010309,9.35118057090989,0.0488810569918982,10.764360018091365,49.93,0,Moderate
2025,Karnataka,Transportation & Storage,22.0,0.0088459991958182,8.974425081854953,-1.0626542093374325,0.0009224661113324,12.962539312227705,0.0481290778174793,56.625961103573054,49.92,0,Moderate
2025,Karnataka,Textiles & Apparel,38.0,0.0152794531564133,2.779188435502311,-1.0626542093374325,0.0009224661113324,12.962539312227705,0.0481290778174793,50.565355042966985,49.87,0,Moderate
2025,Andhra Pradesh,Renewable Energy,19.0,0.0273381294964028,23.85623296301709,22.185576696861546,0.0004820410241186,10.399372728226396,0.0573201665219968,35.41383989145183,49.84,0,Moderate
2025,Telangana,Design,10.0,0.0059559261465157,25.99210498948732,6.729794326326077,0.0011335518520643,10.875937761528975,0.0538338533218349,50.38444142921755,49.83,0,Moderate
2025,Telangana,Internet of Things,15.0,0.0089338892197736,7.721734501594191,6.729794326326077,0.0011335518520643,10.875937761528975,0.0538338533218349,44.27860696517413,49.75,0,Moderate
2025,Madhya Pradesh,IT Services,94.0,0.0996818663838812,1.8386458002493944,1.6432287115958566,0.0006656497214224,10.63610286543446,0.0476732427695397,14.970601537765711,49.67,0,Moderate
2025,Bihar,Logistics,5.0,0.0072886297376093,70.99759466766969,9.256208162890168,0.0007073514020715,11.778902951641212,0.0700724079084287,47.218453188602446,49.62,0,Moderate
2025,Gujarat,House-Hold Services,15.0,0.005787037037037,-9.143970358393016,4.337346049570767,0.0011290673868536,10.110849494387985,0.0469623358821563,58.25418362731796,49.58,0,Moderate
2025,Maharashtra,Pets & Animals,15.0,0.0033921302578018,-4.086270313974749,-2.7780397840896476,0.001157161474007,9.708209957459356,0.0435596205241435,72.90818634102216,49.46,0,Moderate
2025,Odisha,Media & Entertainment,10.0,0.021505376344086,25.99210498948732,1.0242117102315706,0.0006185567010309,9.35118057090989,0.0488810569918982,32.56445047489824,49.46,0,Moderate
2025,Gujarat,Telecommunication & Networking,16.0,0.0061728395061728,2.174590985807079,4.337346049570767,0.0011290673868536,10.110849494387985,0.0469623358821563,57.03301673450927,49.44,0,Moderate
2025,Karnataka,Fashion,42.0,0.0168878166465621,6.265856918261115,-1.0626542093374325,0.0009224661113324,12.962539312227705,0.0481290778174793,49.932157394843955,49.32,0,Moderate
2025,Rajasthan,Toys and Games,5.0,0.0047664442326024,35.72088082974532,1.8797659731447205,0.0006893506172612,9.1368224768257,0.0441855304594216,65.26458616010855,49.26,0,Moderate
2025,Telangana,Social Impact,14.0,0.008338296605122,8.37067626618271,6.729794326326077,0.0011335518520643,10.875937761528975,0.0538338533218349,45.77114427860697,49.13,0,Moderate
2025,Telangana,Waste Management,14.0,0.008338296605122,8.37067626618271,6.729794326326077,0.0011335518520643,10.875937761528975,0.0538338533218349,45.77114427860697,49.13,0,Moderate
2025,Andhra Pradesh,Construction,58.0,0.0834532374100719,18.336844122387276,22.185576696861546,0.0004820410241186,10.399372728226396,0.0573201665219968,23.111714156490272,49.08,0,Moderate
2025,Karnataka,Art & Photography,9.0,0.0036188178528347,8.738037300289214,-1.0626542093374325,0.0009224661113324,12.962539312227705,0.0481290778174793,70.64676616915423,49.05,0,Moderate
2025,Karnataka,Travel & Tourism,36.0,0.0144752714113389,6.265856918261115,-1.0626542093374325,0.0009224661113324,12.962539312227705,0.0481290778174793,51.28900949796472,48.96,0,Moderate
2025,Karnataka,Marketing,34.0,0.0136710896662645,4.260360145884445,-1.0626542093374325,0.0009224661113324,12.962539312227705,0.0481290778174793,51.876978742650394,48.94,0,Moderate
2025,Uttarakhand,Retail,7.0,0.0264150943396226,32.63524026321307,3.938861869606192,0.0009030345368114,9.471175009139545,0.0496325455837244,34.37358661239258,48.9,0,Moderate
2025,Uttarakhand,Textiles & Apparel,7.0,0.0264150943396226,32.63524026321307,3.938861869606192,0.0009030345368114,9.471175009139545,0.0496325455837244,34.37358661239258,48.9,0,Moderate
2025,Telangana,Professional & Commercial Services,47.0,0.0279928528886241,-6.227750569962653,6.729794326326077,0.0011335518520643,10.875937761528975,0.0538338533218349,30.031659882406153,48.8,0,Moderate
2025,Odisha,Agriculture,38.0,0.0817204301075268,9.4280179274302,1.0242117102315706,0.0006185567010309,9.35118057090989,0.0488810569918982,13.930348258706465,48.68,0,Moderate
2025,Telangana,Events,7.0,0.004169148302561,32.63524026321307,6.729794326326077,0.0011335518520643,10.875937761528975,0.0538338533218349,56.3545906829489,48.53,0,Moderate
2025,Gujarat,Security Solutions,18.0,0.0069444444444444,-1.7860974765877446,4.337346049570767,0.0011290673868536,10.110849494387985,0.0469623358821563,54.63591135232926,47.95,0,Moderate
2025,Jammu & Kashmir,Real Estate,4.0,0.0158730158730158,58.74010519681994,14.020744690430842,0.001219317472529,8.734058672503053,0.0911796868679223,37.40388964269561,47.8,0,Moderate
2025,Odisha,Real Estate,8.0,0.0172043010752688,38.672254870126935,1.0242117102315706,0.0006185567010309,9.35118057090989,0.0488810569918982,35.91135232926278,47.74,0,Moderate
2025,Gujarat,Technology Hardware,115.0,0.0443672839506172,-3.506967132979477,4.337346049570767,0.0011290673868536,10.110849494387985,0.0469623358821563,36.40886476707371,47.67,0,Moderate
2025,Gujarat,IT Services,191.0,0.0736882716049382,-3.7191613255157407,4.337346049570767,0.0011290673868536,10.110849494387985,0.0469623358821563,35.052012663952965,47.52,0,Moderate
2025,Maharashtra,Robotics,21.0,0.0047489823609226,-1.5387062487870915,-2.7780397840896476,0.001157161474007,9.708209957459356,0.0435596205241435,67.11895070104026,47.52,0,Moderate
2025,Gujarat,Computer Vision,4.0,0.0015432098765432,10.064241629820891,4.337346049570767,0.0011290673868536,10.110849494387985,0.0469623358821563,76.97874265038445,47.45,0,Moderate
2025,Karnataka,Indic Language Startups,10.0,0.0040209087253719,12.624788044360605,-1.0626542093374325,0.0009224661113324,12.962539312227705,0.0481290778174793,69.19945725915876,47.45,0,Moderate
2025,Maharashtra,Safety,18.0,0.0040705563093622,0.0,-2.7780397840896476,0.001157161474007,9.708209957459356,0.0435596205241435,69.28991406603348,47.39,0,Moderate
2025,Gujarat,Nanotechnology,4.0,0.0015432098765432,25.99210498948732,4.337346049570767,0.0011290673868536,10.110849494387985,0.0469623358821563,76.97874265038445,47.36,0,Moderate
2025,Andhra Pradesh,Waste Management,9.0,0.0129496402877697,44.22495703074083,22.185576696861546,0.0004820410241186,10.399372728226396,0.0573201665219968,47.2636815920398,47.3,0,Moderate
2025,Jammu & Kashmir,Agriculture,20.0,0.0793650793650793,1.724476819110099,14.020744690430842,0.001219317472529,8.734058672503053,0.0911796868679223,13.523292627770235,47.16,0,Moderate
2025,Tamil Nadu,Social Impact,7.0,0.004060324825986,32.63524026321307,-1.627674744085328,0.0005951902140233,12.855777513961096,0.0469167874344047,80.05427408412484,47.03,0,Moderate
2025,Bihar,Food & Beverages,48.0,0.0699708454810495,18.28992229188444,9.256208162890168,0.0007073514020715,11.778902951641212,0.0700724079084287,16.28222523744912,46.95,0,Moderate
2025,Maharashtra,Computer Vision,3.0,0.0006784260515603,14.471424255333186,-2.7780397840896476,0.001157161474007,9.708209957459356,0.0435596205241435,94.9796472184532,46.93,0,Moderate
2025,Bihar,Advertising,8.0,0.0116618075801749,58.74010519681994,9.256208162890168,0.0007073514020715,11.778902951641212,0.0700724079084287,40.34373586612393,46.79,0,Moderate
2025,Gujarat,Architecture Interior Design,16.0,0.0061728395061728,7.166457967424877,4.337346049570767,0.0011290673868536,10.110849494387985,0.0469623358821563,57.03301673450927,46.79,0,Moderate
2025,Telangana,Agriculture,85.0,0.0506253722453841,6.182641647800335,6.729794326326077,0.0011335518520643,10.875937761528975,0.0538338533218349,24.604251469923103,46.76,0,Moderate
2025,Telangana,Education,96.0,0.0571768910065515,6.712357359481946,6.729794326326077,0.0011335518520643,10.875937761528975,0.0538338533218349,23.47354138398914,46.74,0,Moderate
2025,Bihar,Retail,19.0,0.0276967930029154,28.283371042560155,9.256208162890168,0.0007073514020715,11.778902951641212,0.0700724079084287,26.594301221166894,46.69,0,Moderate
2025,Madhya Pradesh,Agriculture,80.0,0.0848356309650053,10.682593040538936,1.6432287115958566,0.0006656497214224,10.63610286543446,0.0476732427695397,15.965626413387602,46.63,0,Moderate
2025,Telangana,Logistics,14.0,0.008338296605122,15.867554829548336,6.729794326326077,0.0011335518520643,10.875937761528975,0.0538338533218349,45.77114427860697,46.55,0,Moderate
2025,Madhya Pradesh,Media & Entertainment,15.0,0.0159066808059384,35.72088082974532,1.6432287115958566,0.0006656497214224,10.63610286543446,0.0476732427695397,35.27815468113975,46.49,0,Moderate
2025,Madhya Pradesh,Other Specialty Retailers,15.0,0.0159066808059384,35.72088082974532,1.6432287115958566,0.0006656497214224,10.63610286543446,0.0476732427695397,35.27815468113975,46.49,0,Moderate
2025,Andhra Pradesh,IT Services,96.0,0.1381294964028777,20.402687581758293,22.185576696861546,0.0004820410241186,10.399372728226396,0.0573201665219968,18.905472636815915,46.45,0,Moderate
2025,Andhra Pradesh,Robotics,8.0,0.0115107913669064,58.74010519681994,22.185576696861546,0.0004820410241186,10.399372728226396,0.0573201665219968,49.16327453640887,46.35,0,Moderate
2025,Rajasthan,Enterprise Software,17.0,0.0162059103908484,19.348319192733697,1.8797659731447205,0.0006893506172612,9.1368224768257,0.0441855304594216,46.404341926729984,46.2,0,Moderate
2025,Maharashtra,Dating Matrimonial,4.0,0.0009045680687471,10.064241629820891,-2.7780397840896476,0.001157161474007,9.708209957459356,0.0435596205241435,91.63274536408866,46.16,0,Moderate
2025,Telangana,Media & Entertainment,26.0,0.015485407980941,9.139288306110592,6.729794326326077,0.0011335518520643,10.875937761528975,0.0538338533218349,35.86612392582542,46.0,0,Moderate
2025,Andhra Pradesh,Aeronautics Aerospace & Defence,15.0,0.0215827338129496,35.72088082974532,22.185576696861546,0.0004820410241186,10.399372728226396,0.0573201665219968,39.7105382180009,45.99,0,Moderate
2025,Telangana,Construction,74.0,0.0440738534842167,1.8695903921873704,6.729794326326077,0.0011335518520643,10.875937761528975,0.0538338533218349,25.237449118046136,45.98,0,Moderate
2025,Telangana,Chemicals,17.0,0.0101250744490768,12.31106834675555,6.729794326326077,0.0011335518520643,10.875937761528975,0.0538338533218349,41.74581637268204,45.76,0,Moderate
2025,Andhra Pradesh,Enterprise Software,13.0,0.018705035971223,63.032441550291594,22.185576696861546,0.0004820410241186,10.399372728226396,0.0573201665219968,42.379014020805066,45.61,0,Moderate
2025,Odisha,Waste Management,8.0,0.0172043010752688,58.74010519681994,1.0242117102315706,0.0006185567010309,9.35118057090989,0.0488810569918982,35.91135232926278,45.38,0,Moderate
2025,Karnataka,Real Estate,53.0,0.0213108162444712,15.948637819501933,-1.0626542093374325,0.0009224661113324,12.962539312227705,0.0481290778174793,47.03753957485301,45.34,0,Moderate
2025,Gujarat,Robotics,9.0,0.0034722222222222,21.644039911467992,4.337346049570767,0.0011290673868536,10.110849494387985,0.0469623358821563,65.80732700135685,45.32,0,Moderate
2025,Gujarat,Events,9.0,0.0034722222222222,21.644039911467992,4.337346049570767,0.0011290673868536,10.110849494387985,0.0469623358821563,65.80732700135685,45.32,0,Moderate
2025,Telangana,Textiles & Apparel,14.0,0.008338296605122,20.507113208761503,6.729794326326077,0.0011335518520643,10.875937761528975,0.0538338533218349,45.77114427860697,45.3,0,Moderate
2025,Telangana,Travel & Tourism,19.0,0.0113162596783799,13.48455252486973,6.729794326326077,0.0011335518520643,10.875937761528975,0.0538338533218349,39.98190863862506,45.27,0,Moderate
2025,Andhra Pradesh,Retail,14.0,0.0201438848920863,51.82944859378311,22.185576696861546,0.0004820410241186,10.399372728226396,0.0573201665219968,41.20307553143375,45.16,0,Moderate
2025,Gujarat,Advertising,10.0,0.003858024691358,7.721734501594191,4.337346049570767,0.0011290673868536,10.110849494387985,0.0469623358821563,64.36001809136138,45.01,0,Moderate
2025,Gujarat,Social Impact,10.0,0.003858024691358,7.721734501594191,4.337346049570767,0.0011290673868536,10.110849494387985,0.0469623358821563,64.36001809136138,45.01,0,Moderate
2025,Gujarat,Chemicals,63.0,0.0243055555555555,-3.451061539437028,4.337346049570767,0.0011290673868536,10.110849494387985,0.0469623358821563,40.886476707372225,44.81,0,Moderate
2025,Gujarat,Media & Entertainment,22.0,0.0084876543209876,-12.64195352637011,4.337346049570767,0.0011290673868536,10.110849494387985,0.0469623358821563,51.78652193577567,44.77,0,Moderate
2025,Rajasthan,Robotics,4.0,0.0038131553860819,58.74010519681994,1.8797659731447205,0.0006893506172612,9.1368224768257,0.0441855304594216,67.66169154228857,44.67,0,Moderate
2025,Gujarat,Renewable Energy,134.0,0.0516975308641975,5.846244030911274,4.337346049570767,0.0011290673868536,10.110849494387985,0.0469623358821563,36.13749434644957,44.48,0,Moderate
2025,Arunachal Pradesh,Construction,6.0,0.24,44.22495703074083,40.572110883624866,0.0006219524330779,11.854407836153168,0.1454475308641975,30.936227951153324,44.47,0,Moderate
2025,Bihar,IT Services,52.0,0.075801749271137,15.21476602058922,9.256208162890168,0.0007073514020715,11.778902951641212,0.0700724079084287,15.19674355495251,44.45,0,Moderate
2025,Gujarat,Education,64.0,0.0246913580246913,-2.9428998718965427,4.337346049570767,0.0011290673868536,10.110849494387985,0.0469623358821563,40.61510628674807,44.35,0,Moderate
2025,Gujarat,Safety,10.0,0.003858024691358,25.99210498948732,4.337346049570767,0.0011290673868536,10.110849494387985,0.0469623358821563,64.36001809136138,44.05,0,Moderate
2025,Gujarat,Green Technology,52.0,0.0200617283950617,-3.013899970482148,4.337346049570767,0.0011290673868536,10.110849494387985,0.0469623358821563,42.5599276345545,43.91,0,Moderate
2025,Gujarat,Finance Technology,60.0,0.0231481481481481,-1.6131853193803058,4.337346049570767,0.0011290673868536,10.110849494387985,0.0469623358821563,41.338760741745816,43.9,0,Moderate
2025,Telangana,Healthcare & Lifesciences,192.0,0.114353782013103,5.394786126088191,6.729794326326077,0.0011335518520643,10.875937761528975,0.0538338533218349,20.94075079149706,43.89,0,Moderate
2025,Tamil Nadu,Logistics,24.0,0.0139211136890951,29.69986344960558,-1.627674744085328,0.0005951902140233,12.855777513961096,0.0469167874344047,60.1990049751244,43.85,0,Moderate
2025,Gujarat,Biotechnology,9.0,0.0034722222222222,14.471424255333186,4.337346049570767,0.0011290673868536,10.110849494387985,0.0469623358821563,65.80732700135685,43.82,0,Moderate
2025,Gujarat,Automotive,62.0,0.0239197530864197,-2.0624464401139964,4.337346049570767,0.0011290673868536,10.110849494387985,0.0469623358821563,41.067390321121664,43.79,0,Moderate
2025,Rajasthan,Media & Entertainment,14.0,0.0133460438512869,20.507113208761503,1.8797659731447205,0.0006893506172612,9.1368224768257,0.0441855304594216,50.42966983265491,43.67,0,Moderate
2025,Telangana,Toys and Games,11.0,0.0065515187611673,40.10196653276936,6.729794326326077,0.0011335518520643,10.875937761528975,0.0538338533218349,48.937132519222075,43.62,0,Moderate
2025,Telangana,Biotechnology,16.0,0.0095294818344252,21.14137285547597,6.729794326326077,0.0011335518520643,10.875937761528975,0.0538338533218349,43.05744007236545,43.49,0,Moderate
2025,Andhra Pradesh,Other Specialty Retailers,9.0,0.0129496402877697,108.0083823051904,22.185576696861546,0.0004820410241186,10.399372728226396,0.0573201665219968,47.2636815920398,43.44,0,Moderate
2025,Gujarat,Agriculture,180.0,0.0694444444444444,3.788414202574586,4.337346049570767,0.0011290673868536,10.110849494387985,0.0469623358821563,35.41383989145183,42.9,0,Moderate
2025,Rajasthan,Analytics,5.0,0.0047664442326024,70.99759466766969,1.8797659731447205,0.0006893506172612,9.1368224768257,0.0441855304594216,65.26458616010855,42.78,0,Moderate
2025,Andhra Pradesh,Human Resources,16.0,0.0230215827338129,38.672254870126935,22.185576696861546,0.0004820410241186,10.399372728226396,0.0573201665219968,38.48937132519222,42.66,0,Moderate
2025,Gujarat,Enterprise Software,32.0,0.0123456790123456,2.174590985807079,4.337346049570767,0.0011290673868536,10.110849494387985,0.0469623358821563,47.71596562641339,42.32,0,Moderate
2025,Gujarat,Retail,36.0,0.0138888888888888,1.9235467531193209,4.337346049570767,0.0011290673868536,10.110849494387985,0.0469623358821563,46.44957033016735,42.24,0,Moderate
2025,Telangana,Food & Beverages,87.0,0.0518165574746873,8.560069654394841,6.729794326326077,0.0011335518520643,10.875937761528975,0.0538338533218349,24.42333785617368,42.23,0,Moderate
2025,Gujarat,Transportation & Storage,31.0,0.0119598765432098,0.0,4.337346049570767,0.0011290673868536,10.110849494387985,0.0469623358821563,48.07779285391226,42.22,0,Moderate
2025,Gujarat,Healthcare & Lifesciences,262.0,0.1010802469135802,1.439988183148233,4.337346049570767,0.0011290673868536,10.110849494387985,0.0469623358821563,34.37358661239258,42.0,0,Moderate
2025,Maharashtra,Internet of Things,32.0,0.0072365445499773,-6.381475844673945,-2.7780397840896476,0.001157161474007,9.708209957459356,0.0435596205241435,62.3699683401176,41.97,0,Moderate
2025,Telangana,Aeronautics Aerospace & Defence,44.0,0.0262060750446694,7.926529166647334,6.729794326326077,0.0011335518520643,10.875937761528975,0.0538338533218349,30.57440072365446,41.84,0,Moderate
2025,Bihar,Construction,134.0,0.19533527696793,10.617337559120866,9.256208162890168,0.0007073514020715,11.778902951641212,0.0700724079084287,8.774310266847579,41.84,0,Moderate
2025,Tamil Nadu,Other Specialty Retailers,24.0,0.0139211136890951,33.88659001643391,-1.627674744085328,0.0005951902140233,12.855777513961096,0.0469167874344047,60.1990049751244,41.74,0,Moderate
2025,Maharashtra,Design,31.0,0.0070104025327905,0.0,-2.7780397840896476,0.001157161474007,9.708209957459356,0.0435596205241435,62.731795567616466,41.56,0,Moderate
2025,Gujarat,Toys and Games,18.0,0.0069444444444444,11.457607795906144,4.337346049570767,0.0011290673868536,10.110849494387985,0.0469623358821563,54.63591135232926,41.52,0,Moderate
2025,Maharashtra,Finance Technology,133.0,0.0300768882858435,-14.661313148206023,-2.7780397840896476,0.001157161474007,9.708209957459356,0.0435596205241435,50.97241067390321,41.49,0,Moderate
2025,Uttarakhand,Construction,23.0,0.0867924528301886,20.94692408966412,3.938861869606192,0.0009030345368114,9.471175009139545,0.0496325455837244,15.061058344640424,41.4,0,Moderate
2025,Telangana,Enterprise Software,40.0,0.0238237045860631,15.441567326431937,6.729794326326077,0.0011335518520643,10.875937761528975,0.0538338533218349,31.43374038896427,41.12,0,Moderate
2025,Jammu & Kashmir,Travel & Tourism,14.0,0.0555555555555555,91.29311827723888,14.020744690430842,0.001219317472529,8.734058672503053,0.0911796868679223,20.171867933061964,41.0,0,Moderate
2025,Rajasthan,Social Impact,17.0,0.0162059103908484,34.41579152532328,1.8797659731447205,0.0006893506172612,9.1368224768257,0.0441855304594216,46.404341926729984,40.99,0,Moderate
2025,Maharashtra,Aeronautics Aerospace & Defence,34.0,0.0076888285843509,-10.230869281653543,-2.7780397840896476,0.001157161474007,9.708209957459356,0.0435596205241435,61.69154228855722,40.85,0,Moderate
2025,Tamil Nadu,AI,96.0,0.0556844547563805,50.78948822583076,-1.627674744085328,0.0005951902140233,12.855777513961096,0.0469167874344047,47.17322478516508,40.68,0,Moderate
2025,Andhra Pradesh,Technology Hardware,22.0,0.0316546762589928,40.10196653276936,22.185576696861546,0.0004820410241186,10.399372728226396,0.0573201665219968,33.242876526458616,40.5,0,Moderate
2025,Telangana,Technology Hardware,49.0,0.0291840381179273,15.260907301461168,6.729794326326077,0.0011335518520643,10.875937761528975,0.0538338533218349,29.39846223428313,40.49,0,Moderate
2025,Maharashtra,Technology Hardware,152.0,0.0343735866123925,-4.769300718637126,-2.7780397840896476,0.001157161474007,9.708209957459356,0.0435596205241435,50.42966983265491,40.36,0,Moderate
2025,Maharashtra,Waste Management,57.0,0.0128900949796472,-3.2810806630399703,-2.7780397840896476,0.001157161474007,9.708209957459356,0.0435596205241435,56.44504748982362,40.24,0,Moderate
2025,Maharashtra,Enterprise Software,64.0,0.0144730890999547,-5.977942735829133,-2.7780397840896476,0.001157161474007,9.708209957459356,0.0435596205241435,55.26910900045229,39.82,0,Low
2025,Maharashtra,Human Resources,76.0,0.0171867933061962,-14.826826920641976,-2.7780397840896476,0.001157161474007,9.708209957459356,0.0435596205241435,53.73134328358209,39.64,0,Low
2025,Maharashtra,Sports,32.0,0.0072365445499773,1.0639096385713032,-2.7780397840896476,0.001157161474007,9.708209957459356,0.0435596205241435,62.3699683401176,39.56,0,Low
2025,Maharashtra,Transportation & Storage,62.0,0.0140208050655811,-8.898412327330064,-2.7780397840896476,0.001157161474007,9.708209957459356,0.0435596205241435,55.72139303482588,39.42,0,Low
2025,Maharashtra,Chemicals,65.0,0.0146992311171415,-3.3518333725167104,-2.7780397840896476,0.001157161474007,9.708209957459356,0.0435596205241435,54.90728177295342,39.36,0,Low
2025,Maharashtra,Marketing,64.0,0.0144730890999547,-7.929173755189045,-2.7780397840896476,0.001157161474007,9.708209957459356,0.0435596205241435,55.26910900045229,39.3,0,Low
2025,Maharashtra,Education,181.0,0.0409317051108095,-7.675510922335027,-2.7780397840896476,0.001157161474007,9.708209957459356,0.0435596205241435,49.977385798281325,39.15,0,Low
2025,Maharashtra,Professional & Commercial Services,192.0,0.0434192672998643,-6.247734914049841,-2.7780397840896476,0.001157161474007,9.708209957459356,0.0435596205241435,49.5703301673451,39.13,0,Low
2025,Odisha,AI,18.0,0.0387096774193548,53.26188647871062,1.0242117102315706,0.0006185567010309,9.35118057090989,0.0488810569918982,22.840343735866124,39.09,0,Low
2025,Bihar,AI,14.0,0.0204081632653061,67.10993116548616,9.256208162890168,0.0007073514020715,11.778902951641212,0.0700724079084287,32.3835368611488,39.01,0,Low
2025,Bihar,Agriculture,61.0,0.0889212827988338,19.218168250677813,9.256208162890168,0.0007073514020715,11.778902951641212,0.0700724079084287,13.839891451831754,38.99,0,Low
2025,Odisha,Social Impact,11.0,0.0236559139784946,76.51741676630314,1.0242117102315706,0.0006185567010309,9.35118057090989,0.0488810569918982,31.117141564902763,38.98,0,Low
2025,Karnataka,Other Specialty Retailers,28.0,0.0112585444310414,29.14320482462449,-1.0626542093374325,0.0009224661113324,12.962539312227705,0.0481290778174793,53.95748530076888,38.53,0,Low
2025,Telangana,House-Hold Services,14.0,0.008338296605122,51.82944859378311,6.729794326326077,0.0011335518520643,10.875937761528975,0.0538338533218349,45.77114427860697,38.51,0,Low
2025,Maharashtra,Agriculture,279.0,0.0630936227951153,-4.665642533743886,-2.7780397840896476,0.001157161474007,9.708209957459356,0.0435596205241435,48.89190411578472,38.49,0,Low
2025,Uttarakhand,AI,9.0,0.0339622641509433,108.0083823051904,3.938861869606192,0.0009030345368114,9.471175009139545,0.0496325455837244,29.850746268656714,38.05,0,Low
2025,Gujarat,Travel & Tourism,37.0,0.0142746913580246,11.07406172153178,4.337346049570767,0.0011290673868536,10.110849494387985,0.0469623358821563,46.04251469923111,37.97,0,Low
2025,Madhya Pradesh,AI,34.0,0.0360551431601272,69.3532851810357,1.6432287115958566,0.0006656497214224,10.63610286543446,0.0476732427695397,24.06151062867481,37.93,0,Low
2025,Maharashtra,House-Hold Services,37.0,0.0083672546359113,3.887332412441835,-2.7780397840896476,0.001157161474007,9.708209957459356,0.0435596205241435,60.69651741293532,37.92,0,Low
2025,Maharashtra,Media & Entertainment,70.0,0.0158299412030755,-5.896397111897144,-2.7780397840896476,0.001157161474007,9.708209957459356,0.0435596205241435,54.31931252826775,37.88,0,Low
2025,Jammu & Kashmir,Education,19.0,0.0753968253968253,46.84780191517228,14.020744690430842,0.001219317472529,8.734058672503053,0.0911796868679223,14.382632293080055,37.85,0,Low
2025,Gujarat,Food & Beverages,140.0,0.0540123456790123,10.77206971090552,4.337346049570767,0.0011290673868536,10.110849494387985,0.0469623358821563,35.86612392582542,37.65,0,Low
2025,Arunachal Pradesh,Agriculture,10.0,0.4,70.99759466766969,40.572110883624866,0.0006219524330779,11.854407836153168,0.1454475308641975,22.61420171867933,37.63,0,Low
2025,Maharashtra,Retail,69.0,0.0156037991858887,-9.143970358393016,-2.7780397840896476,0.001157161474007,9.708209957459356,0.0435596205241435,54.40976933514248,37.63,0,Low
2025,Jammu & Kashmir,IT Services,22.0,0.0873015873015873,11.199004528465784,14.020744690430842,0.001219317472529,8.734058672503053,0.0911796868679223,12.21166892808684,37.62,0,Low
2025,Maharashtra,Green Technology,86.0,0.0194482134780642,-4.260580066027575,-2.7780397840896476,0.001157161474007,9.708209957459356,0.0435596205241435,53.14337403889644,37.54,0,Low
2025,Gujarat,Professional & Commercial Services,190.0,0.0733024691358024,11.790499722613834,4.337346049570767,0.0011290673868536,10.110849494387985,0.0469623358821563,35.14246947082768,37.51,0,Low
2025,West Bengal,Other Specialty Retailers,13.0,0.0143646408839779,48.12480342036851,-3.3369963801700986,0.0005442443603054,9.761862799651745,0.0462750957579987,56.21890547263681,37.49,0,Low
2025,Maharashtra,Healthcare & Lifesciences,446.0,0.1008593396653098,-2.6887243624386437,-2.7780397840896476,0.001157161474007,9.708209957459356,0.0435596205241435,48.53007688828585,37.48,0,Low
2025,Telangana,IT Services,262.0,0.1560452650387135,13.120393055532652,6.729794326326077,0.0011335518520643,10.875937761528975,0.0538338533218349,20.398009950248756,37.33,0,Low
2025,Maharashtra,Automotive,111.0,0.025101763907734,-6.7746253822345555,-2.7780397840896476,0.001157161474007,9.708209957459356,0.0435596205241435,51.15332428765264,37.18,0,Low
2025,Maharashtra,Security Solutions,38.0,0.0085933966530981,4.814946962807354,-2.7780397840896476,0.001157161474007,9.708209957459356,0.0435596205241435,60.379918588873814,37.13,0,Low
2025,Maharashtra,Toys and Games,26.0,0.0058796924468566,20.123329994304417,-2.7780397840896476,0.001157161474007,9.708209957459356,0.0435596205241435,64.49570330167346,37.0,0,Low
2025,West Bengal,AI,23.0,0.0254143646408839,48.66540968452309,-3.3369963801700986,0.0005442443603054,9.761862799651745,0.0462750957579987,46.313885119855264,36.79,0,Low
2025,Maharashtra,Architecture Interior Design,36.0,0.0081411126187245,6.265856918261115,-2.7780397840896476,0.001157161474007,9.708209957459356,0.0435596205241435,61.10357304387156,36.73,0,Low
2025,Maharashtra,IT Services,423.0,0.0956580732700135,-1.8958337719055196,-2.7780397840896476,0.001157161474007,9.708209957459356,0.0435596205241435,48.62053369516056,36.45,0,Low
2025,Maharashtra,Analytics,28.0,0.0063319764812302,20.507113208761503,-2.7780397840896476,0.001157161474007,9.708209957459356,0.0435596205241435,63.77204884667572,36.35,0,Low
2025,Gujarat,Logistics,26.0,0.0100308641975308,15.21476602058922,4.337346049570767,0.0011290673868536,10.110849494387985,0.0469623358821563,49.84170058796924,36.19,0,Low
2025,Gujarat,Marketing,30.0,0.011574074074074,10.891823393038823,4.337346049570767,0.0011290673868536,10.110849494387985,0.0469623358821563,48.43962008141113,35.86,0,Low
2025,Rajasthan,AI,41.0,0.0390848427073403,72.41086201913652,1.8797659731447205,0.0006893506172612,9.1368224768257,0.0441855304594216,35.95658073270013,35.65,0,Low
2025,Gujarat,Fashion,88.0,0.0339506172839506,15.576429093134902,4.337346049570767,0.0011290673868536,10.110849494387985,0.0469623358821563,38.308457711442784,35.51,0,Low
2025,Karnataka,AI,208.0,0.0836349014877362,45.880142011972794,-1.0626542093374325,0.0009224661113324,12.962539312227705,0.0481290778174793,39.529624604251474,35.51,0,Low
2025,Maharashtra,Advertising,37.0,0.0083672546359113,9.735689700133566,-2.7780397840896476,0.001157161474007,9.708209957459356,0.0435596205241435,60.69651741293532,35.46,0,Low
2025,Gujarat,Construction,182.0,0.070216049382716,16.87514935933374,4.337346049570767,0.0011290673868536,10.110849494387985,0.0469623358821563,35.23292627770239,35.38,0,Low
2025,Maharashtra,Construction,228.0,0.0515603799185888,1.197718640592571,-2.7780397840896476,0.001157161474007,9.708209957459356,0.0435596205241435,49.16327453640887,35.04,0,Low
2025,Gujarat,Textiles & Apparel,96.0,0.037037037037037,13.30326698854094,4.337346049570767,0.0011290673868536,10.110849494387985,0.0469623358821563,37.449118046132966,34.95,0,Low
2025,Karnataka,Sports,29.0,0.0116606353035786,38.144978847331615,-1.0626542093374325,0.0009224661113324,12.962539312227705,0.0481290778174793,53.64088647670737,34.94,0,Low
2025,Andhra Pradesh,AI,45.0,0.0647482014388489,85.93942827232803,22.185576696861546,0.0004820410241186,10.399372728226396,0.0573201665219968,25.780189959294436,34.87,0,Low
2025,Madhya Pradesh,Construction,93.0,0.0986214209968186,29.32172759105125,1.6432287115958566,0.0006656497214224,10.63610286543446,0.0476732427695397,15.061058344640424,34.85,0,Low
2025,Jammu & Kashmir,Construction,71.0,0.2817460317460317,17.292044753436684,14.020744690430842,0.001219317472529,8.734058672503053,0.0911796868679223,0.0,34.45,0,Low
2025,Maharashtra,Food & Beverages,324.0,0.073270013568521,3.527100998852428,-2.7780397840896476,0.001157161474007,9.708209957459356,0.0435596205241435,48.80144730890999,34.35,0,Low
2025,Gujarat,Waste Management,43.0,0.0165895061728395,19.814528297901845,4.337346049570767,0.0011290673868536,10.110849494387985,0.0469623358821563,44.82134780642243,33.56,0,Low
2025,Maharashtra,Events,22.0,0.0049751243781094,30.059144685138705,-2.7780397840896476,0.001157161474007,9.708209957459356,0.0435596205241435,66.44052464947988,33.25,0,Low
2025,Maharashtra,Social Impact,42.0,0.0094979647218453,20.507113208761503,-2.7780397840896476,0.001157161474007,9.708209957459356,0.0435596205241435,59.746720940750784,32.7,0,Low
2025,Maharashtra,Renewable Energy,155.0,0.0350520126639529,10.14325403429346,-2.7780397840896476,0.001157161474007,9.708209957459356,0.0435596205241435,50.3392130257802,32.54,0,Low
2025,Gujarat,Human Resources,48.0,0.0185185185185185,25.99210498948732,4.337346049570767,0.0011290673868536,10.110849494387985,0.0469623358821563,43.64540931705111,32.04,0,Low
2025,Andhra Pradesh,Healthcare & Lifesciences,66.0,0.0949640287769784,48.880555295382734,22.185576696861546,0.0004820410241186,10.399372728226396,0.0573201665219968,21.393034825870647,31.71,0,Low
2025,Maharashtra,Real Estate,65.0,0.0146992311171415,9.139288306110592,-2.7780397840896476,0.001157161474007,9.708209957459356,0.0435596205241435,54.90728177295342,31.54,0,Low
2025,Maharashtra,Logistics,52.0,0.0117593848937132,17.566734386037865,-2.7780397840896476,0.001157161474007,9.708209957459356,0.0435596205241435,57.213930348258714,30.76,0,Low
2025,Telangana,Fashion,29.0,0.0172721858248957,38.144978847331615,6.729794326326077,0.0011335518520643,10.875937761528975,0.0538338533218349,34.82587064676616,30.28,0,Low
2025,Telangana,Other Specialty Retailers,22.0,0.0131030375223347,63.864254120129175,6.729794326326077,0.0011335518520643,10.875937761528975,0.0538338533218349,37.810945273631845,29.83,0,Low
2025,Maharashtra,Textiles & Apparel,95.0,0.0214834916327453,12.908478885262076,-2.7780397840896476,0.001157161474007,9.708209957459356,0.0435596205241435,52.46494798733605,29.7,0,Low
2025,Gujarat,Design,20.0,0.007716049382716,115.44346900318838,4.337346049570767,0.0011290673868536,10.110849494387985,0.0469623358821563,53.09814563545907,28.35,0,Low
2025,Maharashtra,Fashion,96.0,0.0217096336499321,16.96070952851465,-2.7780397840896476,0.001157161474007,9.708209957459356,0.0435596205241435,52.10312075983718,28.19,0,Low
2025,Telangana,Renewable Energy,47.0,0.0279928528886241,30.805554970792628,6.729794326326077,0.0011335518520643,10.875937761528975,0.0538338533218349,30.031659882406153,28.1,0,Low
2025,Gujarat,Real Estate,28.0,0.0108024691358024,32.63524026321307,4.337346049570767,0.0011290673868536,10.110849494387985,0.0469623358821563,49.11804613297151,27.9,0,Low
2025,Maharashtra,Travel & Tourism,72.0,0.0162822252374491,21.644039911467992,-2.7780397840896476,0.001157161474007,9.708209957459356,0.0435596205241435,54.09317051108097,26.9,0,Low
2025,Maharashtra,Biotechnology,30.0,0.0067842605156037,35.72088082974532,-2.7780397840896476,0.001157161474007,9.708209957459356,0.0435596205241435,63.093622795115344,26.71,0,Low
2025,Gujarat,Other Specialty Retailers,66.0,0.0254629629629629,51.44796595961401,4.337346049570767,0.0011290673868536,10.110849494387985,0.0469623358821563,39.9366802351877,23.84,0,Low
2025,Gujarat,AI,64.0,0.0246913580246913,70.11614811319606,4.337346049570767,0.0011290673868536,10.110849494387985,0.0469623358821563,40.61510628674807,23.78,0,Low
2025,Maharashtra,Other Specialty Retailers,59.0,0.0133423790140208,31.409336113182572,-2.7780397840896476,0.001157161474007,9.708209957459356,0.0435596205241435,56.17367706919946,23.74,0,Low
2025,Telangana,AI,109.0,0.064919594997022,79.01563594532087,6.729794326326077,0.0011335518520643,10.875937761528975,0.0538338533218349,22.659430122116692,21.92,0,Low
2025,Maharashtra,AI,156.0,0.0352781546811397,43.31211639151724,-2.7780397840896476,0.001157161474007,9.708209957459356,0.0435596205241435,50.24875621890548,21.59,0,Low
